"lect_nr_provincia"	"lect_nr_municipio"	"lect_nr_estacion"	"lect_nr_estacion_long"	"lect_nr_magnitud"	"lect_tx_punto_muestreo"	"lect_nr_lectura"	"lect_cd_verificada"	"lect_dt_timestamp"
28	79	8	28079008	9	"28079008_9_47"	4.000	"V"	"2026-08-26 23:00:00"
28	79	8	28079008	8	"28079008_8_8"	8.000	"V"	"2026-08-26 23:00:00"
28	79	8	28079008	7	"28079008_7_8"	0.000	"V"	"2026-08-26 23:00:00"
28	79	8	28079008	6	"28079008_6_48"	0.200	"V"	"2026-08-26 23:00:00"
28	79	8	28079008	35	"28079008_35_59"	0.200	"V"	"2026-08-26 23:00:00"
28	79	8	28079008	30	"28079008_30_59"	0.200	"V"	"2026-08-26 23:00:00"
28	79	8	28079008	20	"28079008_20_59"	1.000	"V"	"2026-08-26 23:00:00"
28	79	8	28079008	14	"28079008_14_6"	80.000	"V"	"2026-08-26 23:00:00"
28	79	8	28079008	12	"28079008_12_8"	8.000	"V"	"2026-08-26 23:00:00"
28	79	8	28079008	10	"28079008_10_47"	20.000	"V"	"2026-08-26 23:00:00"
28	79	8	28079008	1	"28079008_1_38"	2.000	"V"	"2026-08-26 23:00:00"
28	79	60	28079060	9	"28079060_9_A"	5.000	"V"	"2026-08-26 23:00:00"
28	79	60	28079060	8	"28079060_8_8"	6.000	"V"	"2026-08-26 23:00:00"
28	79	60	28079060	7	"28079060_7_8"	0.000	"V"	"2026-08-26 23:00:00"
28	79	60	28079060	14	"28079060_14_6"	87.000	"V"	"2026-08-26 23:00:00"
28	79	60	28079060	12	"28079060_12_8"	6.000	"V"	"2026-08-26 23:00:00"
28	79	60	28079060	10	"28079060_10_47"	12.000	"V"	"2026-08-26 23:00:00"
28	79	59	28079059	8	"28079059_8_8"	7.000	"V"	"2026-08-26 23:00:00"
28	79	59	28079059	7	"28079059_7_8"	1.000	"V"	"2026-08-26 23:00:00"
28	79	59	28079059	14	"28079059_14_6"	84.000	"V"	"2026-08-26 23:00:00"
28	79	59	28079059	12	"28079059_12_8"	9.000	"V"	"2026-08-26 23:00:00"
28	79	58	28079058	8	"28079058_8_8"	1.000	"V"	"2026-08-26 23:00:00"
28	79	58	28079058	7	"28079058_7_8"	0.000	"V"	"2026-08-26 23:00:00"
28	79	58	28079058	14	"28079058_14_6"	92.000	"V"	"2026-08-26 23:00:00"
28	79	58	28079058	12	"28079058_12_8"	1.000	"V"	"2026-08-26 23:00:00"
28	79	57	28079057	9	"28079057_9_A"	5.000	"V"	"2026-08-26 23:00:00"
28	79	57	28079057	8	"28079057_8_8"	5.000	"V"	"2026-08-26 23:00:00"
28	79	57	28079057	7	"28079057_7_8"	1.000	"V"	"2026-08-26 23:00:00"
28	79	57	28079057	12	"28079057_12_8"	6.000	"V"	"2026-08-26 23:00:00"
28	79	57	28079057	10	"28079057_10_47"	13.000	"V"	"2026-08-26 23:00:00"
28	79	56	28079056	9	"28079056_9_47"	14.000	"V"	"2026-08-26 23:00:00"
28	79	56	28079056	8	"28079056_8_8"	10.000	"V"	"2026-08-26 23:00:00"
28	79	56	28079056	7	"28079056_7_8"	1.000	"V"	"2026-08-26 23:00:00"
28	79	56	28079056	6	"28079056_6_48"	0.100	"V"	"2026-08-26 23:00:00"
28	79	56	28079056	12	"28079056_12_8"	12.000	"V"	"2026-08-26 23:00:00"
28	79	56	28079056	10	"28079056_10_47"	33.000	"V"	"2026-08-26 23:00:00"
28	79	54	28079054	9	"28079054_9_A"	4.000	"V"	"2026-08-26 23:00:00"
28	79	54	28079054	8	"28079054_8_8"	9.000	"V"	"2026-08-26 23:00:00"
28	79	54	28079054	7	"28079054_7_8"	1.000	"V"	"2026-08-26 23:00:00"
28	79	54	28079054	14	"28079054_14_6"	77.000	"V"	"2026-08-26 23:00:00"
28	79	54	28079054	12	"28079054_12_8"	10.000	"V"	"2026-08-26 23:00:00"
28	79	54	28079054	10	"28079054_10_A"	15.000	"V"	"2026-08-26 23:00:00"
28	79	50	28079050	9	"28079050_9_47"	4.000	"V"	"2026-08-26 23:00:00"
28	79	50	28079050	8	"28079050_8_8"	11.000	"V"	"2026-08-26 23:00:00"
28	79	50	28079050	7	"28079050_7_8"	2.000	"V"	"2026-08-26 23:00:00"
28	79	50	28079050	12	"28079050_12_8"	14.000	"V"	"2026-08-26 23:00:00"
28	79	50	28079050	10	"28079050_10_47"	14.000	"V"	"2026-08-26 23:00:00"
28	79	49	28079049	8	"28079049_8_8"	4.000	"V"	"2026-08-26 23:00:00"
28	79	49	28079049	7	"28079049_7_8"	0.000	"V"	"2026-08-26 23:00:00"
28	79	49	28079049	14	"28079049_14_6"	86.000	"V"	"2026-08-26 23:00:00"
28	79	49	28079049	12	"28079049_12_8"	5.000	"V"	"2026-08-26 23:00:00"
28	79	48	28079048	9	"28079048_9_47"	5.000	"V"	"2026-08-26 23:00:00"
28	79	48	28079048	8	"28079048_8_8"	2.000	"V"	"2026-08-26 23:00:00"
28	79	48	28079048	7	"28079048_7_8"	0.000	"V"	"2026-08-26 23:00:00"
28	79	48	28079048	12	"28079048_12_8"	2.000	"V"	"2026-08-26 23:00:00"
28	79	48	28079048	10	"28079048_10_47"	16.000	"V"	"2026-08-26 23:00:00"
28	79	47	28079047	9	"28079047_9_47"	5.000	"V"	"2026-08-26 23:00:00"
28	79	47	28079047	8	"28079047_8_8"	5.000	"V"	"2026-08-26 23:00:00"
28	79	47	28079047	7	"28079047_7_8"	0.000	"V"	"2026-08-26 23:00:00"
28	79	47	28079047	12	"28079047_12_8"	5.000	"V"	"2026-08-26 23:00:00"
28	79	47	28079047	10	"28079047_10_47"	18.000	"V"	"2026-08-26 23:00:00"
28	79	40	28079040	8	"28079040_8_8"	12.000	"V"	"2026-08-26 23:00:00"
28	79	40	28079040	7	"28079040_7_8"	1.000	"V"	"2026-08-26 23:00:00"
28	79	40	28079040	12	"28079040_12_8"	13.000	"V"	"2026-08-26 23:00:00"
28	79	40	28079040	10	"28079040_10_47"	27.000	"V"	"2026-08-26 23:00:00"
28	79	4	28079004	9	"28079004_9_A"	7.000	"V"	"2026-08-26 23:00:00"
28	79	4	28079004	8	"28079004_8_8"	9.000	"V"	"2026-08-26 23:00:00"
28	79	4	28079004	7	"28079004_7_8"	1.000	"V"	"2026-08-26 23:00:00"
28	79	4	28079004	6	"28079004_6_48"	0.200	"V"	"2026-08-26 23:00:00"
28	79	4	28079004	12	"28079004_12_8"	9.000	"V"	"2026-08-26 23:00:00"
28	79	4	28079004	10	"28079004_10_A"	22.000	"V"	"2026-08-26 23:00:00"
28	79	39	28079039	8	"28079039_8_8"	4.000	"V"	"2026-08-26 23:00:00"
28	79	39	28079039	7	"28079039_7_8"	0.000	"V"	"2026-08-26 23:00:00"
28	79	39	28079039	14	"28079039_14_6"	81.000	"V"	"2026-08-26 23:00:00"
28	79	39	28079039	12	"28079039_12_8"	4.000	"V"	"2026-08-26 23:00:00"
28	79	38	28079038	9	"28079038_9_47"	10.000	"V"	"2026-08-26 23:00:00"
28	79	38	28079038	8	"28079038_8_8"	6.000	"V"	"2026-08-26 23:00:00"
28	79	38	28079038	7	"28079038_7_8"	0.000	"V"	"2026-08-26 23:00:00"
28	79	38	28079038	35	"28079038_35_59"	0.100	"V"	"2026-08-26 23:00:00"
28	79	38	28079038	30	"28079038_30_59"	0.400	"V"	"2026-08-26 23:00:00"
28	79	38	28079038	20	"28079038_20_59"	0.900	"V"	"2026-08-26 23:00:00"
28	79	38	28079038	12	"28079038_12_8"	7.000	"V"	"2026-08-26 23:00:00"
28	79	38	28079038	10	"28079038_10_47"	20.000	"V"	"2026-08-26 23:00:00"
28	79	36	28079036	8	"28079036_8_8"	7.000	"V"	"2026-08-26 23:00:00"
28	79	36	28079036	7	"28079036_7_8"	0.000	"V"	"2026-08-26 23:00:00"
28	79	36	28079036	12	"28079036_12_8"	7.000	"V"	"2026-08-26 23:00:00"
28	79	36	28079036	10	"28079036_10_47"	14.000	"V"	"2026-08-26 23:00:00"
28	79	36	28079036	1	"28079036_1_38"	2.000	"V"	"2026-08-26 23:00:00"
28	79	35	28079035	8	"28079035_8_8"	10.000	"V"	"2026-08-26 23:00:00"
28	79	35	28079035	7	"28079035_7_8"	2.000	"V"	"2026-08-26 23:00:00"
28	79	35	28079035	6	"28079035_6_48"	0.200	"V"	"2026-08-26 23:00:00"
28	79	35	28079035	14	"28079035_14_6"	79.000	"V"	"2026-08-26 23:00:00"
28	79	35	28079035	12	"28079035_12_8"	13.000	"V"	"2026-08-26 23:00:00"
28	79	35	28079035	1	"28079035_1_38"	4.000	"V"	"2026-08-26 23:00:00"
28	79	27	28079027	8	"28079027_8_8"	5.000	"V"	"2026-08-26 23:00:00"
28	79	27	28079027	7	"28079027_7_8"	1.000	"V"	"2026-08-26 23:00:00"
28	79	27	28079027	14	"28079027_14_6"	86.000	"V"	"2026-08-26 23:00:00"
28	79	27	28079027	12	"28079027_12_8"	6.000	"V"	"2026-08-26 23:00:00"
28	79	24	28079024	9	"28079024_9_47"	5.000	"V"	"2026-08-26 23:00:00"
28	79	24	28079024	8	"28079024_8_8"	0.000	"V"	"2026-08-26 23:00:00"
28	79	24	28079024	7	"28079024_7_8"	1.000	"V"	"2026-08-26 23:00:00"
28	79	24	28079024	14	"28079024_14_6"	89.000	"V"	"2026-08-26 23:00:00"
28	79	24	28079024	12	"28079024_12_8"	1.000	"V"	"2026-08-26 23:00:00"
28	79	24	28079024	10	"28079024_10_47"	13.000	"V"	"2026-08-26 23:00:00"
28	79	18	28079018	8	"28079018_8_8"	7.000	"V"	"2026-08-26 23:00:00"
28	79	18	28079018	7	"28079018_7_8"	0.000	"V"	"2026-08-26 23:00:00"
28	79	18	28079018	35	"28079018_35_59"	0.500	"V"	"2026-08-26 23:00:00"
28	79	18	28079018	30	"28079018_30_59"	0.100	"V"	"2026-08-26 23:00:00"
28	79	18	28079018	20	"28079018_20_59"	0.400	"V"	"2026-08-26 23:00:00"
28	79	18	28079018	14	"28079018_14_6"	77.000	"V"	"2026-08-26 23:00:00"
28	79	18	28079018	12	"28079018_12_8"	7.000	"V"	"2026-08-26 23:00:00"
28	79	17	28079017	8	"28079017_8_8"	8.000	"V"	"2026-08-26 23:00:00"
28	79	18	28079018	10	"28079018_10_47"	12.000	"V"	"2026-08-26 23:00:00"
28	79	17	28079017	7	"28079017_7_8"	1.000	"V"	"2026-08-26 23:00:00"
28	79	17	28079017	14	"28079017_14_6"	81.000	"V"	"2026-08-26 23:00:00"
28	79	17	28079017	12	"28079017_12_8"	9.000	"V"	"2026-08-26 23:00:00"
28	79	16	28079016	8	"28079016_8_8"	5.000	"V"	"2026-08-26 23:00:00"
28	79	16	28079016	7	"28079016_7_8"	0.000	"V"	"2026-08-26 23:00:00"
28	79	16	28079016	14	"28079016_14_6"	85.000	"V"	"2026-08-26 23:00:00"
28	79	16	28079016	12	"28079016_12_8"	6.000	"V"	"2026-08-26 23:00:00"
28	79	11	28079011	8	"28079011_8_8"	6.000	"V"	"2026-08-26 23:00:00"
28	79	11	28079011	7	"28079011_7_8"	1.000	"V"	"2026-08-26 23:00:00"
28	79	11	28079011	12	"28079011_12_8"	8.000	"V"	"2026-08-26 23:00:00"
28	79	8	28079008	9	"28079008_9_47"	7.000	"V"	"2026-08-26 22:00:00"
28	79	8	28079008	8	"28079008_8_8"	9.000	"V"	"2026-08-26 22:00:00"
28	79	8	28079008	7	"28079008_7_8"	0.000	"V"	"2026-08-26 22:00:00"
28	79	8	28079008	6	"28079008_6_48"	0.200	"V"	"2026-08-26 22:00:00"
28	79	8	28079008	35	"28079008_35_59"	0.300	"V"	"2026-08-26 22:00:00"
28	79	8	28079008	30	"28079008_30_59"	0.200	"V"	"2026-08-26 22:00:00"
28	79	8	28079008	20	"28079008_20_59"	1.400	"V"	"2026-08-26 22:00:00"
28	79	8	28079008	14	"28079008_14_6"	83.000	"V"	"2026-08-26 22:00:00"
28	79	8	28079008	12	"28079008_12_8"	9.000	"V"	"2026-08-26 22:00:00"
28	79	8	28079008	10	"28079008_10_47"	27.000	"V"	"2026-08-26 22:00:00"
28	79	8	28079008	1	"28079008_1_38"	2.000	"V"	"2026-08-26 22:00:00"
28	79	60	28079060	9	"28079060_9_A"	5.000	"V"	"2026-08-26 22:00:00"
28	79	60	28079060	8	"28079060_8_8"	5.000	"V"	"2026-08-26 22:00:00"
28	79	60	28079060	7	"28079060_7_8"	0.000	"V"	"2026-08-26 22:00:00"
28	79	60	28079060	14	"28079060_14_6"	88.000	"V"	"2026-08-26 22:00:00"
28	79	60	28079060	12	"28079060_12_8"	6.000	"V"	"2026-08-26 22:00:00"
28	79	60	28079060	10	"28079060_10_47"	12.000	"V"	"2026-08-26 22:00:00"
28	79	59	28079059	8	"28079059_8_8"	8.000	"V"	"2026-08-26 22:00:00"
28	79	59	28079059	7	"28079059_7_8"	1.000	"V"	"2026-08-26 22:00:00"
28	79	59	28079059	14	"28079059_14_6"	86.000	"V"	"2026-08-26 22:00:00"
28	79	59	28079059	12	"28079059_12_8"	9.000	"V"	"2026-08-26 22:00:00"
28	79	58	28079058	8	"28079058_8_8"	2.000	"V"	"2026-08-26 22:00:00"
28	79	58	28079058	7	"28079058_7_8"	0.000	"V"	"2026-08-26 22:00:00"
28	79	58	28079058	14	"28079058_14_6"	92.000	"V"	"2026-08-26 22:00:00"
28	79	58	28079058	12	"28079058_12_8"	2.000	"V"	"2026-08-26 22:00:00"
28	79	57	28079057	9	"28079057_9_A"	3.000	"V"	"2026-08-26 22:00:00"
28	79	57	28079057	8	"28079057_8_8"	6.000	"V"	"2026-08-26 22:00:00"
28	79	57	28079057	7	"28079057_7_8"	1.000	"V"	"2026-08-26 22:00:00"
28	79	57	28079057	12	"28079057_12_8"	7.000	"V"	"2026-08-26 22:00:00"
28	79	57	28079057	10	"28079057_10_47"	11.000	"V"	"2026-08-26 22:00:00"
28	79	56	28079056	9	"28079056_9_47"	16.000	"V"	"2026-08-26 22:00:00"
28	79	56	28079056	8	"28079056_8_8"	17.000	"V"	"2026-08-26 22:00:00"
28	79	56	28079056	7	"28079056_7_8"	5.000	"V"	"2026-08-26 22:00:00"
28	79	56	28079056	6	"28079056_6_48"	0.200	"V"	"2026-08-26 22:00:00"
28	79	56	28079056	12	"28079056_12_8"	24.000	"V"	"2026-08-26 22:00:00"
28	79	56	28079056	10	"28079056_10_47"	39.000	"V"	"2026-08-26 22:00:00"
28	79	54	28079054	9	"28079054_9_A"	9.000	"V"	"2026-08-26 22:00:00"
28	79	54	28079054	8	"28079054_8_8"	7.000	"V"	"2026-08-26 22:00:00"
28	79	54	28079054	7	"28079054_7_8"	1.000	"V"	"2026-08-26 22:00:00"
28	79	54	28079054	14	"28079054_14_6"	81.000	"V"	"2026-08-26 22:00:00"
28	79	54	28079054	12	"28079054_12_8"	8.000	"V"	"2026-08-26 22:00:00"
28	79	54	28079054	10	"28079054_10_A"	22.000	"V"	"2026-08-26 22:00:00"
28	79	50	28079050	9	"28079050_9_47"	8.000	"V"	"2026-08-26 22:00:00"
28	79	50	28079050	8	"28079050_8_8"	14.000	"V"	"2026-08-26 22:00:00"
28	79	50	28079050	7	"28079050_7_8"	4.000	"V"	"2026-08-26 22:00:00"
28	79	50	28079050	12	"28079050_12_8"	20.000	"V"	"2026-08-26 22:00:00"
28	79	50	28079050	10	"28079050_10_47"	19.000	"V"	"2026-08-26 22:00:00"
28	79	49	28079049	8	"28079049_8_8"	5.000	"V"	"2026-08-26 22:00:00"
28	79	49	28079049	7	"28079049_7_8"	0.000	"V"	"2026-08-26 22:00:00"
28	79	49	28079049	14	"28079049_14_6"	87.000	"V"	"2026-08-26 22:00:00"
28	79	49	28079049	12	"28079049_12_8"	5.000	"V"	"2026-08-26 22:00:00"
28	79	48	28079048	9	"28079048_9_47"	7.000	"V"	"2026-08-26 22:00:00"
28	79	48	28079048	8	"28079048_8_8"	4.000	"V"	"2026-08-26 22:00:00"
28	79	48	28079048	7	"28079048_7_8"	0.000	"V"	"2026-08-26 22:00:00"
28	79	48	28079048	12	"28079048_12_8"	4.000	"V"	"2026-08-26 22:00:00"
28	79	48	28079048	10	"28079048_10_47"	20.000	"V"	"2026-08-26 22:00:00"
28	79	47	28079047	9	"28079047_9_47"	6.000	"V"	"2026-08-26 22:00:00"
28	79	47	28079047	8	"28079047_8_8"	6.000	"V"	"2026-08-26 22:00:00"
28	79	47	28079047	7	"28079047_7_8"	0.000	"V"	"2026-08-26 22:00:00"
28	79	47	28079047	12	"28079047_12_8"	7.000	"V"	"2026-08-26 22:00:00"
28	79	47	28079047	10	"28079047_10_47"	18.000	"V"	"2026-08-26 22:00:00"
28	79	40	28079040	8	"28079040_8_8"	13.000	"V"	"2026-08-26 22:00:00"
28	79	40	28079040	7	"28079040_7_8"	2.000	"V"	"2026-08-26 22:00:00"
28	79	40	28079040	12	"28079040_12_8"	16.000	"V"	"2026-08-26 22:00:00"
28	79	40	28079040	10	"28079040_10_47"	32.000	"V"	"2026-08-26 22:00:00"
28	79	4	28079004	9	"28079004_9_A"	9.000	"V"	"2026-08-26 22:00:00"
28	79	4	28079004	8	"28079004_8_8"	9.000	"V"	"2026-08-26 22:00:00"
28	79	4	28079004	7	"28079004_7_8"	1.000	"V"	"2026-08-26 22:00:00"
28	79	4	28079004	6	"28079004_6_48"	0.200	"V"	"2026-08-26 22:00:00"
28	79	4	28079004	12	"28079004_12_8"	10.000	"V"	"2026-08-26 22:00:00"
28	79	4	28079004	10	"28079004_10_A"	33.000	"V"	"2026-08-26 22:00:00"
28	79	39	28079039	8	"28079039_8_8"	5.000	"V"	"2026-08-26 22:00:00"
28	79	39	28079039	7	"28079039_7_8"	0.000	"V"	"2026-08-26 22:00:00"
28	79	39	28079039	14	"28079039_14_6"	81.000	"V"	"2026-08-26 22:00:00"
28	79	39	28079039	12	"28079039_12_8"	5.000	"V"	"2026-08-26 22:00:00"
28	79	38	28079038	9	"28079038_9_47"	10.000	"V"	"2026-08-26 22:00:00"
28	79	38	28079038	8	"28079038_8_8"	16.000	"V"	"2026-08-26 22:00:00"
28	79	38	28079038	7	"28079038_7_8"	2.000	"V"	"2026-08-26 22:00:00"
28	79	38	28079038	35	"28079038_35_59"	0.100	"V"	"2026-08-26 22:00:00"
28	79	38	28079038	30	"28079038_30_59"	0.700	"V"	"2026-08-26 22:00:00"
28	79	38	28079038	20	"28079038_20_59"	1.200	"V"	"2026-08-26 22:00:00"
28	79	38	28079038	12	"28079038_12_8"	19.000	"V"	"2026-08-26 22:00:00"
28	79	38	28079038	10	"28079038_10_47"	21.000	"V"	"2026-08-26 22:00:00"
28	79	36	28079036	8	"28079036_8_8"	8.000	"V"	"2026-08-26 22:00:00"
28	79	36	28079036	7	"28079036_7_8"	0.000	"V"	"2026-08-26 22:00:00"
28	79	36	28079036	12	"28079036_12_8"	9.000	"V"	"2026-08-26 22:00:00"
28	79	36	28079036	1	"28079036_1_38"	2.000	"V"	"2026-08-26 22:00:00"
28	79	35	28079035	8	"28079035_8_8"	10.000	"V"	"2026-08-26 22:00:00"
28	79	35	28079035	7	"28079035_7_8"	1.000	"V"	"2026-08-26 22:00:00"
28	79	35	28079035	6	"28079035_6_48"	0.200	"V"	"2026-08-26 22:00:00"
28	79	35	28079035	14	"28079035_14_6"	82.000	"V"	"2026-08-26 22:00:00"
28	79	35	28079035	12	"28079035_12_8"	12.000	"V"	"2026-08-26 22:00:00"
28	79	35	28079035	1	"28079035_1_38"	4.000	"V"	"2026-08-26 22:00:00"
28	79	27	28079027	8	"28079027_8_8"	5.000	"V"	"2026-08-26 22:00:00"
28	79	27	28079027	7	"28079027_7_8"	1.000	"V"	"2026-08-26 22:00:00"
28	79	27	28079027	14	"28079027_14_6"	87.000	"V"	"2026-08-26 22:00:00"
28	79	27	28079027	12	"28079027_12_8"	7.000	"V"	"2026-08-26 22:00:00"
28	79	24	28079024	9	"28079024_9_47"	8.000	"V"	"2026-08-26 22:00:00"
28	79	24	28079024	8	"28079024_8_8"	0.000	"V"	"2026-08-26 22:00:00"
28	79	24	28079024	7	"28079024_7_8"	1.000	"V"	"2026-08-26 22:00:00"
28	79	24	28079024	12	"28079024_12_8"	1.000	"V"	"2026-08-26 22:00:00"
28	79	24	28079024	10	"28079024_10_47"	17.000	"V"	"2026-08-26 22:00:00"
28	79	18	28079018	8	"28079018_8_8"	8.000	"V"	"2026-08-26 22:00:00"
28	79	18	28079018	7	"28079018_7_8"	0.000	"V"	"2026-08-26 22:00:00"
28	79	36	28079036	10	"28079036_10_47"	14.000	"V"	"2026-08-26 22:00:00"
28	79	24	28079024	14	"28079024_14_6"	90.000	"V"	"2026-08-26 22:00:00"
28	79	18	28079018	35	"28079018_35_59"	0.500	"V"	"2026-08-26 22:00:00"
28	79	18	28079018	30	"28079018_30_59"	0.100	"V"	"2026-08-26 22:00:00"
28	79	18	28079018	20	"28079018_20_59"	0.500	"V"	"2026-08-26 22:00:00"
28	79	18	28079018	14	"28079018_14_6"	78.000	"V"	"2026-08-26 22:00:00"
28	79	18	28079018	12	"28079018_12_8"	8.000	"V"	"2026-08-26 22:00:00"
28	79	17	28079017	8	"28079017_8_8"	15.000	"V"	"2026-08-26 22:00:00"
28	79	18	28079018	10	"28079018_10_47"	14.000	"V"	"2026-08-26 22:00:00"
28	79	17	28079017	7	"28079017_7_8"	2.000	"V"	"2026-08-26 22:00:00"
28	79	17	28079017	14	"28079017_14_6"	77.000	"V"	"2026-08-26 22:00:00"
28	79	17	28079017	12	"28079017_12_8"	17.000	"V"	"2026-08-26 22:00:00"
28	79	16	28079016	8	"28079016_8_8"	5.000	"V"	"2026-08-26 22:00:00"
28	79	16	28079016	7	"28079016_7_8"	0.000	"V"	"2026-08-26 22:00:00"
28	79	16	28079016	14	"28079016_14_6"	87.000	"V"	"2026-08-26 22:00:00"
28	79	16	28079016	12	"28079016_12_8"	6.000	"V"	"2026-08-26 22:00:00"
28	79	11	28079011	8	"28079011_8_8"	7.000	"V"	"2026-08-26 22:00:00"
28	79	11	28079011	7	"28079011_7_8"	0.000	"V"	"2026-08-26 22:00:00"
28	79	11	28079011	12	"28079011_12_8"	7.000	"V"	"2026-08-26 22:00:00"
28	79	8	28079008	9	"28079008_9_47"	6.000	"V"	"2026-08-26 21:00:00"
28	79	8	28079008	8	"28079008_8_8"	9.000	"V"	"2026-08-26 21:00:00"
28	79	8	28079008	7	"28079008_7_8"	0.000	"V"	"2026-08-26 21:00:00"
28	79	8	28079008	6	"28079008_6_48"	0.200	"V"	"2026-08-26 21:00:00"
28	79	8	28079008	35	"28079008_35_59"	0.200	"V"	"2026-08-26 21:00:00"
28	79	8	28079008	30	"28079008_30_59"	0.300	"V"	"2026-08-26 21:00:00"
28	79	8	28079008	20	"28079008_20_59"	1.500	"V"	"2026-08-26 21:00:00"
28	79	8	28079008	14	"28079008_14_6"	84.000	"V"	"2026-08-26 21:00:00"
28	79	8	28079008	12	"28079008_12_8"	9.000	"V"	"2026-08-26 21:00:00"
28	79	8	28079008	10	"28079008_10_47"	26.000	"V"	"2026-08-26 21:00:00"
28	79	8	28079008	1	"28079008_1_38"	2.000	"V"	"2026-08-26 21:00:00"
28	79	60	28079060	9	"28079060_9_A"	6.000	"V"	"2026-08-26 21:00:00"
28	79	60	28079060	8	"28079060_8_8"	7.000	"V"	"2026-08-26 21:00:00"
28	79	60	28079060	7	"28079060_7_8"	0.000	"V"	"2026-08-26 21:00:00"
28	79	60	28079060	14	"28079060_14_6"	90.000	"V"	"2026-08-26 21:00:00"
28	79	60	28079060	12	"28079060_12_8"	7.000	"V"	"2026-08-26 21:00:00"
28	79	60	28079060	10	"28079060_10_47"	15.000	"V"	"2026-08-26 21:00:00"
28	79	59	28079059	8	"28079059_8_8"	7.000	"V"	"2026-08-26 21:00:00"
28	79	59	28079059	7	"28079059_7_8"	1.000	"V"	"2026-08-26 21:00:00"
28	79	59	28079059	14	"28079059_14_6"	90.000	"V"	"2026-08-26 21:00:00"
28	79	59	28079059	12	"28079059_12_8"	9.000	"V"	"2026-08-26 21:00:00"
28	79	58	28079058	8	"28079058_8_8"	2.000	"V"	"2026-08-26 21:00:00"
28	79	58	28079058	7	"28079058_7_8"	0.000	"V"	"2026-08-26 21:00:00"
28	79	58	28079058	14	"28079058_14_6"	95.000	"V"	"2026-08-26 21:00:00"
28	79	58	28079058	12	"28079058_12_8"	3.000	"V"	"2026-08-26 21:00:00"
28	79	57	28079057	9	"28079057_9_A"	11.000	"V"	"2026-08-26 21:00:00"
28	79	57	28079057	8	"28079057_8_8"	6.000	"V"	"2026-08-26 21:00:00"
28	79	57	28079057	7	"28079057_7_8"	1.000	"V"	"2026-08-26 21:00:00"
28	79	57	28079057	12	"28079057_12_8"	8.000	"V"	"2026-08-26 21:00:00"
28	79	57	28079057	10	"28079057_10_47"	21.000	"V"	"2026-08-26 21:00:00"
28	79	56	28079056	9	"28079056_9_47"	10.000	"V"	"2026-08-26 21:00:00"
28	79	56	28079056	8	"28079056_8_8"	13.000	"V"	"2026-08-26 21:00:00"
28	79	56	28079056	7	"28079056_7_8"	3.000	"V"	"2026-08-26 21:00:00"
28	79	56	28079056	6	"28079056_6_48"	0.200	"V"	"2026-08-26 21:00:00"
28	79	56	28079056	12	"28079056_12_8"	17.000	"V"	"2026-08-26 21:00:00"
28	79	56	28079056	10	"28079056_10_47"	24.000	"V"	"2026-08-26 21:00:00"
28	79	54	28079054	9	"28079054_9_A"	9.000	"V"	"2026-08-26 21:00:00"
28	79	54	28079054	8	"28079054_8_8"	5.000	"V"	"2026-08-26 21:00:00"
28	79	54	28079054	7	"28079054_7_8"	1.000	"V"	"2026-08-26 21:00:00"
28	79	54	28079054	14	"28079054_14_6"	86.000	"V"	"2026-08-26 21:00:00"
28	79	54	28079054	12	"28079054_12_8"	7.000	"V"	"2026-08-26 21:00:00"
28	79	54	28079054	10	"28079054_10_A"	23.000	"V"	"2026-08-26 21:00:00"
28	79	50	28079050	9	"28079050_9_47"	9.000	"V"	"2026-08-26 21:00:00"
28	79	50	28079050	8	"28079050_8_8"	16.000	"V"	"2026-08-26 21:00:00"
28	79	50	28079050	7	"28079050_7_8"	4.000	"V"	"2026-08-26 21:00:00"
28	79	50	28079050	12	"28079050_12_8"	23.000	"V"	"2026-08-26 21:00:00"
28	79	50	28079050	10	"28079050_10_47"	22.000	"V"	"2026-08-26 21:00:00"
28	79	49	28079049	8	"28079049_8_8"	4.000	"V"	"2026-08-26 21:00:00"
28	79	49	28079049	7	"28079049_7_8"	0.000	"V"	"2026-08-26 21:00:00"
28	79	49	28079049	14	"28079049_14_6"	91.000	"V"	"2026-08-26 21:00:00"
28	79	49	28079049	12	"28079049_12_8"	4.000	"V"	"2026-08-26 21:00:00"
28	79	48	28079048	9	"28079048_9_47"	7.000	"V"	"2026-08-26 21:00:00"
28	79	48	28079048	8	"28079048_8_8"	5.000	"V"	"2026-08-26 21:00:00"
28	79	48	28079048	7	"28079048_7_8"	0.000	"V"	"2026-08-26 21:00:00"
28	79	48	28079048	12	"28079048_12_8"	5.000	"V"	"2026-08-26 21:00:00"
28	79	48	28079048	10	"28079048_10_47"	20.000	"V"	"2026-08-26 21:00:00"
28	79	47	28079047	9	"28079047_9_47"	7.000	"V"	"2026-08-26 21:00:00"
28	79	47	28079047	8	"28079047_8_8"	6.000	"V"	"2026-08-26 21:00:00"
28	79	47	28079047	7	"28079047_7_8"	1.000	"V"	"2026-08-26 21:00:00"
28	79	47	28079047	12	"28079047_12_8"	7.000	"V"	"2026-08-26 21:00:00"
28	79	47	28079047	10	"28079047_10_47"	21.000	"V"	"2026-08-26 21:00:00"
28	79	40	28079040	8	"28079040_8_8"	13.000	"V"	"2026-08-26 21:00:00"
28	79	40	28079040	7	"28079040_7_8"	3.000	"V"	"2026-08-26 21:00:00"
28	79	40	28079040	12	"28079040_12_8"	17.000	"V"	"2026-08-26 21:00:00"
28	79	40	28079040	10	"28079040_10_47"	39.000	"V"	"2026-08-26 21:00:00"
28	79	4	28079004	9	"28079004_9_A"	9.000	"V"	"2026-08-26 21:00:00"
28	79	4	28079004	8	"28079004_8_8"	9.000	"V"	"2026-08-26 21:00:00"
28	79	4	28079004	7	"28079004_7_8"	1.000	"V"	"2026-08-26 21:00:00"
28	79	4	28079004	6	"28079004_6_48"	0.200	"V"	"2026-08-26 21:00:00"
28	79	4	28079004	12	"28079004_12_8"	10.000	"V"	"2026-08-26 21:00:00"
28	79	4	28079004	10	"28079004_10_A"	30.000	"V"	"2026-08-26 21:00:00"
28	79	39	28079039	8	"28079039_8_8"	6.000	"V"	"2026-08-26 21:00:00"
28	79	39	28079039	7	"28079039_7_8"	0.000	"V"	"2026-08-26 21:00:00"
28	79	39	28079039	14	"28079039_14_6"	83.000	"V"	"2026-08-26 21:00:00"
28	79	39	28079039	12	"28079039_12_8"	6.000	"V"	"2026-08-26 21:00:00"
28	79	38	28079038	9	"28079038_9_47"	7.000	"V"	"2026-08-26 21:00:00"
28	79	38	28079038	8	"28079038_8_8"	10.000	"V"	"2026-08-26 21:00:00"
28	79	38	28079038	7	"28079038_7_8"	1.000	"V"	"2026-08-26 21:00:00"
28	79	38	28079038	35	"28079038_35_59"	0.100	"V"	"2026-08-26 21:00:00"
28	79	38	28079038	30	"28079038_30_59"	0.500	"V"	"2026-08-26 21:00:00"
28	79	38	28079038	20	"28079038_20_59"	0.800	"V"	"2026-08-26 21:00:00"
28	79	38	28079038	12	"28079038_12_8"	11.000	"V"	"2026-08-26 21:00:00"
28	79	38	28079038	10	"28079038_10_47"	19.000	"V"	"2026-08-26 21:00:00"
28	79	36	28079036	8	"28079036_8_8"	9.000	"V"	"2026-08-26 21:00:00"
28	79	36	28079036	7	"28079036_7_8"	1.000	"V"	"2026-08-26 21:00:00"
28	79	36	28079036	12	"28079036_12_8"	10.000	"V"	"2026-08-26 21:00:00"
28	79	36	28079036	10	"28079036_10_47"	17.000	"V"	"2026-08-26 21:00:00"
28	79	36	28079036	1	"28079036_1_38"	2.000	"V"	"2026-08-26 21:00:00"
28	79	35	28079035	8	"28079035_8_8"	10.000	"V"	"2026-08-26 21:00:00"
28	79	35	28079035	7	"28079035_7_8"	2.000	"V"	"2026-08-26 21:00:00"
28	79	35	28079035	6	"28079035_6_48"	0.200	"V"	"2026-08-26 21:00:00"
28	79	35	28079035	14	"28079035_14_6"	86.000	"V"	"2026-08-26 21:00:00"
28	79	35	28079035	12	"28079035_12_8"	12.000	"V"	"2026-08-26 21:00:00"
28	79	35	28079035	1	"28079035_1_38"	4.000	"V"	"2026-08-26 21:00:00"
28	79	27	28079027	8	"28079027_8_8"	5.000	"V"	"2026-08-26 21:00:00"
28	79	27	28079027	7	"28079027_7_8"	1.000	"V"	"2026-08-26 21:00:00"
28	79	27	28079027	14	"28079027_14_6"	91.000	"V"	"2026-08-26 21:00:00"
28	79	27	28079027	12	"28079027_12_8"	7.000	"V"	"2026-08-26 21:00:00"
28	79	24	28079024	9	"28079024_9_47"	6.000	"V"	"2026-08-26 21:00:00"
28	79	24	28079024	8	"28079024_8_8"	0.000	"V"	"2026-08-26 21:00:00"
28	79	24	28079024	7	"28079024_7_8"	1.000	"V"	"2026-08-26 21:00:00"
28	79	24	28079024	14	"28079024_14_6"	95.000	"V"	"2026-08-26 21:00:00"
28	79	24	28079024	12	"28079024_12_8"	1.000	"V"	"2026-08-26 21:00:00"
28	79	24	28079024	10	"28079024_10_47"	15.000	"V"	"2026-08-26 21:00:00"
28	79	18	28079018	8	"28079018_8_8"	7.000	"V"	"2026-08-26 21:00:00"
28	79	18	28079018	7	"28079018_7_8"	0.000	"V"	"2026-08-26 21:00:00"
28	79	18	28079018	35	"28079018_35_59"	0.400	"V"	"2026-08-26 21:00:00"
28	79	18	28079018	30	"28079018_30_59"	0.000	"V"	"2026-08-26 21:00:00"
28	79	18	28079018	20	"28079018_20_59"	0.400	"V"	"2026-08-26 21:00:00"
28	79	18	28079018	14	"28079018_14_6"	83.000	"V"	"2026-08-26 21:00:00"
28	79	18	28079018	12	"28079018_12_8"	7.000	"V"	"2026-08-26 21:00:00"
28	79	18	28079018	10	"28079018_10_47"	12.000	"V"	"2026-08-26 21:00:00"
28	79	17	28079017	8	"28079017_8_8"	10.000	"V"	"2026-08-26 21:00:00"
28	79	17	28079017	7	"28079017_7_8"	1.000	"V"	"2026-08-26 21:00:00"
28	79	17	28079017	14	"28079017_14_6"	85.000	"V"	"2026-08-26 21:00:00"
28	79	17	28079017	12	"28079017_12_8"	12.000	"V"	"2026-08-26 21:00:00"
28	79	16	28079016	8	"28079016_8_8"	8.000	"V"	"2026-08-26 21:00:00"
28	79	16	28079016	7	"28079016_7_8"	0.000	"V"	"2026-08-26 21:00:00"
28	79	16	28079016	14	"28079016_14_6"	88.000	"V"	"2026-08-26 21:00:00"
28	79	16	28079016	12	"28079016_12_8"	8.000	"V"	"2026-08-26 21:00:00"
28	79	11	28079011	8	"28079011_8_8"	10.000	"V"	"2026-08-26 21:00:00"
28	79	11	28079011	7	"28079011_7_8"	1.000	"V"	"2026-08-26 21:00:00"
28	79	11	28079011	12	"28079011_12_8"	12.000	"V"	"2026-08-26 21:00:00"
28	79	8	28079008	9	"28079008_9_47"	2.000	"V"	"2026-08-26 20:00:00"
28	79	8	28079008	8	"28079008_8_8"	10.000	"V"	"2026-08-26 20:00:00"
28	79	8	28079008	7	"28079008_7_8"	0.000	"V"	"2026-08-26 20:00:00"
28	79	8	28079008	6	"28079008_6_48"	0.200	"V"	"2026-08-26 20:00:00"
28	79	8	28079008	35	"28079008_35_59"	0.200	"V"	"2026-08-26 20:00:00"
28	79	8	28079008	30	"28079008_30_59"	0.200	"V"	"2026-08-26 20:00:00"
28	79	8	28079008	20	"28079008_20_59"	1.400	"V"	"2026-08-26 20:00:00"
28	79	8	28079008	14	"28079008_14_6"	90.000	"V"	"2026-08-26 20:00:00"
28	79	8	28079008	12	"28079008_12_8"	10.000	"V"	"2026-08-26 20:00:00"
28	79	8	28079008	10	"28079008_10_47"	21.000	"V"	"2026-08-26 20:00:00"
28	79	8	28079008	1	"28079008_1_38"	2.000	"V"	"2026-08-26 20:00:00"
28	79	60	28079060	9	"28079060_9_A"	7.000	"V"	"2026-08-26 20:00:00"
28	79	60	28079060	8	"28079060_8_8"	7.000	"V"	"2026-08-26 20:00:00"
28	79	60	28079060	7	"28079060_7_8"	0.000	"V"	"2026-08-26 20:00:00"
28	79	60	28079060	14	"28079060_14_6"	97.000	"V"	"2026-08-26 20:00:00"
28	79	60	28079060	12	"28079060_12_8"	7.000	"V"	"2026-08-26 20:00:00"
28	79	60	28079060	10	"28079060_10_47"	15.000	"V"	"2026-08-26 20:00:00"
28	79	59	28079059	8	"28079059_8_8"	7.000	"V"	"2026-08-26 20:00:00"
28	79	59	28079059	7	"28079059_7_8"	1.000	"V"	"2026-08-26 20:00:00"
28	79	59	28079059	14	"28079059_14_6"	101.000	"V"	"2026-08-26 20:00:00"
28	79	59	28079059	12	"28079059_12_8"	8.000	"V"	"2026-08-26 20:00:00"
28	79	58	28079058	8	"28079058_8_8"	2.000	"V"	"2026-08-26 20:00:00"
28	79	58	28079058	7	"28079058_7_8"	0.000	"V"	"2026-08-26 20:00:00"
28	79	58	28079058	14	"28079058_14_6"	100.000	"V"	"2026-08-26 20:00:00"
28	79	58	28079058	12	"28079058_12_8"	3.000	"V"	"2026-08-26 20:00:00"
28	79	57	28079057	9	"28079057_9_A"	0.000	"V"	"2026-08-26 20:00:00"
28	79	57	28079057	8	"28079057_8_8"	5.000	"V"	"2026-08-26 20:00:00"
28	79	57	28079057	7	"28079057_7_8"	1.000	"V"	"2026-08-26 20:00:00"
28	79	57	28079057	12	"28079057_12_8"	6.000	"V"	"2026-08-26 20:00:00"
28	79	57	28079057	10	"28079057_10_47"	3.000	"V"	"2026-08-26 20:00:00"
28	79	56	28079056	9	"28079056_9_47"	14.000	"V"	"2026-08-26 20:00:00"
28	79	56	28079056	8	"28079056_8_8"	13.000	"V"	"2026-08-26 20:00:00"
28	79	56	28079056	7	"28079056_7_8"	4.000	"V"	"2026-08-26 20:00:00"
28	79	56	28079056	6	"28079056_6_48"	0.200	"V"	"2026-08-26 20:00:00"
28	79	56	28079056	12	"28079056_12_8"	19.000	"V"	"2026-08-26 20:00:00"
28	79	56	28079056	10	"28079056_10_47"	31.000	"V"	"2026-08-26 20:00:00"
28	79	54	28079054	9	"28079054_9_A"	8.000	"V"	"2026-08-26 20:00:00"
28	79	54	28079054	8	"28079054_8_8"	4.000	"V"	"2026-08-26 20:00:00"
28	79	54	28079054	7	"28079054_7_8"	1.000	"V"	"2026-08-26 20:00:00"
28	79	54	28079054	14	"28079054_14_6"	98.000	"V"	"2026-08-26 20:00:00"
28	79	54	28079054	12	"28079054_12_8"	6.000	"V"	"2026-08-26 20:00:00"
28	79	54	28079054	10	"28079054_10_A"	20.000	"V"	"2026-08-26 20:00:00"
28	79	50	28079050	9	"28079050_9_47"	7.000	"V"	"2026-08-26 20:00:00"
28	79	50	28079050	8	"28079050_8_8"	14.000	"V"	"2026-08-26 20:00:00"
28	79	50	28079050	7	"28079050_7_8"	4.000	"V"	"2026-08-26 20:00:00"
28	79	50	28079050	12	"28079050_12_8"	20.000	"V"	"2026-08-26 20:00:00"
28	79	50	28079050	10	"28079050_10_47"	19.000	"V"	"2026-08-26 20:00:00"
28	79	49	28079049	8	"28079049_8_8"	4.000	"V"	"2026-08-26 20:00:00"
28	79	49	28079049	7	"28079049_7_8"	0.000	"V"	"2026-08-26 20:00:00"
28	79	49	28079049	14	"28079049_14_6"	98.000	"V"	"2026-08-26 20:00:00"
28	79	49	28079049	12	"28079049_12_8"	4.000	"V"	"2026-08-26 20:00:00"
28	79	48	28079048	9	"28079048_9_47"	6.000	"V"	"2026-08-26 20:00:00"
28	79	48	28079048	8	"28079048_8_8"	4.000	"V"	"2026-08-26 20:00:00"
28	79	48	28079048	7	"28079048_7_8"	0.000	"V"	"2026-08-26 20:00:00"
28	79	48	28079048	12	"28079048_12_8"	4.000	"V"	"2026-08-26 20:00:00"
28	79	48	28079048	10	"28079048_10_47"	19.000	"V"	"2026-08-26 20:00:00"
28	79	47	28079047	9	"28079047_9_47"	9.000	"V"	"2026-08-26 20:00:00"
28	79	47	28079047	8	"28079047_8_8"	5.000	"V"	"2026-08-26 20:00:00"
28	79	47	28079047	7	"28079047_7_8"	1.000	"V"	"2026-08-26 20:00:00"
28	79	47	28079047	12	"28079047_12_8"	6.000	"V"	"2026-08-26 20:00:00"
28	79	47	28079047	10	"28079047_10_47"	21.000	"V"	"2026-08-26 20:00:00"
28	79	40	28079040	8	"28079040_8_8"	12.000	"V"	"2026-08-26 20:00:00"
28	79	40	28079040	7	"28079040_7_8"	2.000	"V"	"2026-08-26 20:00:00"
28	79	40	28079040	12	"28079040_12_8"	15.000	"V"	"2026-08-26 20:00:00"
28	79	40	28079040	10	"28079040_10_47"	33.000	"V"	"2026-08-26 20:00:00"
28	79	4	28079004	9	"28079004_9_A"	8.000	"V"	"2026-08-26 20:00:00"
28	79	4	28079004	8	"28079004_8_8"	9.000	"V"	"2026-08-26 20:00:00"
28	79	4	28079004	7	"28079004_7_8"	1.000	"V"	"2026-08-26 20:00:00"
28	79	4	28079004	6	"28079004_6_48"	0.200	"V"	"2026-08-26 20:00:00"
28	79	4	28079004	12	"28079004_12_8"	11.000	"V"	"2026-08-26 20:00:00"
28	79	4	28079004	10	"28079004_10_A"	23.000	"V"	"2026-08-26 20:00:00"
28	79	39	28079039	8	"28079039_8_8"	6.000	"V"	"2026-08-26 20:00:00"
28	79	39	28079039	7	"28079039_7_8"	0.000	"V"	"2026-08-26 20:00:00"
28	79	39	28079039	14	"28079039_14_6"	90.000	"V"	"2026-08-26 20:00:00"
28	79	39	28079039	12	"28079039_12_8"	6.000	"V"	"2026-08-26 20:00:00"
28	79	38	28079038	9	"28079038_9_47"	7.000	"V"	"2026-08-26 20:00:00"
28	79	38	28079038	8	"28079038_8_8"	7.000	"V"	"2026-08-26 20:00:00"
28	79	38	28079038	7	"28079038_7_8"	2.000	"V"	"2026-08-26 20:00:00"
28	79	38	28079038	35	"28079038_35_59"	0.000	"V"	"2026-08-26 20:00:00"
28	79	38	28079038	30	"28079038_30_59"	0.400	"V"	"2026-08-26 20:00:00"
28	79	38	28079038	20	"28079038_20_59"	0.800	"V"	"2026-08-26 20:00:00"
28	79	38	28079038	12	"28079038_12_8"	10.000	"V"	"2026-08-26 20:00:00"
28	79	38	28079038	10	"28079038_10_47"	19.000	"V"	"2026-08-26 20:00:00"
28	79	36	28079036	8	"28079036_8_8"	7.000	"V"	"2026-08-26 20:00:00"
28	79	36	28079036	7	"28079036_7_8"	1.000	"V"	"2026-08-26 20:00:00"
28	79	36	28079036	12	"28079036_12_8"	8.000	"V"	"2026-08-26 20:00:00"
28	79	36	28079036	10	"28079036_10_47"	15.000	"V"	"2026-08-26 20:00:00"
28	79	36	28079036	1	"28079036_1_38"	2.000	"V"	"2026-08-26 20:00:00"
28	79	35	28079035	8	"28079035_8_8"	9.000	"V"	"2026-08-26 20:00:00"
28	79	35	28079035	7	"28079035_7_8"	2.000	"V"	"2026-08-26 20:00:00"
28	79	35	28079035	6	"28079035_6_48"	0.200	"V"	"2026-08-26 20:00:00"
28	79	35	28079035	14	"28079035_14_6"	92.000	"V"	"2026-08-26 20:00:00"
28	79	35	28079035	12	"28079035_12_8"	12.000	"V"	"2026-08-26 20:00:00"
28	79	35	28079035	1	"28079035_1_38"	4.000	"V"	"2026-08-26 20:00:00"
28	79	27	28079027	8	"28079027_8_8"	6.000	"V"	"2026-08-26 20:00:00"
28	79	27	28079027	7	"28079027_7_8"	1.000	"V"	"2026-08-26 20:00:00"
28	79	27	28079027	14	"28079027_14_6"	101.000	"V"	"2026-08-26 20:00:00"
28	79	27	28079027	12	"28079027_12_8"	8.000	"V"	"2026-08-26 20:00:00"
28	79	24	28079024	9	"28079024_9_47"	6.000	"V"	"2026-08-26 20:00:00"
28	79	24	28079024	8	"28079024_8_8"	0.000	"V"	"2026-08-26 20:00:00"
28	79	24	28079024	7	"28079024_7_8"	1.000	"V"	"2026-08-26 20:00:00"
28	79	24	28079024	14	"28079024_14_6"	100.000	"V"	"2026-08-26 20:00:00"
28	79	24	28079024	12	"28079024_12_8"	1.000	"V"	"2026-08-26 20:00:00"
28	79	24	28079024	10	"28079024_10_47"	15.000	"V"	"2026-08-26 20:00:00"
28	79	18	28079018	8	"28079018_8_8"	7.000	"V"	"2026-08-26 20:00:00"
28	79	18	28079018	7	"28079018_7_8"	0.000	"V"	"2026-08-26 20:00:00"
28	79	18	28079018	35	"28079018_35_59"	0.500	"V"	"2026-08-26 20:00:00"
28	79	18	28079018	30	"28079018_30_59"	0.100	"V"	"2026-08-26 20:00:00"
28	79	18	28079018	20	"28079018_20_59"	0.600	"V"	"2026-08-26 20:00:00"
28	79	18	28079018	14	"28079018_14_6"	89.000	"V"	"2026-08-26 20:00:00"
28	79	18	28079018	12	"28079018_12_8"	8.000	"V"	"2026-08-26 20:00:00"
28	79	18	28079018	10	"28079018_10_47"	15.000	"V"	"2026-08-26 20:00:00"
28	79	17	28079017	8	"28079017_8_8"	11.000	"V"	"2026-08-26 20:00:00"
28	79	17	28079017	7	"28079017_7_8"	2.000	"V"	"2026-08-26 20:00:00"
28	79	17	28079017	14	"28079017_14_6"	92.000	"V"	"2026-08-26 20:00:00"
28	79	17	28079017	12	"28079017_12_8"	15.000	"V"	"2026-08-26 20:00:00"
28	79	16	28079016	8	"28079016_8_8"	7.000	"V"	"2026-08-26 20:00:00"
28	79	16	28079016	7	"28079016_7_8"	0.000	"V"	"2026-08-26 20:00:00"
28	79	16	28079016	14	"28079016_14_6"	97.000	"V"	"2026-08-26 20:00:00"
28	79	16	28079016	12	"28079016_12_8"	7.000	"V"	"2026-08-26 20:00:00"
28	79	11	28079011	8	"28079011_8_8"	12.000	"V"	"2026-08-26 20:00:00"
28	79	11	28079011	7	"28079011_7_8"	2.000	"V"	"2026-08-26 20:00:00"
28	79	11	28079011	12	"28079011_12_8"	15.000	"V"	"2026-08-26 20:00:00"
28	79	8	28079008	9	"28079008_9_47"	11.000	"V"	"2026-08-26 19:00:00"
28	79	8	28079008	8	"28079008_8_8"	10.000	"V"	"2026-08-26 19:00:00"
28	79	8	28079008	7	"28079008_7_8"	0.000	"V"	"2026-08-26 19:00:00"
28	79	8	28079008	6	"28079008_6_48"	0.200	"V"	"2026-08-26 19:00:00"
28	79	8	28079008	35	"28079008_35_59"	0.200	"V"	"2026-08-26 19:00:00"
28	79	8	28079008	30	"28079008_30_59"	0.200	"V"	"2026-08-26 19:00:00"
28	79	8	28079008	20	"28079008_20_59"	1.200	"V"	"2026-08-26 19:00:00"
28	79	8	28079008	14	"28079008_14_6"	105.000	"V"	"2026-08-26 19:00:00"
28	79	8	28079008	12	"28079008_12_8"	10.000	"V"	"2026-08-26 19:00:00"
28	79	8	28079008	10	"28079008_10_47"	30.000	"V"	"2026-08-26 19:00:00"
28	79	8	28079008	1	"28079008_1_38"	2.000	"V"	"2026-08-26 19:00:00"
28	79	60	28079060	9	"28079060_9_A"	6.000	"V"	"2026-08-26 19:00:00"
28	79	60	28079060	8	"28079060_8_8"	6.000	"V"	"2026-08-26 19:00:00"
28	79	60	28079060	7	"28079060_7_8"	0.000	"V"	"2026-08-26 19:00:00"
28	79	60	28079060	14	"28079060_14_6"	109.000	"V"	"2026-08-26 19:00:00"
28	79	60	28079060	12	"28079060_12_8"	6.000	"V"	"2026-08-26 19:00:00"
28	79	60	28079060	10	"28079060_10_47"	13.000	"V"	"2026-08-26 19:00:00"
28	79	59	28079059	8	"28079059_8_8"	6.000	"V"	"2026-08-26 19:00:00"
28	79	59	28079059	7	"28079059_7_8"	1.000	"V"	"2026-08-26 19:00:00"
28	79	59	28079059	14	"28079059_14_6"	113.000	"V"	"2026-08-26 19:00:00"
28	79	59	28079059	12	"28079059_12_8"	8.000	"V"	"2026-08-26 19:00:00"
28	79	58	28079058	8	"28079058_8_8"	1.000	"V"	"2026-08-26 19:00:00"
28	79	58	28079058	7	"28079058_7_8"	0.000	"V"	"2026-08-26 19:00:00"
28	79	58	28079058	14	"28079058_14_6"	110.000	"V"	"2026-08-26 19:00:00"
28	79	58	28079058	12	"28079058_12_8"	1.000	"V"	"2026-08-26 19:00:00"
28	79	57	28079057	9	"28079057_9_A"	1.000	"V"	"2026-08-26 19:00:00"
28	79	57	28079057	8	"28079057_8_8"	5.000	"V"	"2026-08-26 19:00:00"
28	79	57	28079057	7	"28079057_7_8"	1.000	"V"	"2026-08-26 19:00:00"
28	79	57	28079057	12	"28079057_12_8"	7.000	"V"	"2026-08-26 19:00:00"
28	79	57	28079057	10	"28079057_10_47"	6.000	"V"	"2026-08-26 19:00:00"
28	79	56	28079056	9	"28079056_9_47"	12.000	"V"	"2026-08-26 19:00:00"
28	79	56	28079056	8	"28079056_8_8"	13.000	"V"	"2026-08-26 19:00:00"
28	79	56	28079056	7	"28079056_7_8"	4.000	"V"	"2026-08-26 19:00:00"
28	79	56	28079056	6	"28079056_6_48"	0.200	"V"	"2026-08-26 19:00:00"
28	79	56	28079056	12	"28079056_12_8"	19.000	"V"	"2026-08-26 19:00:00"
28	79	56	28079056	10	"28079056_10_47"	23.000	"V"	"2026-08-26 19:00:00"
28	79	54	28079054	9	"28079054_9_A"	7.000	"V"	"2026-08-26 19:00:00"
28	79	54	28079054	8	"28079054_8_8"	2.000	"V"	"2026-08-26 19:00:00"
28	79	54	28079054	7	"28079054_7_8"	1.000	"V"	"2026-08-26 19:00:00"
28	79	54	28079054	14	"28079054_14_6"	109.000	"V"	"2026-08-26 19:00:00"
28	79	54	28079054	12	"28079054_12_8"	5.000	"V"	"2026-08-26 19:00:00"
28	79	54	28079054	10	"28079054_10_A"	20.000	"V"	"2026-08-26 19:00:00"
28	79	50	28079050	9	"28079050_9_47"	7.000	"V"	"2026-08-26 19:00:00"
28	79	50	28079050	8	"28079050_8_8"	13.000	"V"	"2026-08-26 19:00:00"
28	79	50	28079050	7	"28079050_7_8"	4.000	"V"	"2026-08-26 19:00:00"
28	79	50	28079050	12	"28079050_12_8"	18.000	"V"	"2026-08-26 19:00:00"
28	79	50	28079050	10	"28079050_10_47"	19.000	"V"	"2026-08-26 19:00:00"
28	79	49	28079049	8	"28079049_8_8"	4.000	"V"	"2026-08-26 19:00:00"
28	79	49	28079049	7	"28079049_7_8"	0.000	"V"	"2026-08-26 19:00:00"
28	79	49	28079049	14	"28079049_14_6"	111.000	"V"	"2026-08-26 19:00:00"
28	79	49	28079049	12	"28079049_12_8"	5.000	"V"	"2026-08-26 19:00:00"
28	79	48	28079048	9	"28079048_9_47"	5.000	"V"	"2026-08-26 19:00:00"
28	79	48	28079048	8	"28079048_8_8"	3.000	"V"	"2026-08-26 19:00:00"
28	79	48	28079048	7	"28079048_7_8"	0.000	"V"	"2026-08-26 19:00:00"
28	79	48	28079048	12	"28079048_12_8"	3.000	"V"	"2026-08-26 19:00:00"
28	79	48	28079048	10	"28079048_10_47"	18.000	"V"	"2026-08-26 19:00:00"
28	79	47	28079047	9	"28079047_9_47"	12.000	"V"	"2026-08-26 19:00:00"
28	79	47	28079047	8	"28079047_8_8"	5.000	"V"	"2026-08-26 19:00:00"
28	79	47	28079047	7	"28079047_7_8"	1.000	"V"	"2026-08-26 19:00:00"
28	79	47	28079047	12	"28079047_12_8"	6.000	"V"	"2026-08-26 19:00:00"
28	79	47	28079047	10	"28079047_10_47"	28.000	"V"	"2026-08-26 19:00:00"
28	79	40	28079040	8	"28079040_8_8"	9.000	"V"	"2026-08-26 19:00:00"
28	79	40	28079040	7	"28079040_7_8"	2.000	"V"	"2026-08-26 19:00:00"
28	79	40	28079040	12	"28079040_12_8"	12.000	"V"	"2026-08-26 19:00:00"
28	79	40	28079040	10	"28079040_10_47"	26.000	"V"	"2026-08-26 19:00:00"
28	79	4	28079004	9	"28079004_9_A"	8.000	"V"	"2026-08-26 19:00:00"
28	79	4	28079004	8	"28079004_8_8"	9.000	"V"	"2026-08-26 19:00:00"
28	79	4	28079004	7	"28079004_7_8"	1.000	"V"	"2026-08-26 19:00:00"
28	79	4	28079004	6	"28079004_6_48"	0.200	"V"	"2026-08-26 19:00:00"
28	79	4	28079004	12	"28079004_12_8"	11.000	"V"	"2026-08-26 19:00:00"
28	79	4	28079004	10	"28079004_10_A"	20.000	"V"	"2026-08-26 19:00:00"
28	79	39	28079039	8	"28079039_8_8"	5.000	"V"	"2026-08-26 19:00:00"
28	79	39	28079039	7	"28079039_7_8"	0.000	"V"	"2026-08-26 19:00:00"
28	79	39	28079039	14	"28079039_14_6"	103.000	"V"	"2026-08-26 19:00:00"
28	79	39	28079039	12	"28079039_12_8"	5.000	"V"	"2026-08-26 19:00:00"
28	79	38	28079038	9	"28079038_9_47"	10.000	"V"	"2026-08-26 19:00:00"
28	79	38	28079038	8	"28079038_8_8"	7.000	"V"	"2026-08-26 19:00:00"
28	79	38	28079038	35	"28079038_35_59"	0.100	"V"	"2026-08-26 19:00:00"
28	79	38	28079038	30	"28079038_30_59"	0.500	"V"	"2026-08-26 19:00:00"
28	79	38	28079038	20	"28079038_20_59"	0.900	"V"	"2026-08-26 19:00:00"
28	79	38	28079038	12	"28079038_12_8"	8.000	"V"	"2026-08-26 19:00:00"
28	79	38	28079038	10	"28079038_10_47"	24.000	"V"	"2026-08-26 19:00:00"
28	79	36	28079036	8	"28079036_8_8"	7.000	"V"	"2026-08-26 19:00:00"
28	79	36	28079036	7	"28079036_7_8"	0.000	"V"	"2026-08-26 19:00:00"
28	79	36	28079036	12	"28079036_12_8"	7.000	"V"	"2026-08-26 19:00:00"
28	79	36	28079036	10	"28079036_10_47"	16.000	"V"	"2026-08-26 19:00:00"
28	79	36	28079036	1	"28079036_1_38"	2.000	"V"	"2026-08-26 19:00:00"
28	79	35	28079035	8	"28079035_8_8"	7.000	"V"	"2026-08-26 19:00:00"
28	79	35	28079035	7	"28079035_7_8"	1.000	"V"	"2026-08-26 19:00:00"
28	79	35	28079035	6	"28079035_6_48"	0.200	"V"	"2026-08-26 19:00:00"
28	79	35	28079035	14	"28079035_14_6"	108.000	"V"	"2026-08-26 19:00:00"
28	79	35	28079035	12	"28079035_12_8"	9.000	"V"	"2026-08-26 19:00:00"
28	79	35	28079035	1	"28079035_1_38"	4.000	"V"	"2026-08-26 19:00:00"
28	79	27	28079027	8	"28079027_8_8"	6.000	"V"	"2026-08-26 19:00:00"
28	79	27	28079027	7	"28079027_7_8"	1.000	"V"	"2026-08-26 19:00:00"
28	79	27	28079027	14	"28079027_14_6"	114.000	"V"	"2026-08-26 19:00:00"
28	79	27	28079027	12	"28079027_12_8"	8.000	"V"	"2026-08-26 19:00:00"
28	79	24	28079024	9	"28079024_9_47"	7.000	"V"	"2026-08-26 19:00:00"
28	79	24	28079024	8	"28079024_8_8"	0.000	"V"	"2026-08-26 19:00:00"
28	79	24	28079024	7	"28079024_7_8"	1.000	"V"	"2026-08-26 19:00:00"
28	79	24	28079024	14	"28079024_14_6"	113.000	"V"	"2026-08-26 19:00:00"
28	79	24	28079024	12	"28079024_12_8"	1.000	"V"	"2026-08-26 19:00:00"
28	79	24	28079024	10	"28079024_10_47"	16.000	"V"	"2026-08-26 19:00:00"
28	79	18	28079018	8	"28079018_8_8"	6.000	"V"	"2026-08-26 19:00:00"
28	79	18	28079018	7	"28079018_7_8"	0.000	"V"	"2026-08-26 19:00:00"
28	79	18	28079018	35	"28079018_35_59"	0.300	"V"	"2026-08-26 19:00:00"
28	79	18	28079018	30	"28079018_30_59"	0.100	"V"	"2026-08-26 19:00:00"
28	79	18	28079018	20	"28079018_20_59"	0.400	"V"	"2026-08-26 19:00:00"
28	79	18	28079018	14	"28079018_14_6"	105.000	"V"	"2026-08-26 19:00:00"
28	79	38	28079038	7	"28079038_7_8"	0.000	"V"	"2026-08-26 19:00:00"
28	79	18	28079018	12	"28079018_12_8"	6.000	"V"	"2026-08-26 19:00:00"
28	79	18	28079018	10	"28079018_10_47"	19.000	"V"	"2026-08-26 19:00:00"
28	79	17	28079017	8	"28079017_8_8"	8.000	"V"	"2026-08-26 19:00:00"
28	79	17	28079017	7	"28079017_7_8"	1.000	"V"	"2026-08-26 19:00:00"
28	79	17	28079017	14	"28079017_14_6"	106.000	"V"	"2026-08-26 19:00:00"
28	79	17	28079017	12	"28079017_12_8"	10.000	"V"	"2026-08-26 19:00:00"
28	79	16	28079016	8	"28079016_8_8"	7.000	"V"	"2026-08-26 19:00:00"
28	79	16	28079016	7	"28079016_7_8"	0.000	"V"	"2026-08-26 19:00:00"
28	79	16	28079016	14	"28079016_14_6"	109.000	"V"	"2026-08-26 19:00:00"
28	79	16	28079016	12	"28079016_12_8"	8.000	"V"	"2026-08-26 19:00:00"
28	79	11	28079011	8	"28079011_8_8"	8.000	"V"	"2026-08-26 19:00:00"
28	79	11	28079011	7	"28079011_7_8"	1.000	"V"	"2026-08-26 19:00:00"
28	79	11	28079011	12	"28079011_12_8"	9.000	"V"	"2026-08-26 19:00:00"
28	79	8	28079008	9	"28079008_9_47"	11.000	"V"	"2026-08-26 18:00:00"
28	79	8	28079008	8	"28079008_8_8"	10.000	"V"	"2026-08-26 18:00:00"
28	79	8	28079008	7	"28079008_7_8"	0.000	"V"	"2026-08-26 18:00:00"
28	79	8	28079008	6	"28079008_6_48"	0.200	"V"	"2026-08-26 18:00:00"
28	79	8	28079008	35	"28079008_35_59"	0.300	"V"	"2026-08-26 18:00:00"
28	79	8	28079008	30	"28079008_30_59"	0.100	"V"	"2026-08-26 18:00:00"
28	79	8	28079008	20	"28079008_20_59"	1.100	"V"	"2026-08-26 18:00:00"
28	79	8	28079008	14	"28079008_14_6"	110.000	"V"	"2026-08-26 18:00:00"
28	79	8	28079008	12	"28079008_12_8"	10.000	"V"	"2026-08-26 18:00:00"
28	79	8	28079008	10	"28079008_10_47"	33.000	"V"	"2026-08-26 18:00:00"
28	79	8	28079008	1	"28079008_1_38"	2.000	"V"	"2026-08-26 18:00:00"
28	79	60	28079060	9	"28079060_9_A"	7.000	"V"	"2026-08-26 18:00:00"
28	79	60	28079060	8	"28079060_8_8"	5.000	"V"	"2026-08-26 18:00:00"
28	79	60	28079060	7	"28079060_7_8"	0.000	"V"	"2026-08-26 18:00:00"
28	79	60	28079060	14	"28079060_14_6"	119.000	"V"	"2026-08-26 18:00:00"
28	79	60	28079060	12	"28079060_12_8"	5.000	"V"	"2026-08-26 18:00:00"
28	79	60	28079060	10	"28079060_10_47"	15.000	"V"	"2026-08-26 18:00:00"
28	79	59	28079059	8	"28079059_8_8"	5.000	"V"	"2026-08-26 18:00:00"
28	79	59	28079059	7	"28079059_7_8"	1.000	"V"	"2026-08-26 18:00:00"
28	79	59	28079059	14	"28079059_14_6"	117.000	"V"	"2026-08-26 18:00:00"
28	79	59	28079059	12	"28079059_12_8"	7.000	"V"	"2026-08-26 18:00:00"
28	79	58	28079058	8	"28079058_8_8"	1.000	"V"	"2026-08-26 18:00:00"
28	79	58	28079058	7	"28079058_7_8"	0.000	"V"	"2026-08-26 18:00:00"
28	79	58	28079058	14	"28079058_14_6"	121.000	"V"	"2026-08-26 18:00:00"
28	79	58	28079058	12	"28079058_12_8"	1.000	"V"	"2026-08-26 18:00:00"
28	79	57	28079057	9	"28079057_9_A"	5.000	"V"	"2026-08-26 18:00:00"
28	79	57	28079057	8	"28079057_8_8"	4.000	"V"	"2026-08-26 18:00:00"
28	79	57	28079057	7	"28079057_7_8"	1.000	"V"	"2026-08-26 18:00:00"
28	79	57	28079057	12	"28079057_12_8"	5.000	"V"	"2026-08-26 18:00:00"
28	79	57	28079057	10	"28079057_10_47"	16.000	"V"	"2026-08-26 18:00:00"
28	79	56	28079056	9	"28079056_9_47"	16.000	"V"	"2026-08-26 18:00:00"
28	79	56	28079056	8	"28079056_8_8"	10.000	"V"	"2026-08-26 18:00:00"
28	79	56	28079056	7	"28079056_7_8"	3.000	"V"	"2026-08-26 18:00:00"
28	79	56	28079056	6	"28079056_6_48"	0.200	"V"	"2026-08-26 18:00:00"
28	79	56	28079056	12	"28079056_12_8"	15.000	"V"	"2026-08-26 18:00:00"
28	79	56	28079056	10	"28079056_10_47"	28.000	"V"	"2026-08-26 18:00:00"
28	79	54	28079054	9	"28079054_9_A"	11.000	"V"	"2026-08-26 18:00:00"
28	79	54	28079054	8	"28079054_8_8"	2.000	"V"	"2026-08-26 18:00:00"
28	79	54	28079054	7	"28079054_7_8"	1.000	"V"	"2026-08-26 18:00:00"
28	79	54	28079054	14	"28079054_14_6"	111.000	"V"	"2026-08-26 18:00:00"
28	79	54	28079054	12	"28079054_12_8"	4.000	"V"	"2026-08-26 18:00:00"
28	79	54	28079054	10	"28079054_10_A"	30.000	"V"	"2026-08-26 18:00:00"
28	79	50	28079050	9	"28079050_9_47"	5.000	"V"	"2026-08-26 18:00:00"
28	79	50	28079050	8	"28079050_8_8"	11.000	"V"	"2026-08-26 18:00:00"
28	79	50	28079050	7	"28079050_7_8"	3.000	"V"	"2026-08-26 18:00:00"
28	79	50	28079050	12	"28079050_12_8"	16.000	"V"	"2026-08-26 18:00:00"
28	79	50	28079050	10	"28079050_10_47"	18.000	"V"	"2026-08-26 18:00:00"
28	79	49	28079049	8	"28079049_8_8"	4.000	"V"	"2026-08-26 18:00:00"
28	79	49	28079049	7	"28079049_7_8"	0.000	"V"	"2026-08-26 18:00:00"
28	79	49	28079049	14	"28079049_14_6"	117.000	"V"	"2026-08-26 18:00:00"
28	79	49	28079049	12	"28079049_12_8"	4.000	"V"	"2026-08-26 18:00:00"
28	79	48	28079048	9	"28079048_9_47"	8.000	"V"	"2026-08-26 18:00:00"
28	79	48	28079048	8	"28079048_8_8"	2.000	"V"	"2026-08-26 18:00:00"
28	79	48	28079048	7	"28079048_7_8"	0.000	"V"	"2026-08-26 18:00:00"
28	79	48	28079048	12	"28079048_12_8"	2.000	"V"	"2026-08-26 18:00:00"
28	79	48	28079048	10	"28079048_10_47"	21.000	"V"	"2026-08-26 18:00:00"
28	79	47	28079047	9	"28079047_9_47"	7.000	"V"	"2026-08-26 18:00:00"
28	79	47	28079047	8	"28079047_8_8"	4.000	"V"	"2026-08-26 18:00:00"
28	79	47	28079047	7	"28079047_7_8"	1.000	"V"	"2026-08-26 18:00:00"
28	79	47	28079047	12	"28079047_12_8"	5.000	"V"	"2026-08-26 18:00:00"
28	79	47	28079047	10	"28079047_10_47"	11.000	"V"	"2026-08-26 18:00:00"
28	79	40	28079040	8	"28079040_8_8"	7.000	"V"	"2026-08-26 18:00:00"
28	79	40	28079040	7	"28079040_7_8"	1.000	"V"	"2026-08-26 18:00:00"
28	79	40	28079040	12	"28079040_12_8"	9.000	"V"	"2026-08-26 18:00:00"
28	79	40	28079040	10	"28079040_10_47"	0.000	"N"	"2026-08-26 18:00:00"
28	79	4	28079004	9	"28079004_9_A"	8.000	"V"	"2026-08-26 18:00:00"
28	79	4	28079004	8	"28079004_8_8"	9.000	"V"	"2026-08-26 18:00:00"
28	79	4	28079004	7	"28079004_7_8"	1.000	"V"	"2026-08-26 18:00:00"
28	79	4	28079004	6	"28079004_6_48"	0.200	"V"	"2026-08-26 18:00:00"
28	79	4	28079004	12	"28079004_12_8"	10.000	"V"	"2026-08-26 18:00:00"
28	79	4	28079004	10	"28079004_10_A"	21.000	"V"	"2026-08-26 18:00:00"
28	79	39	28079039	8	"28079039_8_8"	3.000	"V"	"2026-08-26 18:00:00"
28	79	39	28079039	7	"28079039_7_8"	0.000	"V"	"2026-08-26 18:00:00"
28	79	39	28079039	14	"28079039_14_6"	114.000	"V"	"2026-08-26 18:00:00"
28	79	39	28079039	12	"28079039_12_8"	3.000	"V"	"2026-08-26 18:00:00"
28	79	38	28079038	9	"28079038_9_47"	12.000	"V"	"2026-08-26 18:00:00"
28	79	38	28079038	8	"28079038_8_8"	7.000	"V"	"2026-08-26 18:00:00"
28	79	38	28079038	7	"28079038_7_8"	1.000	"V"	"2026-08-26 18:00:00"
28	79	38	28079038	30	"28079038_30_59"	0.600	"V"	"2026-08-26 18:00:00"
28	79	38	28079038	20	"28079038_20_59"	0.800	"V"	"2026-08-26 18:00:00"
28	79	38	28079038	12	"28079038_12_8"	8.000	"V"	"2026-08-26 18:00:00"
28	79	38	28079038	10	"28079038_10_47"	29.000	"V"	"2026-08-26 18:00:00"
28	79	36	28079036	8	"28079036_8_8"	4.000	"V"	"2026-08-26 18:00:00"
28	79	36	28079036	7	"28079036_7_8"	0.000	"V"	"2026-08-26 18:00:00"
28	79	36	28079036	12	"28079036_12_8"	4.000	"V"	"2026-08-26 18:00:00"
28	79	36	28079036	10	"28079036_10_47"	15.000	"V"	"2026-08-26 18:00:00"
28	79	36	28079036	1	"28079036_1_38"	2.000	"V"	"2026-08-26 18:00:00"
28	79	35	28079035	8	"28079035_8_8"	9.000	"V"	"2026-08-26 18:00:00"
28	79	35	28079035	7	"28079035_7_8"	2.000	"V"	"2026-08-26 18:00:00"
28	79	35	28079035	6	"28079035_6_48"	0.200	"V"	"2026-08-26 18:00:00"
28	79	35	28079035	14	"28079035_14_6"	114.000	"V"	"2026-08-26 18:00:00"
28	79	35	28079035	12	"28079035_12_8"	12.000	"V"	"2026-08-26 18:00:00"
28	79	35	28079035	1	"28079035_1_38"	4.000	"V"	"2026-08-26 18:00:00"
28	79	27	28079027	8	"28079027_8_8"	5.000	"V"	"2026-08-26 18:00:00"
28	79	27	28079027	7	"28079027_7_8"	1.000	"V"	"2026-08-26 18:00:00"
28	79	27	28079027	14	"28079027_14_6"	116.000	"V"	"2026-08-26 18:00:00"
28	79	27	28079027	12	"28079027_12_8"	7.000	"V"	"2026-08-26 18:00:00"
28	79	24	28079024	9	"28079024_9_47"	12.000	"V"	"2026-08-26 18:00:00"
28	79	24	28079024	8	"28079024_8_8"	0.000	"V"	"2026-08-26 18:00:00"
28	79	24	28079024	7	"28079024_7_8"	1.000	"V"	"2026-08-26 18:00:00"
28	79	24	28079024	14	"28079024_14_6"	122.000	"V"	"2026-08-26 18:00:00"
28	79	24	28079024	12	"28079024_12_8"	1.000	"V"	"2026-08-26 18:00:00"
28	79	24	28079024	10	"28079024_10_47"	22.000	"V"	"2026-08-26 18:00:00"
28	79	18	28079018	8	"28079018_8_8"	6.000	"V"	"2026-08-26 18:00:00"
28	79	18	28079018	7	"28079018_7_8"	0.000	"V"	"2026-08-26 18:00:00"
28	79	38	28079038	35	"28079038_35_59"	0.000	"V"	"2026-08-26 18:00:00"
28	79	18	28079018	35	"28079018_35_59"	0.300	"V"	"2026-08-26 18:00:00"
28	79	18	28079018	30	"28079018_30_59"	0.100	"V"	"2026-08-26 18:00:00"
28	79	18	28079018	20	"28079018_20_59"	0.400	"V"	"2026-08-26 18:00:00"
28	79	18	28079018	14	"28079018_14_6"	111.000	"V"	"2026-08-26 18:00:00"
28	79	18	28079018	12	"28079018_12_8"	6.000	"V"	"2026-08-26 18:00:00"
28	79	18	28079018	10	"28079018_10_47"	9.000	"V"	"2026-08-26 18:00:00"
28	79	17	28079017	8	"28079017_8_8"	7.000	"V"	"2026-08-26 18:00:00"
28	79	17	28079017	7	"28079017_7_8"	1.000	"V"	"2026-08-26 18:00:00"
28	79	17	28079017	14	"28079017_14_6"	112.000	"V"	"2026-08-26 18:00:00"
28	79	17	28079017	12	"28079017_12_8"	9.000	"V"	"2026-08-26 18:00:00"
28	79	16	28079016	8	"28079016_8_8"	7.000	"V"	"2026-08-26 18:00:00"
28	79	16	28079016	7	"28079016_7_8"	0.000	"V"	"2026-08-26 18:00:00"
28	79	16	28079016	14	"28079016_14_6"	113.000	"V"	"2026-08-26 18:00:00"
28	79	16	28079016	12	"28079016_12_8"	8.000	"V"	"2026-08-26 18:00:00"
28	79	11	28079011	8	"28079011_8_8"	9.000	"V"	"2026-08-26 18:00:00"
28	79	11	28079011	7	"28079011_7_8"	1.000	"V"	"2026-08-26 18:00:00"
28	79	11	28079011	12	"28079011_12_8"	10.000	"V"	"2026-08-26 18:00:00"
28	79	8	28079008	9	"28079008_9_47"	11.000	"V"	"2026-08-26 17:00:00"
28	79	8	28079008	8	"28079008_8_8"	10.000	"V"	"2026-08-26 17:00:00"
28	79	8	28079008	7	"28079008_7_8"	0.000	"V"	"2026-08-26 17:00:00"
28	79	8	28079008	6	"28079008_6_48"	0.200	"V"	"2026-08-26 17:00:00"
28	79	8	28079008	35	"28079008_35_59"	0.400	"V"	"2026-08-26 17:00:00"
28	79	8	28079008	30	"28079008_30_59"	0.300	"V"	"2026-08-26 17:00:00"
28	79	8	28079008	20	"28079008_20_59"	1.100	"V"	"2026-08-26 17:00:00"
28	79	8	28079008	14	"28079008_14_6"	105.000	"V"	"2026-08-26 17:00:00"
28	79	8	28079008	12	"28079008_12_8"	10.000	"V"	"2026-08-26 17:00:00"
28	79	8	28079008	10	"28079008_10_47"	36.000	"V"	"2026-08-26 17:00:00"
28	79	8	28079008	1	"28079008_1_38"	2.000	"V"	"2026-08-26 17:00:00"
28	79	60	28079060	9	"28079060_9_A"	6.000	"V"	"2026-08-26 17:00:00"
28	79	60	28079060	8	"28079060_8_8"	5.000	"V"	"2026-08-26 17:00:00"
28	79	60	28079060	7	"28079060_7_8"	0.000	"V"	"2026-08-26 17:00:00"
28	79	60	28079060	14	"28079060_14_6"	114.000	"V"	"2026-08-26 17:00:00"
28	79	60	28079060	12	"28079060_12_8"	6.000	"V"	"2026-08-26 17:00:00"
28	79	60	28079060	10	"28079060_10_47"	14.000	"V"	"2026-08-26 17:00:00"
28	79	59	28079059	8	"28079059_8_8"	3.000	"V"	"2026-08-26 17:00:00"
28	79	59	28079059	7	"28079059_7_8"	1.000	"V"	"2026-08-26 17:00:00"
28	79	59	28079059	14	"28079059_14_6"	111.000	"V"	"2026-08-26 17:00:00"
28	79	59	28079059	12	"28079059_12_8"	5.000	"V"	"2026-08-26 17:00:00"
28	79	58	28079058	8	"28079058_8_8"	1.000	"V"	"2026-08-26 17:00:00"
28	79	58	28079058	7	"28079058_7_8"	0.000	"V"	"2026-08-26 17:00:00"
28	79	58	28079058	14	"28079058_14_6"	120.000	"V"	"2026-08-26 17:00:00"
28	79	58	28079058	12	"28079058_12_8"	1.000	"V"	"2026-08-26 17:00:00"
28	79	57	28079057	9	"28079057_9_A"	2.000	"V"	"2026-08-26 17:00:00"
28	79	57	28079057	8	"28079057_8_8"	3.000	"V"	"2026-08-26 17:00:00"
28	79	57	28079057	7	"28079057_7_8"	1.000	"V"	"2026-08-26 17:00:00"
28	79	57	28079057	12	"28079057_12_8"	5.000	"V"	"2026-08-26 17:00:00"
28	79	57	28079057	10	"28079057_10_47"	17.000	"V"	"2026-08-26 17:00:00"
28	79	56	28079056	9	"28079056_9_47"	25.000	"V"	"2026-08-26 17:00:00"
28	79	56	28079056	8	"28079056_8_8"	7.000	"V"	"2026-08-26 17:00:00"
28	79	56	28079056	7	"28079056_7_8"	2.000	"V"	"2026-08-26 17:00:00"
28	79	56	28079056	6	"28079056_6_48"	0.100	"V"	"2026-08-26 17:00:00"
28	79	56	28079056	12	"28079056_12_8"	10.000	"V"	"2026-08-26 17:00:00"
28	79	56	28079056	10	"28079056_10_47"	47.000	"V"	"2026-08-26 17:00:00"
28	79	54	28079054	9	"28079054_9_A"	7.000	"V"	"2026-08-26 17:00:00"
28	79	54	28079054	8	"28079054_8_8"	1.000	"V"	"2026-08-26 17:00:00"
28	79	54	28079054	7	"28079054_7_8"	2.000	"V"	"2026-08-26 17:00:00"
28	79	54	28079054	14	"28079054_14_6"	105.000	"V"	"2026-08-26 17:00:00"
28	79	54	28079054	12	"28079054_12_8"	3.000	"V"	"2026-08-26 17:00:00"
28	79	54	28079054	10	"28079054_10_A"	24.000	"V"	"2026-08-26 17:00:00"
28	79	50	28079050	9	"28079050_9_47"	1.000	"V"	"2026-08-26 17:00:00"
28	79	50	28079050	8	"28079050_8_8"	9.000	"V"	"2026-08-26 17:00:00"
28	79	50	28079050	7	"28079050_7_8"	3.000	"V"	"2026-08-26 17:00:00"
28	79	50	28079050	12	"28079050_12_8"	13.000	"V"	"2026-08-26 17:00:00"
28	79	50	28079050	10	"28079050_10_47"	13.000	"V"	"2026-08-26 17:00:00"
28	79	49	28079049	8	"28079049_8_8"	4.000	"V"	"2026-08-26 17:00:00"
28	79	49	28079049	7	"28079049_7_8"	0.000	"V"	"2026-08-26 17:00:00"
28	79	49	28079049	14	"28079049_14_6"	111.000	"V"	"2026-08-26 17:00:00"
28	79	49	28079049	12	"28079049_12_8"	4.000	"V"	"2026-08-26 17:00:00"
28	79	48	28079048	9	"28079048_9_47"	4.000	"V"	"2026-08-26 17:00:00"
28	79	48	28079048	8	"28079048_8_8"	2.000	"V"	"2026-08-26 17:00:00"
28	79	48	28079048	7	"28079048_7_8"	0.000	"V"	"2026-08-26 17:00:00"
28	79	48	28079048	12	"28079048_12_8"	2.000	"V"	"2026-08-26 17:00:00"
28	79	48	28079048	10	"28079048_10_47"	17.000	"V"	"2026-08-26 17:00:00"
28	79	47	28079047	9	"28079047_9_47"	5.000	"V"	"2026-08-26 17:00:00"
28	79	47	28079047	8	"28079047_8_8"	3.000	"V"	"2026-08-26 17:00:00"
28	79	47	28079047	7	"28079047_7_8"	1.000	"V"	"2026-08-26 17:00:00"
28	79	47	28079047	12	"28079047_12_8"	5.000	"V"	"2026-08-26 17:00:00"
28	79	47	28079047	10	"28079047_10_47"	13.000	"V"	"2026-08-26 17:00:00"
28	79	40	28079040	8	"28079040_8_8"	6.000	"V"	"2026-08-26 17:00:00"
28	79	40	28079040	7	"28079040_7_8"	1.000	"V"	"2026-08-26 17:00:00"
28	79	40	28079040	12	"28079040_12_8"	8.000	"V"	"2026-08-26 17:00:00"
28	79	40	28079040	10	"28079040_10_47"	12.000	"V"	"2026-08-26 17:00:00"
28	79	4	28079004	9	"28079004_9_A"	7.000	"V"	"2026-08-26 17:00:00"
28	79	4	28079004	8	"28079004_8_8"	8.000	"V"	"2026-08-26 17:00:00"
28	79	4	28079004	7	"28079004_7_8"	1.000	"V"	"2026-08-26 17:00:00"
28	79	4	28079004	6	"28079004_6_48"	0.200	"V"	"2026-08-26 17:00:00"
28	79	4	28079004	12	"28079004_12_8"	10.000	"V"	"2026-08-26 17:00:00"
28	79	4	28079004	10	"28079004_10_A"	19.000	"V"	"2026-08-26 17:00:00"
28	79	39	28079039	8	"28079039_8_8"	2.000	"V"	"2026-08-26 17:00:00"
28	79	39	28079039	7	"28079039_7_8"	0.000	"V"	"2026-08-26 17:00:00"
28	79	39	28079039	14	"28079039_14_6"	110.000	"V"	"2026-08-26 17:00:00"
28	79	39	28079039	12	"28079039_12_8"	3.000	"V"	"2026-08-26 17:00:00"
28	79	38	28079038	9	"28079038_9_47"	9.000	"V"	"2026-08-26 17:00:00"
28	79	38	28079038	8	"28079038_8_8"	8.000	"V"	"2026-08-26 17:00:00"
28	79	38	28079038	7	"28079038_7_8"	2.000	"V"	"2026-08-26 17:00:00"
28	79	38	28079038	35	"28079038_35_59"	0.100	"V"	"2026-08-26 17:00:00"
28	79	38	28079038	30	"28079038_30_59"	0.400	"V"	"2026-08-26 17:00:00"
28	79	38	28079038	20	"28079038_20_59"	0.800	"V"	"2026-08-26 17:00:00"
28	79	38	28079038	12	"28079038_12_8"	12.000	"V"	"2026-08-26 17:00:00"
28	79	38	28079038	10	"28079038_10_47"	31.000	"V"	"2026-08-26 17:00:00"
28	79	36	28079036	8	"28079036_8_8"	3.000	"V"	"2026-08-26 17:00:00"
28	79	36	28079036	7	"28079036_7_8"	0.000	"V"	"2026-08-26 17:00:00"
28	79	36	28079036	12	"28079036_12_8"	4.000	"V"	"2026-08-26 17:00:00"
28	79	36	28079036	10	"28079036_10_47"	15.000	"V"	"2026-08-26 17:00:00"
28	79	36	28079036	1	"28079036_1_38"	2.000	"V"	"2026-08-26 17:00:00"
28	79	35	28079035	8	"28079035_8_8"	6.000	"V"	"2026-08-26 17:00:00"
28	79	35	28079035	7	"28079035_7_8"	2.000	"V"	"2026-08-26 17:00:00"
28	79	35	28079035	6	"28079035_6_48"	0.200	"V"	"2026-08-26 17:00:00"
28	79	35	28079035	14	"28079035_14_6"	110.000	"V"	"2026-08-26 17:00:00"
28	79	35	28079035	12	"28079035_12_8"	9.000	"V"	"2026-08-26 17:00:00"
28	79	35	28079035	1	"28079035_1_38"	5.000	"V"	"2026-08-26 17:00:00"
28	79	27	28079027	8	"28079027_8_8"	5.000	"V"	"2026-08-26 17:00:00"
28	79	27	28079027	7	"28079027_7_8"	1.000	"V"	"2026-08-26 17:00:00"
28	79	27	28079027	14	"28079027_14_6"	111.000	"V"	"2026-08-26 17:00:00"
28	79	27	28079027	12	"28079027_12_8"	6.000	"V"	"2026-08-26 17:00:00"
28	79	24	28079024	9	"28079024_9_47"	14.000	"V"	"2026-08-26 17:00:00"
28	79	24	28079024	8	"28079024_8_8"	0.000	"V"	"2026-08-26 17:00:00"
28	79	24	28079024	7	"28079024_7_8"	1.000	"V"	"2026-08-26 17:00:00"
28	79	24	28079024	14	"28079024_14_6"	117.000	"V"	"2026-08-26 17:00:00"
28	79	24	28079024	12	"28079024_12_8"	1.000	"V"	"2026-08-26 17:00:00"
28	79	24	28079024	10	"28079024_10_47"	26.000	"V"	"2026-08-26 17:00:00"
28	79	18	28079018	8	"28079018_8_8"	5.000	"V"	"2026-08-26 17:00:00"
28	79	18	28079018	7	"28079018_7_8"	0.000	"V"	"2026-08-26 17:00:00"
28	79	18	28079018	35	"28079018_35_59"	0.200	"V"	"2026-08-26 17:00:00"
28	79	18	28079018	30	"28079018_30_59"	0.100	"V"	"2026-08-26 17:00:00"
28	79	18	28079018	20	"28079018_20_59"	0.300	"V"	"2026-08-26 17:00:00"
28	79	18	28079018	14	"28079018_14_6"	106.000	"V"	"2026-08-26 17:00:00"
28	79	18	28079018	12	"28079018_12_8"	5.000	"V"	"2026-08-26 17:00:00"
28	79	18	28079018	10	"28079018_10_47"	11.000	"V"	"2026-08-26 17:00:00"
28	79	17	28079017	8	"28079017_8_8"	5.000	"V"	"2026-08-26 17:00:00"
28	79	17	28079017	7	"28079017_7_8"	1.000	"V"	"2026-08-26 17:00:00"
28	79	17	28079017	14	"28079017_14_6"	108.000	"V"	"2026-08-26 17:00:00"
28	79	17	28079017	12	"28079017_12_8"	6.000	"V"	"2026-08-26 17:00:00"
28	79	16	28079016	8	"28079016_8_8"	6.000	"V"	"2026-08-26 17:00:00"
28	79	16	28079016	7	"28079016_7_8"	1.000	"V"	"2026-08-26 17:00:00"
28	79	16	28079016	14	"28079016_14_6"	107.000	"V"	"2026-08-26 17:00:00"
28	79	16	28079016	12	"28079016_12_8"	8.000	"V"	"2026-08-26 17:00:00"
28	79	11	28079011	8	"28079011_8_8"	7.000	"V"	"2026-08-26 17:00:00"
28	79	11	28079011	7	"28079011_7_8"	1.000	"V"	"2026-08-26 17:00:00"
28	79	11	28079011	12	"28079011_12_8"	8.000	"V"	"2026-08-26 17:00:00"
28	79	8	28079008	9	"28079008_9_47"	0.000	"V"	"2026-08-26 16:00:00"
28	79	8	28079008	8	"28079008_8_8"	9.000	"V"	"2026-08-26 16:00:00"
28	79	8	28079008	7	"28079008_7_8"	0.000	"V"	"2026-08-26 16:00:00"
28	79	8	28079008	6	"28079008_6_48"	0.200	"V"	"2026-08-26 16:00:00"
28	79	8	28079008	35	"28079008_35_59"	0.200	"V"	"2026-08-26 16:00:00"
28	79	8	28079008	30	"28079008_30_59"	0.200	"V"	"2026-08-26 16:00:00"
28	79	8	28079008	20	"28079008_20_59"	0.800	"V"	"2026-08-26 16:00:00"
28	79	8	28079008	14	"28079008_14_6"	105.000	"V"	"2026-08-26 16:00:00"
28	79	8	28079008	12	"28079008_12_8"	9.000	"V"	"2026-08-26 16:00:00"
28	79	8	28079008	10	"28079008_10_47"	19.000	"V"	"2026-08-26 16:00:00"
28	79	8	28079008	1	"28079008_1_38"	2.000	"V"	"2026-08-26 16:00:00"
28	79	60	28079060	9	"28079060_9_A"	5.000	"V"	"2026-08-26 16:00:00"
28	79	60	28079060	8	"28079060_8_8"	4.000	"V"	"2026-08-26 16:00:00"
28	79	60	28079060	7	"28079060_7_8"	0.000	"V"	"2026-08-26 16:00:00"
28	79	60	28079060	14	"28079060_14_6"	111.000	"V"	"2026-08-26 16:00:00"
28	79	60	28079060	12	"28079060_12_8"	5.000	"V"	"2026-08-26 16:00:00"
28	79	60	28079060	10	"28079060_10_47"	16.000	"V"	"2026-08-26 16:00:00"
28	79	59	28079059	8	"28079059_8_8"	4.000	"V"	"2026-08-26 16:00:00"
28	79	59	28079059	7	"28079059_7_8"	2.000	"V"	"2026-08-26 16:00:00"
28	79	59	28079059	14	"28079059_14_6"	108.000	"V"	"2026-08-26 16:00:00"
28	79	59	28079059	12	"28079059_12_8"	6.000	"V"	"2026-08-26 16:00:00"
28	79	58	28079058	8	"28079058_8_8"	2.000	"V"	"2026-08-26 16:00:00"
28	79	58	28079058	7	"28079058_7_8"	0.000	"V"	"2026-08-26 16:00:00"
28	79	58	28079058	14	"28079058_14_6"	115.000	"V"	"2026-08-26 16:00:00"
28	79	58	28079058	12	"28079058_12_8"	2.000	"V"	"2026-08-26 16:00:00"
28	79	57	28079057	9	"28079057_9_A"	4.000	"V"	"2026-08-26 16:00:00"
28	79	57	28079057	8	"28079057_8_8"	2.000	"V"	"2026-08-26 16:00:00"
28	79	57	28079057	7	"28079057_7_8"	1.000	"V"	"2026-08-26 16:00:00"
28	79	57	28079057	12	"28079057_12_8"	4.000	"V"	"2026-08-26 16:00:00"
28	79	57	28079057	10	"28079057_10_47"	18.000	"V"	"2026-08-26 16:00:00"
28	79	56	28079056	9	"28079056_9_47"	23.000	"V"	"2026-08-26 16:00:00"
28	79	56	28079056	8	"28079056_8_8"	7.000	"V"	"2026-08-26 16:00:00"
28	79	56	28079056	7	"28079056_7_8"	2.000	"V"	"2026-08-26 16:00:00"
28	79	56	28079056	6	"28079056_6_48"	0.100	"V"	"2026-08-26 16:00:00"
28	79	56	28079056	12	"28079056_12_8"	10.000	"V"	"2026-08-26 16:00:00"
28	79	56	28079056	10	"28079056_10_47"	43.000	"V"	"2026-08-26 16:00:00"
28	79	54	28079054	9	"28079054_9_A"	5.000	"V"	"2026-08-26 16:00:00"
28	79	54	28079054	8	"28079054_8_8"	1.000	"V"	"2026-08-26 16:00:00"
28	79	54	28079054	7	"28079054_7_8"	2.000	"V"	"2026-08-26 16:00:00"
28	79	54	28079054	14	"28079054_14_6"	103.000	"V"	"2026-08-26 16:00:00"
28	79	54	28079054	12	"28079054_12_8"	4.000	"V"	"2026-08-26 16:00:00"
28	79	54	28079054	10	"28079054_10_A"	25.000	"V"	"2026-08-26 16:00:00"
28	79	50	28079050	9	"28079050_9_47"	4.000	"V"	"2026-08-26 16:00:00"
28	79	50	28079050	8	"28079050_8_8"	8.000	"V"	"2026-08-26 16:00:00"
28	79	50	28079050	7	"28079050_7_8"	3.000	"V"	"2026-08-26 16:00:00"
28	79	50	28079050	12	"28079050_12_8"	12.000	"V"	"2026-08-26 16:00:00"
28	79	50	28079050	10	"28079050_10_47"	16.000	"V"	"2026-08-26 16:00:00"
28	79	49	28079049	8	"28079049_8_8"	3.000	"V"	"2026-08-26 16:00:00"
28	79	49	28079049	7	"28079049_7_8"	0.000	"V"	"2026-08-26 16:00:00"
28	79	49	28079049	14	"28079049_14_6"	109.000	"V"	"2026-08-26 16:00:00"
28	79	49	28079049	12	"28079049_12_8"	3.000	"V"	"2026-08-26 16:00:00"
28	79	48	28079048	9	"28079048_9_47"	8.000	"V"	"2026-08-26 16:00:00"
28	79	48	28079048	8	"28079048_8_8"	3.000	"V"	"2026-08-26 16:00:00"
28	79	48	28079048	7	"28079048_7_8"	0.000	"V"	"2026-08-26 16:00:00"
28	79	48	28079048	12	"28079048_12_8"	3.000	"V"	"2026-08-26 16:00:00"
28	79	48	28079048	10	"28079048_10_47"	18.000	"V"	"2026-08-26 16:00:00"
28	79	47	28079047	9	"28079047_9_47"	8.000	"V"	"2026-08-26 16:00:00"
28	79	47	28079047	8	"28079047_8_8"	3.000	"V"	"2026-08-26 16:00:00"
28	79	47	28079047	7	"28079047_7_8"	1.000	"V"	"2026-08-26 16:00:00"
28	79	47	28079047	12	"28079047_12_8"	5.000	"V"	"2026-08-26 16:00:00"
28	79	47	28079047	10	"28079047_10_47"	42.000	"V"	"2026-08-26 16:00:00"
28	79	40	28079040	8	"28079040_8_8"	6.000	"V"	"2026-08-26 16:00:00"
28	79	40	28079040	7	"28079040_7_8"	1.000	"V"	"2026-08-26 16:00:00"
28	79	40	28079040	12	"28079040_12_8"	8.000	"V"	"2026-08-26 16:00:00"
28	79	40	28079040	10	"28079040_10_47"	13.000	"V"	"2026-08-26 16:00:00"
28	79	4	28079004	9	"28079004_9_A"	6.000	"V"	"2026-08-26 16:00:00"
28	79	4	28079004	8	"28079004_8_8"	8.000	"V"	"2026-08-26 16:00:00"
28	79	4	28079004	7	"28079004_7_8"	1.000	"V"	"2026-08-26 16:00:00"
28	79	4	28079004	6	"28079004_6_48"	0.200	"V"	"2026-08-26 16:00:00"
28	79	4	28079004	12	"28079004_12_8"	9.000	"V"	"2026-08-26 16:00:00"
28	79	4	28079004	10	"28079004_10_A"	18.000	"V"	"2026-08-26 16:00:00"
28	79	39	28079039	8	"28079039_8_8"	1.000	"V"	"2026-08-26 16:00:00"
28	79	39	28079039	7	"28079039_7_8"	0.000	"V"	"2026-08-26 16:00:00"
28	79	39	28079039	14	"28079039_14_6"	107.000	"V"	"2026-08-26 16:00:00"
28	79	39	28079039	12	"28079039_12_8"	1.000	"V"	"2026-08-26 16:00:00"
28	79	38	28079038	9	"28079038_9_47"	5.000	"V"	"2026-08-26 16:00:00"
28	79	38	28079038	8	"28079038_8_8"	6.000	"V"	"2026-08-26 16:00:00"
28	79	38	28079038	7	"28079038_7_8"	1.000	"V"	"2026-08-26 16:00:00"
28	79	38	28079038	35	"28079038_35_59"	0.100	"V"	"2026-08-26 16:00:00"
28	79	38	28079038	30	"28079038_30_59"	0.500	"V"	"2026-08-26 16:00:00"
28	79	38	28079038	20	"28079038_20_59"	0.800	"V"	"2026-08-26 16:00:00"
28	79	38	28079038	12	"28079038_12_8"	9.000	"V"	"2026-08-26 16:00:00"
28	79	38	28079038	10	"28079038_10_47"	22.000	"V"	"2026-08-26 16:00:00"
28	79	36	28079036	8	"28079036_8_8"	4.000	"V"	"2026-08-26 16:00:00"
28	79	36	28079036	7	"28079036_7_8"	1.000	"V"	"2026-08-26 16:00:00"
28	79	36	28079036	12	"28079036_12_8"	5.000	"V"	"2026-08-26 16:00:00"
28	79	36	28079036	10	"28079036_10_47"	17.000	"V"	"2026-08-26 16:00:00"
28	79	36	28079036	1	"28079036_1_38"	2.000	"V"	"2026-08-26 16:00:00"
28	79	35	28079035	8	"28079035_8_8"	6.000	"V"	"2026-08-26 16:00:00"
28	79	35	28079035	7	"28079035_7_8"	2.000	"V"	"2026-08-26 16:00:00"
28	79	35	28079035	6	"28079035_6_48"	0.200	"V"	"2026-08-26 16:00:00"
28	79	35	28079035	14	"28079035_14_6"	107.000	"V"	"2026-08-26 16:00:00"
28	79	35	28079035	12	"28079035_12_8"	9.000	"V"	"2026-08-26 16:00:00"
28	79	35	28079035	1	"28079035_1_38"	5.000	"V"	"2026-08-26 16:00:00"
28	79	27	28079027	8	"28079027_8_8"	5.000	"V"	"2026-08-26 16:00:00"
28	79	27	28079027	7	"28079027_7_8"	1.000	"V"	"2026-08-26 16:00:00"
28	79	27	28079027	14	"28079027_14_6"	107.000	"V"	"2026-08-26 16:00:00"
28	79	27	28079027	12	"28079027_12_8"	7.000	"V"	"2026-08-26 16:00:00"
28	79	24	28079024	9	"28079024_9_47"	12.000	"V"	"2026-08-26 16:00:00"
28	79	24	28079024	8	"28079024_8_8"	0.000	"V"	"2026-08-26 16:00:00"
28	79	24	28079024	7	"28079024_7_8"	1.000	"V"	"2026-08-26 16:00:00"
28	79	24	28079024	14	"28079024_14_6"	111.000	"V"	"2026-08-26 16:00:00"
28	79	24	28079024	12	"28079024_12_8"	1.000	"V"	"2026-08-26 16:00:00"
28	79	24	28079024	10	"28079024_10_47"	23.000	"V"	"2026-08-26 16:00:00"
28	79	18	28079018	8	"28079018_8_8"	5.000	"V"	"2026-08-26 16:00:00"
28	79	18	28079018	7	"28079018_7_8"	1.000	"V"	"2026-08-26 16:00:00"
28	79	18	28079018	35	"28079018_35_59"	0.400	"V"	"2026-08-26 16:00:00"
28	79	18	28079018	30	"28079018_30_59"	0.100	"V"	"2026-08-26 16:00:00"
28	79	18	28079018	20	"28079018_20_59"	0.100	"V"	"2026-08-26 16:00:00"
28	79	18	28079018	14	"28079018_14_6"	103.000	"V"	"2026-08-26 16:00:00"
28	79	18	28079018	12	"28079018_12_8"	6.000	"V"	"2026-08-26 16:00:00"
28	79	18	28079018	10	"28079018_10_47"	11.000	"V"	"2026-08-26 16:00:00"
28	79	17	28079017	8	"28079017_8_8"	5.000	"V"	"2026-08-26 16:00:00"
28	79	17	28079017	7	"28079017_7_8"	2.000	"V"	"2026-08-26 16:00:00"
28	79	17	28079017	14	"28079017_14_6"	103.000	"V"	"2026-08-26 16:00:00"
28	79	17	28079017	12	"28079017_12_8"	8.000	"V"	"2026-08-26 16:00:00"
28	79	16	28079016	8	"28079016_8_8"	6.000	"V"	"2026-08-26 16:00:00"
28	79	16	28079016	7	"28079016_7_8"	1.000	"V"	"2026-08-26 16:00:00"
28	79	16	28079016	14	"28079016_14_6"	104.000	"V"	"2026-08-26 16:00:00"
28	79	16	28079016	12	"28079016_12_8"	7.000	"V"	"2026-08-26 16:00:00"
28	79	11	28079011	8	"28079011_8_8"	7.000	"V"	"2026-08-26 16:00:00"
28	79	11	28079011	7	"28079011_7_8"	1.000	"V"	"2026-08-26 16:00:00"
28	79	11	28079011	12	"28079011_12_8"	8.000	"V"	"2026-08-26 16:00:00"
28	79	8	28079008	9	"28079008_9_47"	1.000	"V"	"2026-08-26 15:00:00"
28	79	8	28079008	8	"28079008_8_8"	9.000	"V"	"2026-08-26 15:00:00"
28	79	8	28079008	7	"28079008_7_8"	0.000	"V"	"2026-08-26 15:00:00"
28	79	8	28079008	6	"28079008_6_48"	0.200	"V"	"2026-08-26 15:00:00"
28	79	8	28079008	35	"28079008_35_59"	0.300	"V"	"2026-08-26 15:00:00"
28	79	8	28079008	30	"28079008_30_59"	0.300	"V"	"2026-08-26 15:00:00"
28	79	8	28079008	20	"28079008_20_59"	1.100	"V"	"2026-08-26 15:00:00"
28	79	8	28079008	14	"28079008_14_6"	106.000	"V"	"2026-08-26 15:00:00"
28	79	8	28079008	12	"28079008_12_8"	9.000	"V"	"2026-08-26 15:00:00"
28	79	8	28079008	10	"28079008_10_47"	24.000	"V"	"2026-08-26 15:00:00"
28	79	8	28079008	1	"28079008_1_38"	2.000	"V"	"2026-08-26 15:00:00"
28	79	60	28079060	9	"28079060_9_A"	6.000	"V"	"2026-08-26 15:00:00"
28	79	60	28079060	8	"28079060_8_8"	6.000	"V"	"2026-08-26 15:00:00"
28	79	60	28079060	7	"28079060_7_8"	1.000	"V"	"2026-08-26 15:00:00"
28	79	60	28079060	14	"28079060_14_6"	113.000	"V"	"2026-08-26 15:00:00"
28	79	60	28079060	12	"28079060_12_8"	7.000	"V"	"2026-08-26 15:00:00"
28	79	60	28079060	10	"28079060_10_47"	22.000	"V"	"2026-08-26 15:00:00"
28	79	59	28079059	8	"28079059_8_8"	4.000	"V"	"2026-08-26 15:00:00"
28	79	59	28079059	7	"28079059_7_8"	1.000	"V"	"2026-08-26 15:00:00"
28	79	59	28079059	14	"28079059_14_6"	113.000	"V"	"2026-08-26 15:00:00"
28	79	59	28079059	12	"28079059_12_8"	6.000	"V"	"2026-08-26 15:00:00"
28	79	58	28079058	8	"28079058_8_8"	2.000	"V"	"2026-08-26 15:00:00"
28	79	58	28079058	7	"28079058_7_8"	0.000	"V"	"2026-08-26 15:00:00"
28	79	58	28079058	14	"28079058_14_6"	116.000	"V"	"2026-08-26 15:00:00"
28	79	58	28079058	12	"28079058_12_8"	2.000	"V"	"2026-08-26 15:00:00"
28	79	57	28079057	9	"28079057_9_A"	15.000	"V"	"2026-08-26 15:00:00"
28	79	57	28079057	8	"28079057_8_8"	3.000	"V"	"2026-08-26 15:00:00"
28	79	57	28079057	7	"28079057_7_8"	1.000	"V"	"2026-08-26 15:00:00"
28	79	57	28079057	12	"28079057_12_8"	5.000	"V"	"2026-08-26 15:00:00"
28	79	57	28079057	10	"28079057_10_47"	36.000	"V"	"2026-08-26 15:00:00"
28	79	56	28079056	9	"28079056_9_47"	3.000	"V"	"2026-08-26 15:00:00"
28	79	56	28079056	8	"28079056_8_8"	7.000	"V"	"2026-08-26 15:00:00"
28	79	56	28079056	7	"28079056_7_8"	2.000	"V"	"2026-08-26 15:00:00"
28	79	56	28079056	6	"28079056_6_48"	0.100	"V"	"2026-08-26 15:00:00"
28	79	56	28079056	12	"28079056_12_8"	10.000	"V"	"2026-08-26 15:00:00"
28	79	56	28079056	10	"28079056_10_47"	7.000	"V"	"2026-08-26 15:00:00"
28	79	54	28079054	9	"28079054_9_A"	1.000	"V"	"2026-08-26 15:00:00"
28	79	54	28079054	8	"28079054_8_8"	2.000	"V"	"2026-08-26 15:00:00"
28	79	54	28079054	7	"28079054_7_8"	2.000	"V"	"2026-08-26 15:00:00"
28	79	54	28079054	14	"28079054_14_6"	106.000	"V"	"2026-08-26 15:00:00"
28	79	54	28079054	12	"28079054_12_8"	4.000	"V"	"2026-08-26 15:00:00"
28	79	54	28079054	10	"28079054_10_A"	18.000	"V"	"2026-08-26 15:00:00"
28	79	50	28079050	9	"28079050_9_47"	6.000	"V"	"2026-08-26 15:00:00"
28	79	50	28079050	8	"28079050_8_8"	10.000	"V"	"2026-08-26 15:00:00"
28	79	50	28079050	7	"28079050_7_8"	3.000	"V"	"2026-08-26 15:00:00"
28	79	50	28079050	12	"28079050_12_8"	14.000	"V"	"2026-08-26 15:00:00"
28	79	50	28079050	10	"28079050_10_47"	22.000	"V"	"2026-08-26 15:00:00"
28	79	49	28079049	8	"28079049_8_8"	4.000	"V"	"2026-08-26 15:00:00"
28	79	49	28079049	7	"28079049_7_8"	0.000	"V"	"2026-08-26 15:00:00"
28	79	49	28079049	14	"28079049_14_6"	110.000	"V"	"2026-08-26 15:00:00"
28	79	49	28079049	12	"28079049_12_8"	4.000	"V"	"2026-08-26 15:00:00"
28	79	48	28079048	9	"28079048_9_47"	7.000	"V"	"2026-08-26 15:00:00"
28	79	48	28079048	8	"28079048_8_8"	3.000	"V"	"2026-08-26 15:00:00"
28	79	48	28079048	7	"28079048_7_8"	0.000	"V"	"2026-08-26 15:00:00"
28	79	48	28079048	12	"28079048_12_8"	3.000	"V"	"2026-08-26 15:00:00"
28	79	48	28079048	10	"28079048_10_47"	23.000	"V"	"2026-08-26 15:00:00"
28	79	47	28079047	9	"28079047_9_47"	13.000	"V"	"2026-08-26 15:00:00"
28	79	47	28079047	8	"28079047_8_8"	4.000	"V"	"2026-08-26 15:00:00"
28	79	47	28079047	7	"28079047_7_8"	1.000	"V"	"2026-08-26 15:00:00"
28	79	47	28079047	12	"28079047_12_8"	6.000	"V"	"2026-08-26 15:00:00"
28	79	47	28079047	10	"28079047_10_47"	44.000	"V"	"2026-08-26 15:00:00"
28	79	40	28079040	8	"28079040_8_8"	7.000	"V"	"2026-08-26 15:00:00"
28	79	40	28079040	7	"28079040_7_8"	1.000	"V"	"2026-08-26 15:00:00"
28	79	40	28079040	12	"28079040_12_8"	9.000	"V"	"2026-08-26 15:00:00"
28	79	40	28079040	10	"28079040_10_47"	25.000	"V"	"2026-08-26 15:00:00"
28	79	4	28079004	9	"28079004_9_A"	6.000	"V"	"2026-08-26 15:00:00"
28	79	4	28079004	8	"28079004_8_8"	10.000	"V"	"2026-08-26 15:00:00"
28	79	4	28079004	7	"28079004_7_8"	1.000	"V"	"2026-08-26 15:00:00"
28	79	4	28079004	6	"28079004_6_48"	0.200	"V"	"2026-08-26 15:00:00"
28	79	4	28079004	12	"28079004_12_8"	11.000	"V"	"2026-08-26 15:00:00"
28	79	4	28079004	10	"28079004_10_A"	22.000	"V"	"2026-08-26 15:00:00"
28	79	39	28079039	8	"28079039_8_8"	2.000	"V"	"2026-08-26 15:00:00"
28	79	39	28079039	7	"28079039_7_8"	0.000	"V"	"2026-08-26 15:00:00"
28	79	39	28079039	14	"28079039_14_6"	107.000	"V"	"2026-08-26 15:00:00"
28	79	39	28079039	12	"28079039_12_8"	2.000	"V"	"2026-08-26 15:00:00"
28	79	38	28079038	9	"28079038_9_47"	7.000	"V"	"2026-08-26 15:00:00"
28	79	38	28079038	8	"28079038_8_8"	7.000	"V"	"2026-08-26 15:00:00"
28	79	38	28079038	7	"28079038_7_8"	2.000	"V"	"2026-08-26 15:00:00"
28	79	38	28079038	35	"28079038_35_59"	0.100	"V"	"2026-08-26 15:00:00"
28	79	38	28079038	30	"28079038_30_59"	0.900	"V"	"2026-08-26 15:00:00"
28	79	38	28079038	20	"28079038_20_59"	1.000	"V"	"2026-08-26 15:00:00"
28	79	38	28079038	12	"28079038_12_8"	10.000	"V"	"2026-08-26 15:00:00"
28	79	38	28079038	10	"28079038_10_47"	25.000	"V"	"2026-08-26 15:00:00"
28	79	36	28079036	8	"28079036_8_8"	0.000	"N"	"2026-08-26 15:00:00"
28	79	36	28079036	7	"28079036_7_8"	0.000	"N"	"2026-08-26 15:00:00"
28	79	36	28079036	12	"28079036_12_8"	0.000	"N"	"2026-08-26 15:00:00"
28	79	36	28079036	10	"28079036_10_47"	22.000	"V"	"2026-08-26 15:00:00"
28	79	36	28079036	1	"28079036_1_38"	0.000	"N"	"2026-08-26 15:00:00"
28	79	35	28079035	8	"28079035_8_8"	6.000	"V"	"2026-08-26 15:00:00"
28	79	35	28079035	7	"28079035_7_8"	2.000	"V"	"2026-08-26 15:00:00"
28	79	35	28079035	6	"28079035_6_48"	0.200	"V"	"2026-08-26 15:00:00"
28	79	35	28079035	14	"28079035_14_6"	109.000	"V"	"2026-08-26 15:00:00"
28	79	35	28079035	12	"28079035_12_8"	9.000	"V"	"2026-08-26 15:00:00"
28	79	35	28079035	1	"28079035_1_38"	4.000	"V"	"2026-08-26 15:00:00"
28	79	27	28079027	8	"28079027_8_8"	5.000	"V"	"2026-08-26 15:00:00"
28	79	27	28079027	7	"28079027_7_8"	1.000	"V"	"2026-08-26 15:00:00"
28	79	27	28079027	14	"28079027_14_6"	112.000	"V"	"2026-08-26 15:00:00"
28	79	27	28079027	12	"28079027_12_8"	7.000	"V"	"2026-08-26 15:00:00"
28	79	24	28079024	9	"28079024_9_47"	0.000	"V"	"2026-08-26 15:00:00"
28	79	24	28079024	8	"28079024_8_8"	0.000	"V"	"2026-08-26 15:00:00"
28	79	24	28079024	7	"28079024_7_8"	1.000	"V"	"2026-08-26 15:00:00"
28	79	24	28079024	14	"28079024_14_6"	112.000	"V"	"2026-08-26 15:00:00"
28	79	24	28079024	12	"28079024_12_8"	2.000	"V"	"2026-08-26 15:00:00"
28	79	24	28079024	10	"28079024_10_47"	10.000	"V"	"2026-08-26 15:00:00"
28	79	18	28079018	8	"28079018_8_8"	5.000	"V"	"2026-08-26 15:00:00"
28	79	18	28079018	7	"28079018_7_8"	1.000	"V"	"2026-08-26 15:00:00"
28	79	18	28079018	35	"28079018_35_59"	0.400	"V"	"2026-08-26 15:00:00"
28	79	18	28079018	30	"28079018_30_59"	0.100	"V"	"2026-08-26 15:00:00"
28	79	18	28079018	20	"28079018_20_59"	0.800	"V"	"2026-08-26 15:00:00"
28	79	18	28079018	14	"28079018_14_6"	102.000	"V"	"2026-08-26 15:00:00"
28	79	18	28079018	12	"28079018_12_8"	7.000	"V"	"2026-08-26 15:00:00"
28	79	18	28079018	10	"28079018_10_47"	16.000	"V"	"2026-08-26 15:00:00"
28	79	17	28079017	8	"28079017_8_8"	7.000	"V"	"2026-08-26 15:00:00"
28	79	17	28079017	7	"28079017_7_8"	2.000	"V"	"2026-08-26 15:00:00"
28	79	17	28079017	14	"28079017_14_6"	104.000	"V"	"2026-08-26 15:00:00"
28	79	17	28079017	12	"28079017_12_8"	10.000	"V"	"2026-08-26 15:00:00"
28	79	16	28079016	8	"28079016_8_8"	7.000	"V"	"2026-08-26 15:00:00"
28	79	16	28079016	7	"28079016_7_8"	1.000	"V"	"2026-08-26 15:00:00"
28	79	16	28079016	14	"28079016_14_6"	109.000	"V"	"2026-08-26 15:00:00"
28	79	16	28079016	12	"28079016_12_8"	8.000	"V"	"2026-08-26 15:00:00"
28	79	11	28079011	8	"28079011_8_8"	9.000	"V"	"2026-08-26 15:00:00"
28	79	11	28079011	7	"28079011_7_8"	1.000	"V"	"2026-08-26 15:00:00"
28	79	11	28079011	12	"28079011_12_8"	11.000	"V"	"2026-08-26 15:00:00"
28	79	8	28079008	9	"28079008_9_47"	1.000	"V"	"2026-08-26 14:00:00"
28	79	8	28079008	8	"28079008_8_8"	9.000	"V"	"2026-08-26 14:00:00"
28	79	8	28079008	7	"28079008_7_8"	0.000	"V"	"2026-08-26 14:00:00"
28	79	8	28079008	6	"28079008_6_48"	0.200	"V"	"2026-08-26 14:00:00"
28	79	8	28079008	35	"28079008_35_59"	0.300	"V"	"2026-08-26 14:00:00"
28	79	8	28079008	30	"28079008_30_59"	0.200	"V"	"2026-08-26 14:00:00"
28	79	8	28079008	20	"28079008_20_59"	1.000	"V"	"2026-08-26 14:00:00"
28	79	8	28079008	14	"28079008_14_6"	110.000	"V"	"2026-08-26 14:00:00"
28	79	8	28079008	10	"28079008_10_47"	22.000	"V"	"2026-08-26 14:00:00"
28	79	8	28079008	1	"28079008_1_38"	2.000	"V"	"2026-08-26 14:00:00"
28	79	60	28079060	9	"28079060_9_A"	7.000	"V"	"2026-08-26 14:00:00"
28	79	60	28079060	8	"28079060_8_8"	6.000	"V"	"2026-08-26 14:00:00"
28	79	60	28079060	7	"28079060_7_8"	0.000	"V"	"2026-08-26 14:00:00"
28	79	60	28079060	14	"28079060_14_6"	115.000	"V"	"2026-08-26 14:00:00"
28	79	60	28079060	12	"28079060_12_8"	7.000	"V"	"2026-08-26 14:00:00"
28	79	60	28079060	10	"28079060_10_47"	21.000	"V"	"2026-08-26 14:00:00"
28	79	59	28079059	8	"28079059_8_8"	5.000	"V"	"2026-08-26 14:00:00"
28	79	59	28079059	7	"28079059_7_8"	2.000	"V"	"2026-08-26 14:00:00"
28	79	59	28079059	14	"28079059_14_6"	112.000	"V"	"2026-08-26 14:00:00"
28	79	59	28079059	12	"28079059_12_8"	8.000	"V"	"2026-08-26 14:00:00"
28	79	58	28079058	8	"28079058_8_8"	3.000	"V"	"2026-08-26 14:00:00"
28	79	58	28079058	7	"28079058_7_8"	0.000	"V"	"2026-08-26 14:00:00"
28	79	58	28079058	14	"28079058_14_6"	117.000	"V"	"2026-08-26 14:00:00"
28	79	58	28079058	12	"28079058_12_8"	3.000	"V"	"2026-08-26 14:00:00"
28	79	57	28079057	9	"28079057_9_A"	4.000	"V"	"2026-08-26 14:00:00"
28	79	57	28079057	8	"28079057_8_8"	4.000	"V"	"2026-08-26 14:00:00"
28	79	57	28079057	7	"28079057_7_8"	2.000	"V"	"2026-08-26 14:00:00"
28	79	57	28079057	12	"28079057_12_8"	8.000	"V"	"2026-08-26 14:00:00"
28	79	57	28079057	10	"28079057_10_47"	9.000	"V"	"2026-08-26 14:00:00"
28	79	56	28079056	9	"28079056_9_47"	3.000	"V"	"2026-08-26 14:00:00"
28	79	56	28079056	8	"28079056_8_8"	11.000	"V"	"2026-08-26 14:00:00"
28	79	56	28079056	7	"28079056_7_8"	4.000	"V"	"2026-08-26 14:00:00"
28	79	56	28079056	6	"28079056_6_48"	0.100	"V"	"2026-08-26 14:00:00"
28	79	56	28079056	12	"28079056_12_8"	16.000	"V"	"2026-08-26 14:00:00"
28	79	56	28079056	10	"28079056_10_47"	24.000	"V"	"2026-08-26 14:00:00"
28	79	54	28079054	9	"28079054_9_A"	10.000	"V"	"2026-08-26 14:00:00"
28	79	54	28079054	8	"28079054_8_8"	3.000	"V"	"2026-08-26 14:00:00"
28	79	54	28079054	7	"28079054_7_8"	2.000	"V"	"2026-08-26 14:00:00"
28	79	54	28079054	14	"28079054_14_6"	107.000	"V"	"2026-08-26 14:00:00"
28	79	54	28079054	12	"28079054_12_8"	6.000	"V"	"2026-08-26 14:00:00"
28	79	54	28079054	10	"28079054_10_A"	26.000	"V"	"2026-08-26 14:00:00"
28	79	50	28079050	9	"28079050_9_47"	7.000	"V"	"2026-08-26 14:00:00"
28	79	50	28079050	8	"28079050_8_8"	8.000	"V"	"2026-08-26 14:00:00"
28	79	50	28079050	7	"28079050_7_8"	1.000	"V"	"2026-08-26 14:00:00"
28	79	50	28079050	12	"28079050_12_8"	10.000	"V"	"2026-08-26 14:00:00"
28	79	50	28079050	10	"28079050_10_47"	21.000	"V"	"2026-08-26 14:00:00"
28	79	49	28079049	8	"28079049_8_8"	4.000	"V"	"2026-08-26 14:00:00"
28	79	49	28079049	7	"28079049_7_8"	0.000	"V"	"2026-08-26 14:00:00"
28	79	49	28079049	14	"28079049_14_6"	112.000	"V"	"2026-08-26 14:00:00"
28	79	49	28079049	12	"28079049_12_8"	4.000	"V"	"2026-08-26 14:00:00"
28	79	48	28079048	9	"28079048_9_47"	6.000	"V"	"2026-08-26 14:00:00"
28	79	48	28079048	8	"28079048_8_8"	3.000	"V"	"2026-08-26 14:00:00"
28	79	48	28079048	7	"28079048_7_8"	0.000	"V"	"2026-08-26 14:00:00"
28	79	48	28079048	12	"28079048_12_8"	3.000	"V"	"2026-08-26 14:00:00"
28	79	48	28079048	10	"28079048_10_47"	31.000	"V"	"2026-08-26 14:00:00"
28	79	47	28079047	9	"28079047_9_47"	4.000	"V"	"2026-08-26 14:00:00"
28	79	47	28079047	8	"28079047_8_8"	4.000	"V"	"2026-08-26 14:00:00"
28	79	47	28079047	7	"28079047_7_8"	1.000	"V"	"2026-08-26 14:00:00"
28	79	47	28079047	12	"28079047_12_8"	6.000	"V"	"2026-08-26 14:00:00"
28	79	47	28079047	10	"28079047_10_47"	19.000	"V"	"2026-08-26 14:00:00"
28	79	40	28079040	8	"28079040_8_8"	9.000	"V"	"2026-08-26 14:00:00"
28	79	40	28079040	7	"28079040_7_8"	2.000	"V"	"2026-08-26 14:00:00"
28	79	40	28079040	12	"28079040_12_8"	12.000	"V"	"2026-08-26 14:00:00"
28	79	40	28079040	10	"28079040_10_47"	47.000	"V"	"2026-08-26 14:00:00"
28	79	4	28079004	9	"28079004_9_A"	7.000	"V"	"2026-08-26 14:00:00"
28	79	4	28079004	8	"28079004_8_8"	13.000	"V"	"2026-08-26 14:00:00"
28	79	4	28079004	7	"28079004_7_8"	2.000	"V"	"2026-08-26 14:00:00"
28	79	4	28079004	6	"28079004_6_48"	0.200	"V"	"2026-08-26 14:00:00"
28	79	4	28079004	12	"28079004_12_8"	15.000	"V"	"2026-08-26 14:00:00"
28	79	4	28079004	10	"28079004_10_A"	25.000	"V"	"2026-08-26 14:00:00"
28	79	39	28079039	8	"28079039_8_8"	3.000	"V"	"2026-08-26 14:00:00"
28	79	39	28079039	7	"28079039_7_8"	0.000	"V"	"2026-08-26 14:00:00"
28	79	39	28079039	14	"28079039_14_6"	110.000	"V"	"2026-08-26 14:00:00"
28	79	39	28079039	12	"28079039_12_8"	3.000	"V"	"2026-08-26 14:00:00"
28	79	38	28079038	9	"28079038_9_47"	8.000	"V"	"2026-08-26 14:00:00"
28	79	38	28079038	8	"28079038_8_8"	6.000	"V"	"2026-08-26 14:00:00"
28	79	38	28079038	7	"28079038_7_8"	1.000	"V"	"2026-08-26 14:00:00"
28	79	38	28079038	35	"28079038_35_59"	0.100	"V"	"2026-08-26 14:00:00"
28	79	38	28079038	30	"28079038_30_59"	0.800	"V"	"2026-08-26 14:00:00"
28	79	38	28079038	20	"28079038_20_59"	1.300	"V"	"2026-08-26 14:00:00"
28	79	38	28079038	12	"28079038_12_8"	7.000	"V"	"2026-08-26 14:00:00"
28	79	38	28079038	10	"28079038_10_47"	27.000	"V"	"2026-08-26 14:00:00"
28	79	36	28079036	8	"28079036_8_8"	0.000	"N"	"2026-08-26 14:00:00"
28	79	36	28079036	12	"28079036_12_8"	0.000	"N"	"2026-08-26 14:00:00"
28	79	36	28079036	10	"28079036_10_47"	22.000	"V"	"2026-08-26 14:00:00"
28	79	36	28079036	1	"28079036_1_38"	0.000	"N"	"2026-08-26 14:00:00"
28	79	35	28079035	8	"28079035_8_8"	8.000	"V"	"2026-08-26 14:00:00"
28	79	35	28079035	7	"28079035_7_8"	3.000	"V"	"2026-08-26 14:00:00"
28	79	35	28079035	6	"28079035_6_48"	0.200	"V"	"2026-08-26 14:00:00"
28	79	35	28079035	14	"28079035_14_6"	111.000	"V"	"2026-08-26 14:00:00"
28	79	35	28079035	12	"28079035_12_8"	12.000	"V"	"2026-08-26 14:00:00"
28	79	35	28079035	1	"28079035_1_38"	5.000	"V"	"2026-08-26 14:00:00"
28	79	27	28079027	8	"28079027_8_8"	6.000	"V"	"2026-08-26 14:00:00"
28	79	27	28079027	7	"28079027_7_8"	1.000	"V"	"2026-08-26 14:00:00"
28	79	27	28079027	14	"28079027_14_6"	112.000	"V"	"2026-08-26 14:00:00"
28	79	27	28079027	12	"28079027_12_8"	8.000	"V"	"2026-08-26 14:00:00"
28	79	24	28079024	9	"28079024_9_47"	1.000	"V"	"2026-08-26 14:00:00"
28	79	24	28079024	8	"28079024_8_8"	2.000	"V"	"2026-08-26 14:00:00"
28	79	24	28079024	7	"28079024_7_8"	1.000	"V"	"2026-08-26 14:00:00"
28	79	24	28079024	14	"28079024_14_6"	114.000	"V"	"2026-08-26 14:00:00"
28	79	24	28079024	12	"28079024_12_8"	3.000	"V"	"2026-08-26 14:00:00"
28	79	24	28079024	10	"28079024_10_47"	14.000	"V"	"2026-08-26 14:00:00"
28	79	18	28079018	7	"28079018_7_8"	1.000	"V"	"2026-08-26 14:00:00"
28	79	18	28079018	8	"28079018_8_8"	6.000	"V"	"2026-08-26 14:00:00"
28	79	18	28079018	35	"28079018_35_59"	1.300	"V"	"2026-08-26 14:00:00"
28	79	18	28079018	30	"28079018_30_59"	0.600	"V"	"2026-08-26 14:00:00"
28	79	18	28079018	20	"28079018_20_59"	2.200	"V"	"2026-08-26 14:00:00"
28	79	18	28079018	14	"28079018_14_6"	107.000	"V"	"2026-08-26 14:00:00"
28	79	18	28079018	10	"28079018_10_47"	30.000	"V"	"2026-08-26 14:00:00"
28	79	17	28079017	8	"28079017_8_8"	7.000	"V"	"2026-08-26 14:00:00"
28	79	17	28079017	7	"28079017_7_8"	1.000	"V"	"2026-08-26 14:00:00"
28	79	36	28079036	7	"28079036_7_8"	0.000	"N"	"2026-08-26 14:00:00"
28	79	17	28079017	14	"28079017_14_6"	106.000	"V"	"2026-08-26 14:00:00"
28	79	8	28079008	12	"28079008_12_8"	10.000	"V"	"2026-08-26 14:00:00"
28	79	18	28079018	12	"28079018_12_8"	7.000	"V"	"2026-08-26 14:00:00"
28	79	17	28079017	12	"28079017_12_8"	9.000	"V"	"2026-08-26 14:00:00"
28	79	16	28079016	8	"28079016_8_8"	8.000	"V"	"2026-08-26 14:00:00"
28	79	16	28079016	7	"28079016_7_8"	1.000	"V"	"2026-08-26 14:00:00"
28	79	16	28079016	14	"28079016_14_6"	107.000	"V"	"2026-08-26 14:00:00"
28	79	16	28079016	12	"28079016_12_8"	9.000	"V"	"2026-08-26 14:00:00"
28	79	11	28079011	8	"28079011_8_8"	11.000	"V"	"2026-08-26 14:00:00"
28	79	11	28079011	7	"28079011_7_8"	2.000	"V"	"2026-08-26 14:00:00"
28	79	11	28079011	12	"28079011_12_8"	13.000	"V"	"2026-08-26 14:00:00"
28	79	8	28079008	9	"28079008_9_47"	2.000	"V"	"2026-08-26 13:00:00"
28	79	8	28079008	8	"28079008_8_8"	15.000	"V"	"2026-08-26 13:00:00"
28	79	8	28079008	7	"28079008_7_8"	0.000	"V"	"2026-08-26 13:00:00"
28	79	8	28079008	6	"28079008_6_48"	0.200	"V"	"2026-08-26 13:00:00"
28	79	8	28079008	35	"28079008_35_59"	0.400	"V"	"2026-08-26 13:00:00"
28	79	8	28079008	30	"28079008_30_59"	0.200	"V"	"2026-08-26 13:00:00"
28	79	8	28079008	20	"28079008_20_59"	1.600	"V"	"2026-08-26 13:00:00"
28	79	8	28079008	14	"28079008_14_6"	102.000	"V"	"2026-08-26 13:00:00"
28	79	8	28079008	12	"28079008_12_8"	15.000	"V"	"2026-08-26 13:00:00"
28	79	8	28079008	10	"28079008_10_47"	20.000	"V"	"2026-08-26 13:00:00"
28	79	8	28079008	1	"28079008_1_38"	2.000	"V"	"2026-08-26 13:00:00"
28	79	60	28079060	9	"28079060_9_A"	7.000	"V"	"2026-08-26 13:00:00"
28	79	60	28079060	8	"28079060_8_8"	10.000	"V"	"2026-08-26 13:00:00"
28	79	60	28079060	7	"28079060_7_8"	1.000	"V"	"2026-08-26 13:00:00"
28	79	60	28079060	14	"28079060_14_6"	105.000	"V"	"2026-08-26 13:00:00"
28	79	60	28079060	12	"28079060_12_8"	12.000	"V"	"2026-08-26 13:00:00"
28	79	60	28079060	10	"28079060_10_47"	23.000	"V"	"2026-08-26 13:00:00"
28	79	59	28079059	8	"28079059_8_8"	6.000	"V"	"2026-08-26 13:00:00"
28	79	59	28079059	7	"28079059_7_8"	2.000	"V"	"2026-08-26 13:00:00"
28	79	59	28079059	14	"28079059_14_6"	105.000	"V"	"2026-08-26 13:00:00"
28	79	59	28079059	12	"28079059_12_8"	9.000	"V"	"2026-08-26 13:00:00"
28	79	58	28079058	8	"28079058_8_8"	9.000	"V"	"2026-08-26 13:00:00"
28	79	58	28079058	7	"28079058_7_8"	1.000	"V"	"2026-08-26 13:00:00"
28	79	58	28079058	14	"28079058_14_6"	107.000	"V"	"2026-08-26 13:00:00"
28	79	58	28079058	12	"28079058_12_8"	10.000	"V"	"2026-08-26 13:00:00"
28	79	57	28079057	9	"28079057_9_A"	0.000	"V"	"2026-08-26 13:00:00"
28	79	57	28079057	8	"28079057_8_8"	6.000	"V"	"2026-08-26 13:00:00"
28	79	57	28079057	7	"28079057_7_8"	2.000	"V"	"2026-08-26 13:00:00"
28	79	57	28079057	12	"28079057_12_8"	9.000	"V"	"2026-08-26 13:00:00"
28	79	57	28079057	10	"28079057_10_47"	4.000	"V"	"2026-08-26 13:00:00"
28	79	56	28079056	9	"28079056_9_47"	6.000	"V"	"2026-08-26 13:00:00"
28	79	56	28079056	8	"28079056_8_8"	12.000	"V"	"2026-08-26 13:00:00"
28	79	56	28079056	7	"28079056_7_8"	4.000	"V"	"2026-08-26 13:00:00"
28	79	56	28079056	6	"28079056_6_48"	0.100	"V"	"2026-08-26 13:00:00"
28	79	56	28079056	12	"28079056_12_8"	18.000	"V"	"2026-08-26 13:00:00"
28	79	56	28079056	10	"28079056_10_47"	31.000	"V"	"2026-08-26 13:00:00"
28	79	54	28079054	9	"28079054_9_A"	7.000	"V"	"2026-08-26 13:00:00"
28	79	54	28079054	8	"28079054_8_8"	4.000	"V"	"2026-08-26 13:00:00"
28	79	54	28079054	7	"28079054_7_8"	2.000	"V"	"2026-08-26 13:00:00"
28	79	54	28079054	14	"28079054_14_6"	101.000	"V"	"2026-08-26 13:00:00"
28	79	54	28079054	12	"28079054_12_8"	8.000	"V"	"2026-08-26 13:00:00"
28	79	54	28079054	10	"28079054_10_A"	22.000	"V"	"2026-08-26 13:00:00"
28	79	50	28079050	9	"28079050_9_47"	6.000	"V"	"2026-08-26 13:00:00"
28	79	50	28079050	8	"28079050_8_8"	13.000	"V"	"2026-08-26 13:00:00"
28	79	50	28079050	7	"28079050_7_8"	1.000	"V"	"2026-08-26 13:00:00"
28	79	50	28079050	12	"28079050_12_8"	14.000	"V"	"2026-08-26 13:00:00"
28	79	50	28079050	10	"28079050_10_47"	18.000	"V"	"2026-08-26 13:00:00"
28	79	49	28079049	8	"28079049_8_8"	7.000	"V"	"2026-08-26 13:00:00"
28	79	49	28079049	7	"28079049_7_8"	0.000	"V"	"2026-08-26 13:00:00"
28	79	49	28079049	14	"28079049_14_6"	106.000	"V"	"2026-08-26 13:00:00"
28	79	49	28079049	12	"28079049_12_8"	7.000	"V"	"2026-08-26 13:00:00"
28	79	48	28079048	9	"28079048_9_47"	7.000	"V"	"2026-08-26 13:00:00"
28	79	48	28079048	8	"28079048_8_8"	6.000	"V"	"2026-08-26 13:00:00"
28	79	48	28079048	12	"28079048_12_8"	7.000	"V"	"2026-08-26 13:00:00"
28	79	48	28079048	10	"28079048_10_47"	27.000	"V"	"2026-08-26 13:00:00"
28	79	47	28079047	9	"28079047_9_47"	5.000	"V"	"2026-08-26 13:00:00"
28	79	47	28079047	8	"28079047_8_8"	6.000	"V"	"2026-08-26 13:00:00"
28	79	47	28079047	7	"28079047_7_8"	1.000	"V"	"2026-08-26 13:00:00"
28	79	47	28079047	12	"28079047_12_8"	8.000	"V"	"2026-08-26 13:00:00"
28	79	47	28079047	10	"28079047_10_47"	22.000	"V"	"2026-08-26 13:00:00"
28	79	40	28079040	8	"28079040_8_8"	9.000	"V"	"2026-08-26 13:00:00"
28	79	40	28079040	7	"28079040_7_8"	2.000	"V"	"2026-08-26 13:00:00"
28	79	40	28079040	12	"28079040_12_8"	12.000	"V"	"2026-08-26 13:00:00"
28	79	40	28079040	10	"28079040_10_47"	34.000	"V"	"2026-08-26 13:00:00"
28	79	4	28079004	9	"28079004_9_A"	8.000	"V"	"2026-08-26 13:00:00"
28	79	4	28079004	8	"28079004_8_8"	20.000	"V"	"2026-08-26 13:00:00"
28	79	4	28079004	7	"28079004_7_8"	2.000	"V"	"2026-08-26 13:00:00"
28	79	4	28079004	6	"28079004_6_48"	0.200	"V"	"2026-08-26 13:00:00"
28	79	4	28079004	12	"28079004_12_8"	23.000	"V"	"2026-08-26 13:00:00"
28	79	4	28079004	10	"28079004_10_A"	31.000	"V"	"2026-08-26 13:00:00"
28	79	39	28079039	8	"28079039_8_8"	8.000	"V"	"2026-08-26 13:00:00"
28	79	39	28079039	7	"28079039_7_8"	1.000	"V"	"2026-08-26 13:00:00"
28	79	39	28079039	14	"28079039_14_6"	98.000	"V"	"2026-08-26 13:00:00"
28	79	39	28079039	12	"28079039_12_8"	9.000	"V"	"2026-08-26 13:00:00"
28	79	38	28079038	9	"28079038_9_47"	9.000	"V"	"2026-08-26 13:00:00"
28	79	38	28079038	8	"28079038_8_8"	10.000	"V"	"2026-08-26 13:00:00"
28	79	38	28079038	7	"28079038_7_8"	2.000	"V"	"2026-08-26 13:00:00"
28	79	38	28079038	35	"28079038_35_59"	0.200	"V"	"2026-08-26 13:00:00"
28	79	38	28079038	30	"28079038_30_59"	0.800	"V"	"2026-08-26 13:00:00"
28	79	38	28079038	20	"28079038_20_59"	1.700	"V"	"2026-08-26 13:00:00"
28	79	38	28079038	12	"28079038_12_8"	13.000	"V"	"2026-08-26 13:00:00"
28	79	38	28079038	10	"28079038_10_47"	30.000	"V"	"2026-08-26 13:00:00"
28	79	36	28079036	8	"28079036_8_8"	8.000	"V"	"2026-08-26 13:00:00"
28	79	36	28079036	7	"28079036_7_8"	1.000	"V"	"2026-08-26 13:00:00"
28	79	36	28079036	12	"28079036_12_8"	9.000	"V"	"2026-08-26 13:00:00"
28	79	36	28079036	10	"28079036_10_47"	21.000	"V"	"2026-08-26 13:00:00"
28	79	36	28079036	1	"28079036_1_38"	3.000	"V"	"2026-08-26 13:00:00"
28	79	35	28079035	8	"28079035_8_8"	12.000	"V"	"2026-08-26 13:00:00"
28	79	35	28079035	7	"28079035_7_8"	4.000	"V"	"2026-08-26 13:00:00"
28	79	35	28079035	6	"28079035_6_48"	0.300	"V"	"2026-08-26 13:00:00"
28	79	35	28079035	14	"28079035_14_6"	101.000	"V"	"2026-08-26 13:00:00"
28	79	35	28079035	12	"28079035_12_8"	19.000	"V"	"2026-08-26 13:00:00"
28	79	35	28079035	1	"28079035_1_38"	4.000	"V"	"2026-08-26 13:00:00"
28	79	27	28079027	8	"28079027_8_8"	12.000	"V"	"2026-08-26 13:00:00"
28	79	27	28079027	7	"28079027_7_8"	2.000	"V"	"2026-08-26 13:00:00"
28	79	27	28079027	14	"28079027_14_6"	99.000	"V"	"2026-08-26 13:00:00"
28	79	27	28079027	12	"28079027_12_8"	15.000	"V"	"2026-08-26 13:00:00"
28	79	24	28079024	9	"28079024_9_47"	9.000	"V"	"2026-08-26 13:00:00"
28	79	24	28079024	8	"28079024_8_8"	6.000	"V"	"2026-08-26 13:00:00"
28	79	24	28079024	7	"28079024_7_8"	1.000	"V"	"2026-08-26 13:00:00"
28	79	24	28079024	14	"28079024_14_6"	109.000	"V"	"2026-08-26 13:00:00"
28	79	24	28079024	12	"28079024_12_8"	7.000	"V"	"2026-08-26 13:00:00"
28	79	24	28079024	10	"28079024_10_47"	28.000	"V"	"2026-08-26 13:00:00"
28	79	18	28079018	7	"28079018_7_8"	1.000	"V"	"2026-08-26 13:00:00"
28	79	18	28079018	8	"28079018_8_8"	7.000	"V"	"2026-08-26 13:00:00"
28	79	18	28079018	35	"28079018_35_59"	1.100	"V"	"2026-08-26 13:00:00"
28	79	18	28079018	30	"28079018_30_59"	0.200	"V"	"2026-08-26 13:00:00"
28	79	48	28079048	7	"28079048_7_8"	0.000	"V"	"2026-08-26 13:00:00"
28	79	18	28079018	20	"28079018_20_59"	0.700	"V"	"2026-08-26 13:00:00"
28	79	18	28079018	12	"28079018_12_8"	9.000	"V"	"2026-08-26 13:00:00"
28	79	18	28079018	14	"28079018_14_6"	100.000	"V"	"2026-08-26 13:00:00"
28	79	18	28079018	10	"28079018_10_47"	42.000	"V"	"2026-08-26 13:00:00"
28	79	17	28079017	8	"28079017_8_8"	8.000	"V"	"2026-08-26 13:00:00"
28	79	17	28079017	7	"28079017_7_8"	2.000	"V"	"2026-08-26 13:00:00"
28	79	17	28079017	14	"28079017_14_6"	102.000	"V"	"2026-08-26 13:00:00"
28	79	17	28079017	12	"28079017_12_8"	11.000	"V"	"2026-08-26 13:00:00"
28	79	16	28079016	8	"28079016_8_8"	10.000	"V"	"2026-08-26 13:00:00"
28	79	16	28079016	7	"28079016_7_8"	1.000	"V"	"2026-08-26 13:00:00"
28	79	16	28079016	14	"28079016_14_6"	102.000	"V"	"2026-08-26 13:00:00"
28	79	16	28079016	12	"28079016_12_8"	12.000	"V"	"2026-08-26 13:00:00"
28	79	11	28079011	8	"28079011_8_8"	20.000	"V"	"2026-08-26 13:00:00"
28	79	11	28079011	7	"28079011_7_8"	4.000	"V"	"2026-08-26 13:00:00"
28	79	11	28079011	12	"28079011_12_8"	27.000	"V"	"2026-08-26 13:00:00"
28	79	8	28079008	9	"28079008_9_47"	6.000	"V"	"2026-08-26 12:00:00"
28	79	8	28079008	8	"28079008_8_8"	27.000	"V"	"2026-08-26 12:00:00"
28	79	8	28079008	7	"28079008_7_8"	1.000	"V"	"2026-08-26 12:00:00"
28	79	8	28079008	6	"28079008_6_48"	0.200	"V"	"2026-08-26 12:00:00"
28	79	8	28079008	35	"28079008_35_59"	0.900	"V"	"2026-08-26 12:00:00"
28	79	8	28079008	30	"28079008_30_59"	0.300	"V"	"2026-08-26 12:00:00"
28	79	8	28079008	20	"28079008_20_59"	4.300	"V"	"2026-08-26 12:00:00"
28	79	8	28079008	14	"28079008_14_6"	82.000	"V"	"2026-08-26 12:00:00"
28	79	8	28079008	12	"28079008_12_8"	29.000	"V"	"2026-08-26 12:00:00"
28	79	8	28079008	10	"28079008_10_47"	37.000	"V"	"2026-08-26 12:00:00"
28	79	8	28079008	1	"28079008_1_38"	3.000	"V"	"2026-08-26 12:00:00"
28	79	60	28079060	9	"28079060_9_A"	9.000	"V"	"2026-08-26 12:00:00"
28	79	60	28079060	8	"28079060_8_8"	26.000	"V"	"2026-08-26 12:00:00"
28	79	60	28079060	7	"28079060_7_8"	7.000	"V"	"2026-08-26 12:00:00"
28	79	60	28079060	14	"28079060_14_6"	81.000	"V"	"2026-08-26 12:00:00"
28	79	60	28079060	12	"28079060_12_8"	36.000	"V"	"2026-08-26 12:00:00"
28	79	60	28079060	10	"28079060_10_47"	31.000	"V"	"2026-08-26 12:00:00"
28	79	59	28079059	8	"28079059_8_8"	28.000	"V"	"2026-08-26 12:00:00"
28	79	59	28079059	7	"28079059_7_8"	8.000	"V"	"2026-08-26 12:00:00"
28	79	59	28079059	14	"28079059_14_6"	79.000	"V"	"2026-08-26 12:00:00"
28	79	59	28079059	12	"28079059_12_8"	41.000	"V"	"2026-08-26 12:00:00"
28	79	58	28079058	8	"28079058_8_8"	18.000	"V"	"2026-08-26 12:00:00"
28	79	58	28079058	7	"28079058_7_8"	3.000	"V"	"2026-08-26 12:00:00"
28	79	58	28079058	14	"28079058_14_6"	85.000	"V"	"2026-08-26 12:00:00"
28	79	58	28079058	12	"28079058_12_8"	22.000	"V"	"2026-08-26 12:00:00"
28	79	57	28079057	9	"28079057_9_A"	2.000	"V"	"2026-08-26 12:00:00"
28	79	57	28079057	8	"28079057_8_8"	24.000	"V"	"2026-08-26 12:00:00"
28	79	57	28079057	7	"28079057_7_8"	6.000	"V"	"2026-08-26 12:00:00"
28	79	57	28079057	12	"28079057_12_8"	33.000	"V"	"2026-08-26 12:00:00"
28	79	57	28079057	10	"28079057_10_47"	22.000	"V"	"2026-08-26 12:00:00"
28	79	56	28079056	9	"28079056_9_47"	13.000	"V"	"2026-08-26 12:00:00"
28	79	56	28079056	8	"28079056_8_8"	24.000	"V"	"2026-08-26 12:00:00"
28	79	56	28079056	7	"28079056_7_8"	7.000	"V"	"2026-08-26 12:00:00"
28	79	56	28079056	6	"28079056_6_48"	0.200	"V"	"2026-08-26 12:00:00"
28	79	56	28079056	12	"28079056_12_8"	35.000	"V"	"2026-08-26 12:00:00"
28	79	56	28079056	10	"28079056_10_47"	41.000	"V"	"2026-08-26 12:00:00"
28	79	54	28079054	9	"28079054_9_A"	9.000	"V"	"2026-08-26 12:00:00"
28	79	54	28079054	8	"28079054_8_8"	8.000	"V"	"2026-08-26 12:00:00"
28	79	54	28079054	7	"28079054_7_8"	3.000	"V"	"2026-08-26 12:00:00"
28	79	54	28079054	14	"28079054_14_6"	88.000	"V"	"2026-08-26 12:00:00"
28	79	54	28079054	12	"28079054_12_8"	12.000	"V"	"2026-08-26 12:00:00"
28	79	54	28079054	10	"28079054_10_A"	34.000	"V"	"2026-08-26 12:00:00"
28	79	50	28079050	9	"28079050_9_47"	1.000	"V"	"2026-08-26 12:00:00"
28	79	50	28079050	8	"28079050_8_8"	19.000	"V"	"2026-08-26 12:00:00"
28	79	50	28079050	7	"28079050_7_8"	2.000	"V"	"2026-08-26 12:00:00"
28	79	50	28079050	12	"28079050_12_8"	22.000	"V"	"2026-08-26 12:00:00"
28	79	50	28079050	10	"28079050_10_47"	2.000	"V"	"2026-08-26 12:00:00"
28	79	49	28079049	8	"28079049_8_8"	18.000	"V"	"2026-08-26 12:00:00"
28	79	49	28079049	7	"28079049_7_8"	1.000	"V"	"2026-08-26 12:00:00"
28	79	49	28079049	14	"28079049_14_6"	83.000	"V"	"2026-08-26 12:00:00"
28	79	49	28079049	12	"28079049_12_8"	20.000	"V"	"2026-08-26 12:00:00"
28	79	48	28079048	9	"28079048_9_47"	11.000	"V"	"2026-08-26 12:00:00"
28	79	48	28079048	8	"28079048_8_8"	10.000	"V"	"2026-08-26 12:00:00"
28	79	48	28079048	7	"28079048_7_8"	1.000	"V"	"2026-08-26 12:00:00"
28	79	48	28079048	12	"28079048_12_8"	12.000	"V"	"2026-08-26 12:00:00"
28	79	48	28079048	10	"28079048_10_47"	36.000	"V"	"2026-08-26 12:00:00"
28	79	47	28079047	9	"28079047_9_47"	9.000	"V"	"2026-08-26 12:00:00"
28	79	47	28079047	8	"28079047_8_8"	16.000	"V"	"2026-08-26 12:00:00"
28	79	47	28079047	7	"28079047_7_8"	2.000	"V"	"2026-08-26 12:00:00"
28	79	47	28079047	12	"28079047_12_8"	19.000	"V"	"2026-08-26 12:00:00"
28	79	47	28079047	10	"28079047_10_47"	36.000	"V"	"2026-08-26 12:00:00"
28	79	40	28079040	8	"28079040_8_8"	16.000	"V"	"2026-08-26 12:00:00"
28	79	40	28079040	7	"28079040_7_8"	3.000	"V"	"2026-08-26 12:00:00"
28	79	40	28079040	12	"28079040_12_8"	21.000	"V"	"2026-08-26 12:00:00"
28	79	40	28079040	10	"28079040_10_47"	44.000	"V"	"2026-08-26 12:00:00"
28	79	4	28079004	9	"28079004_9_A"	11.000	"V"	"2026-08-26 12:00:00"
28	79	4	28079004	8	"28079004_8_8"	29.000	"V"	"2026-08-26 12:00:00"
28	79	4	28079004	7	"28079004_7_8"	4.000	"V"	"2026-08-26 12:00:00"
28	79	4	28079004	6	"28079004_6_48"	0.200	"V"	"2026-08-26 12:00:00"
28	79	4	28079004	12	"28079004_12_8"	36.000	"V"	"2026-08-26 12:00:00"
28	79	4	28079004	10	"28079004_10_A"	38.000	"V"	"2026-08-26 12:00:00"
28	79	39	28079039	8	"28079039_8_8"	21.000	"V"	"2026-08-26 12:00:00"
28	79	39	28079039	7	"28079039_7_8"	5.000	"V"	"2026-08-26 12:00:00"
28	79	39	28079039	14	"28079039_14_6"	76.000	"V"	"2026-08-26 12:00:00"
28	79	39	28079039	12	"28079039_12_8"	29.000	"V"	"2026-08-26 12:00:00"
28	79	38	28079038	9	"28079038_9_47"	12.000	"V"	"2026-08-26 12:00:00"
28	79	38	28079038	8	"28079038_8_8"	19.000	"V"	"2026-08-26 12:00:00"
28	79	38	28079038	7	"28079038_7_8"	5.000	"V"	"2026-08-26 12:00:00"
28	79	38	28079038	35	"28079038_35_59"	0.500	"V"	"2026-08-26 12:00:00"
28	79	38	28079038	30	"28079038_30_59"	1.400	"V"	"2026-08-26 12:00:00"
28	79	38	28079038	20	"28079038_20_59"	3.800	"V"	"2026-08-26 12:00:00"
28	79	38	28079038	12	"28079038_12_8"	26.000	"V"	"2026-08-26 12:00:00"
28	79	38	28079038	10	"28079038_10_47"	43.000	"V"	"2026-08-26 12:00:00"
28	79	36	28079036	8	"28079036_8_8"	16.000	"V"	"2026-08-26 12:00:00"
28	79	36	28079036	7	"28079036_7_8"	2.000	"V"	"2026-08-26 12:00:00"
28	79	36	28079036	12	"28079036_12_8"	19.000	"V"	"2026-08-26 12:00:00"
28	79	36	28079036	10	"28079036_10_47"	35.000	"V"	"2026-08-26 12:00:00"
28	79	36	28079036	1	"28079036_1_38"	3.000	"V"	"2026-08-26 12:00:00"
28	79	35	28079035	8	"28079035_8_8"	21.000	"V"	"2026-08-26 12:00:00"
28	79	35	28079035	7	"28079035_7_8"	7.000	"V"	"2026-08-26 12:00:00"
28	79	35	28079035	6	"28079035_6_48"	0.300	"V"	"2026-08-26 12:00:00"
28	79	35	28079035	14	"28079035_14_6"	82.000	"V"	"2026-08-26 12:00:00"
28	79	35	28079035	12	"28079035_12_8"	32.000	"V"	"2026-08-26 12:00:00"
28	79	35	28079035	1	"28079035_1_38"	5.000	"V"	"2026-08-26 12:00:00"
28	79	27	28079027	8	"28079027_8_8"	45.000	"V"	"2026-08-26 12:00:00"
28	79	27	28079027	7	"28079027_7_8"	11.000	"V"	"2026-08-26 12:00:00"
28	79	27	28079027	14	"28079027_14_6"	65.000	"V"	"2026-08-26 12:00:00"
28	79	27	28079027	12	"28079027_12_8"	62.000	"V"	"2026-08-26 12:00:00"
28	79	24	28079024	9	"28079024_9_47"	7.000	"V"	"2026-08-26 12:00:00"
28	79	24	28079024	8	"28079024_8_8"	17.000	"V"	"2026-08-26 12:00:00"
28	79	24	28079024	7	"28079024_7_8"	1.000	"V"	"2026-08-26 12:00:00"
28	79	24	28079024	14	"28079024_14_6"	86.000	"V"	"2026-08-26 12:00:00"
28	79	24	28079024	12	"28079024_12_8"	19.000	"V"	"2026-08-26 12:00:00"
28	79	24	28079024	10	"28079024_10_47"	29.000	"V"	"2026-08-26 12:00:00"
28	79	18	28079018	7	"28079018_7_8"	4.000	"V"	"2026-08-26 12:00:00"
28	79	18	28079018	8	"28079018_8_8"	19.000	"V"	"2026-08-26 12:00:00"
28	79	18	28079018	35	"28079018_35_59"	2.400	"V"	"2026-08-26 12:00:00"
28	79	18	28079018	30	"28079018_30_59"	0.300	"V"	"2026-08-26 12:00:00"
28	79	18	28079018	20	"28079018_20_59"	2.000	"V"	"2026-08-26 12:00:00"
28	79	18	28079018	12	"28079018_12_8"	25.000	"V"	"2026-08-26 12:00:00"
28	79	18	28079018	14	"28079018_14_6"	82.000	"V"	"2026-08-26 12:00:00"
28	79	18	28079018	10	"28079018_10_47"	49.000	"V"	"2026-08-26 12:00:00"
28	79	17	28079017	8	"28079017_8_8"	20.000	"V"	"2026-08-26 12:00:00"
28	79	17	28079017	7	"28079017_7_8"	4.000	"V"	"2026-08-26 12:00:00"
28	79	17	28079017	14	"28079017_14_6"	81.000	"V"	"2026-08-26 12:00:00"
28	79	17	28079017	12	"28079017_12_8"	26.000	"V"	"2026-08-26 12:00:00"
28	79	16	28079016	8	"28079016_8_8"	16.000	"V"	"2026-08-26 12:00:00"
28	79	16	28079016	7	"28079016_7_8"	2.000	"V"	"2026-08-26 12:00:00"
28	79	16	28079016	14	"28079016_14_6"	88.000	"V"	"2026-08-26 12:00:00"
28	79	16	28079016	12	"28079016_12_8"	20.000	"V"	"2026-08-26 12:00:00"
28	79	11	28079011	8	"28079011_8_8"	25.000	"V"	"2026-08-26 12:00:00"
28	79	11	28079011	7	"28079011_7_8"	5.000	"V"	"2026-08-26 12:00:00"
28	79	11	28079011	12	"28079011_12_8"	32.000	"V"	"2026-08-26 12:00:00"
28	79	8	28079008	9	"28079008_9_47"	11.000	"V"	"2026-08-26 11:00:00"
28	79	8	28079008	8	"28079008_8_8"	34.000	"V"	"2026-08-26 11:00:00"
28	79	8	28079008	7	"28079008_7_8"	5.000	"V"	"2026-08-26 11:00:00"
28	79	8	28079008	6	"28079008_6_48"	0.300	"V"	"2026-08-26 11:00:00"
28	79	8	28079008	35	"28079008_35_59"	1.300	"V"	"2026-08-26 11:00:00"
28	79	8	28079008	30	"28079008_30_59"	0.600	"V"	"2026-08-26 11:00:00"
28	79	8	28079008	20	"28079008_20_59"	5.700	"V"	"2026-08-26 11:00:00"
28	79	8	28079008	14	"28079008_14_6"	41.000	"V"	"2026-08-26 11:00:00"
28	79	8	28079008	12	"28079008_12_8"	43.000	"V"	"2026-08-26 11:00:00"
28	79	8	28079008	10	"28079008_10_47"	44.000	"V"	"2026-08-26 11:00:00"
28	79	8	28079008	1	"28079008_1_38"	3.000	"V"	"2026-08-26 11:00:00"
28	79	60	28079060	9	"28079060_9_A"	11.000	"V"	"2026-08-26 11:00:00"
28	79	60	28079060	8	"28079060_8_8"	50.000	"V"	"2026-08-26 11:00:00"
28	79	60	28079060	7	"28079060_7_8"	17.000	"V"	"2026-08-26 11:00:00"
28	79	60	28079060	14	"28079060_14_6"	41.000	"V"	"2026-08-26 11:00:00"
28	79	60	28079060	12	"28079060_12_8"	76.000	"V"	"2026-08-26 11:00:00"
28	79	60	28079060	10	"28079060_10_47"	43.000	"V"	"2026-08-26 11:00:00"
28	79	59	28079059	8	"28079059_8_8"	55.000	"V"	"2026-08-26 11:00:00"
28	79	59	28079059	7	"28079059_7_8"	21.000	"V"	"2026-08-26 11:00:00"
28	79	59	28079059	14	"28079059_14_6"	40.000	"V"	"2026-08-26 11:00:00"
28	79	59	28079059	12	"28079059_12_8"	88.000	"V"	"2026-08-26 11:00:00"
28	79	58	28079058	8	"28079058_8_8"	26.000	"V"	"2026-08-26 11:00:00"
28	79	58	28079058	7	"28079058_7_8"	6.000	"V"	"2026-08-26 11:00:00"
28	79	58	28079058	14	"28079058_14_6"	51.000	"V"	"2026-08-26 11:00:00"
28	79	58	28079058	12	"28079058_12_8"	36.000	"V"	"2026-08-26 11:00:00"
28	79	57	28079057	9	"28079057_9_A"	0.000	"V"	"2026-08-26 11:00:00"
28	79	57	28079057	8	"28079057_8_8"	49.000	"V"	"2026-08-26 11:00:00"
28	79	57	28079057	7	"28079057_7_8"	17.000	"V"	"2026-08-26 11:00:00"
28	79	57	28079057	12	"28079057_12_8"	76.000	"V"	"2026-08-26 11:00:00"
28	79	57	28079057	10	"28079057_10_47"	21.000	"V"	"2026-08-26 11:00:00"
28	79	56	28079056	9	"28079056_9_47"	9.000	"V"	"2026-08-26 11:00:00"
28	79	56	28079056	8	"28079056_8_8"	32.000	"V"	"2026-08-26 11:00:00"
28	79	56	28079056	7	"28079056_7_8"	11.000	"V"	"2026-08-26 11:00:00"
28	79	56	28079056	6	"28079056_6_48"	0.200	"V"	"2026-08-26 11:00:00"
28	79	56	28079056	12	"28079056_12_8"	49.000	"V"	"2026-08-26 11:00:00"
28	79	56	28079056	10	"28079056_10_47"	44.000	"V"	"2026-08-26 11:00:00"
28	79	54	28079054	9	"28079054_9_A"	13.000	"V"	"2026-08-26 11:00:00"
28	79	54	28079054	8	"28079054_8_8"	14.000	"V"	"2026-08-26 11:00:00"
28	79	54	28079054	7	"28079054_7_8"	4.000	"V"	"2026-08-26 11:00:00"
28	79	54	28079054	14	"28079054_14_6"	67.000	"V"	"2026-08-26 11:00:00"
28	79	54	28079054	12	"28079054_12_8"	21.000	"V"	"2026-08-26 11:00:00"
28	79	54	28079054	10	"28079054_10_A"	43.000	"V"	"2026-08-26 11:00:00"
28	79	50	28079050	9	"28079050_9_47"	0.000	"V"	"2026-08-26 11:00:00"
28	79	50	28079050	8	"28079050_8_8"	43.000	"V"	"2026-08-26 11:00:00"
28	79	50	28079050	7	"28079050_7_8"	11.000	"V"	"2026-08-26 11:00:00"
28	79	50	28079050	12	"28079050_12_8"	59.000	"V"	"2026-08-26 11:00:00"
28	79	50	28079050	10	"28079050_10_47"	6.000	"V"	"2026-08-26 11:00:00"
28	79	49	28079049	8	"28079049_8_8"	44.000	"V"	"2026-08-26 11:00:00"
28	79	49	28079049	7	"28079049_7_8"	6.000	"V"	"2026-08-26 11:00:00"
28	79	49	28079049	14	"28079049_14_6"	35.000	"V"	"2026-08-26 11:00:00"
28	79	49	28079049	12	"28079049_12_8"	53.000	"V"	"2026-08-26 11:00:00"
28	79	48	28079048	9	"28079048_9_47"	13.000	"V"	"2026-08-26 11:00:00"
28	79	48	28079048	8	"28079048_8_8"	24.000	"V"	"2026-08-26 11:00:00"
28	79	48	28079048	7	"28079048_7_8"	10.000	"V"	"2026-08-26 11:00:00"
28	79	48	28079048	12	"28079048_12_8"	39.000	"V"	"2026-08-26 11:00:00"
28	79	48	28079048	10	"28079048_10_47"	34.000	"V"	"2026-08-26 11:00:00"
28	79	47	28079047	9	"28079047_9_47"	14.000	"V"	"2026-08-26 11:00:00"
28	79	47	28079047	8	"28079047_8_8"	36.000	"V"	"2026-08-26 11:00:00"
28	79	47	28079047	7	"28079047_7_8"	8.000	"V"	"2026-08-26 11:00:00"
28	79	47	28079047	12	"28079047_12_8"	48.000	"V"	"2026-08-26 11:00:00"
28	79	47	28079047	10	"28079047_10_47"	48.000	"V"	"2026-08-26 11:00:00"
28	79	40	28079040	8	"28079040_8_8"	29.000	"V"	"2026-08-26 11:00:00"
28	79	40	28079040	7	"28079040_7_8"	7.000	"V"	"2026-08-26 11:00:00"
28	79	40	28079040	12	"28079040_12_8"	39.000	"V"	"2026-08-26 11:00:00"
28	79	40	28079040	10	"28079040_10_47"	54.000	"V"	"2026-08-26 11:00:00"
28	79	4	28079004	9	"28079004_9_A"	14.000	"V"	"2026-08-26 11:00:00"
28	79	4	28079004	8	"28079004_8_8"	38.000	"V"	"2026-08-26 11:00:00"
28	79	4	28079004	7	"28079004_7_8"	13.000	"V"	"2026-08-26 11:00:00"
28	79	4	28079004	6	"28079004_6_48"	0.300	"V"	"2026-08-26 11:00:00"
28	79	4	28079004	12	"28079004_12_8"	58.000	"V"	"2026-08-26 11:00:00"
28	79	4	28079004	10	"28079004_10_A"	56.000	"V"	"2026-08-26 11:00:00"
28	79	39	28079039	8	"28079039_8_8"	37.000	"V"	"2026-08-26 11:00:00"
28	79	39	28079039	7	"28079039_7_8"	17.000	"V"	"2026-08-26 11:00:00"
28	79	39	28079039	14	"28079039_14_6"	34.000	"V"	"2026-08-26 11:00:00"
28	79	39	28079039	12	"28079039_12_8"	62.000	"V"	"2026-08-26 11:00:00"
28	79	38	28079038	9	"28079038_9_47"	17.000	"V"	"2026-08-26 11:00:00"
28	79	38	28079038	8	"28079038_8_8"	50.000	"V"	"2026-08-26 11:00:00"
28	79	38	28079038	7	"28079038_7_8"	22.000	"V"	"2026-08-26 11:00:00"
28	79	38	28079038	35	"28079038_35_59"	0.700	"V"	"2026-08-26 11:00:00"
28	79	38	28079038	30	"28079038_30_59"	3.300	"V"	"2026-08-26 11:00:00"
28	79	38	28079038	20	"28079038_20_59"	9.700	"V"	"2026-08-26 11:00:00"
28	79	38	28079038	12	"28079038_12_8"	84.000	"V"	"2026-08-26 11:00:00"
28	79	38	28079038	10	"28079038_10_47"	51.000	"V"	"2026-08-26 11:00:00"
28	79	36	28079036	8	"28079036_8_8"	51.000	"V"	"2026-08-26 11:00:00"
28	79	36	28079036	7	"28079036_7_8"	9.000	"V"	"2026-08-26 11:00:00"
28	79	36	28079036	12	"28079036_12_8"	65.000	"V"	"2026-08-26 11:00:00"
28	79	36	28079036	10	"28079036_10_47"	58.000	"V"	"2026-08-26 11:00:00"
28	79	36	28079036	1	"28079036_1_38"	6.000	"V"	"2026-08-26 11:00:00"
28	79	35	28079035	8	"28079035_8_8"	39.000	"V"	"2026-08-26 11:00:00"
28	79	35	28079035	7	"28079035_7_8"	17.000	"V"	"2026-08-26 11:00:00"
28	79	35	28079035	6	"28079035_6_48"	0.300	"V"	"2026-08-26 11:00:00"
28	79	35	28079035	14	"28079035_14_6"	43.000	"V"	"2026-08-26 11:00:00"
28	79	35	28079035	12	"28079035_12_8"	65.000	"V"	"2026-08-26 11:00:00"
28	79	35	28079035	1	"28079035_1_38"	5.000	"V"	"2026-08-26 11:00:00"
28	79	27	28079027	8	"28079027_8_8"	57.000	"V"	"2026-08-26 11:00:00"
28	79	27	28079027	7	"28079027_7_8"	20.000	"V"	"2026-08-26 11:00:00"
28	79	27	28079027	14	"28079027_14_6"	38.000	"V"	"2026-08-26 11:00:00"
28	79	27	28079027	12	"28079027_12_8"	88.000	"V"	"2026-08-26 11:00:00"
28	79	24	28079024	9	"28079024_9_47"	4.000	"V"	"2026-08-26 11:00:00"
28	79	24	28079024	8	"28079024_8_8"	22.000	"V"	"2026-08-26 11:00:00"
28	79	24	28079024	7	"28079024_7_8"	1.000	"V"	"2026-08-26 11:00:00"
28	79	24	28079024	14	"28079024_14_6"	57.000	"V"	"2026-08-26 11:00:00"
28	79	24	28079024	12	"28079024_12_8"	24.000	"V"	"2026-08-26 11:00:00"
28	79	24	28079024	10	"28079024_10_47"	29.000	"V"	"2026-08-26 11:00:00"
28	79	18	28079018	7	"28079018_7_8"	7.000	"V"	"2026-08-26 11:00:00"
28	79	18	28079018	8	"28079018_8_8"	25.000	"V"	"2026-08-26 11:00:00"
28	79	18	28079018	35	"28079018_35_59"	1.700	"V"	"2026-08-26 11:00:00"
28	79	18	28079018	30	"28079018_30_59"	0.300	"V"	"2026-08-26 11:00:00"
28	79	18	28079018	20	"28079018_20_59"	2.200	"V"	"2026-08-26 11:00:00"
28	79	18	28079018	12	"28079018_12_8"	35.000	"V"	"2026-08-26 11:00:00"
28	79	18	28079018	14	"28079018_14_6"	55.000	"V"	"2026-08-26 11:00:00"
28	79	18	28079018	10	"28079018_10_47"	34.000	"V"	"2026-08-26 11:00:00"
28	79	17	28079017	8	"28079017_8_8"	31.000	"V"	"2026-08-26 11:00:00"
28	79	17	28079017	7	"28079017_7_8"	6.000	"V"	"2026-08-26 11:00:00"
28	79	17	28079017	14	"28079017_14_6"	58.000	"V"	"2026-08-26 11:00:00"
28	79	17	28079017	12	"28079017_12_8"	40.000	"V"	"2026-08-26 11:00:00"
28	79	16	28079016	8	"28079016_8_8"	50.000	"V"	"2026-08-26 11:00:00"
28	79	16	28079016	7	"28079016_7_8"	10.000	"V"	"2026-08-26 11:00:00"
28	79	16	28079016	14	"28079016_14_6"	40.000	"V"	"2026-08-26 11:00:00"
28	79	16	28079016	12	"28079016_12_8"	66.000	"V"	"2026-08-26 11:00:00"
28	79	11	28079011	8	"28079011_8_8"	56.000	"V"	"2026-08-26 11:00:00"
28	79	11	28079011	7	"28079011_7_8"	12.000	"V"	"2026-08-26 11:00:00"
28	79	11	28079011	12	"28079011_12_8"	74.000	"V"	"2026-08-26 11:00:00"
28	79	8	28079008	9	"28079008_9_47"	15.000	"V"	"2026-08-26 10:00:00"
28	79	8	28079008	8	"28079008_8_8"	30.000	"V"	"2026-08-26 10:00:00"
28	79	8	28079008	7	"28079008_7_8"	5.000	"V"	"2026-08-26 10:00:00"
28	79	8	28079008	6	"28079008_6_48"	0.300	"V"	"2026-08-26 10:00:00"
28	79	8	28079008	35	"28079008_35_59"	1.300	"V"	"2026-08-26 10:00:00"
28	79	8	28079008	30	"28079008_30_59"	0.600	"V"	"2026-08-26 10:00:00"
28	79	8	28079008	20	"28079008_20_59"	4.900	"V"	"2026-08-26 10:00:00"
28	79	8	28079008	14	"28079008_14_6"	20.000	"V"	"2026-08-26 10:00:00"
28	79	8	28079008	12	"28079008_12_8"	38.000	"V"	"2026-08-26 10:00:00"
28	79	8	28079008	10	"28079008_10_47"	48.000	"V"	"2026-08-26 10:00:00"
28	79	8	28079008	1	"28079008_1_38"	4.000	"V"	"2026-08-26 10:00:00"
28	79	60	28079060	9	"28079060_9_A"	9.000	"V"	"2026-08-26 10:00:00"
28	79	60	28079060	8	"28079060_8_8"	43.000	"V"	"2026-08-26 10:00:00"
28	79	60	28079060	7	"28079060_7_8"	13.000	"V"	"2026-08-26 10:00:00"
28	79	60	28079060	14	"28079060_14_6"	30.000	"V"	"2026-08-26 10:00:00"
28	79	60	28079060	12	"28079060_12_8"	62.000	"V"	"2026-08-26 10:00:00"
28	79	60	28079060	10	"28079060_10_47"	32.000	"V"	"2026-08-26 10:00:00"
28	79	59	28079059	8	"28079059_8_8"	54.000	"V"	"2026-08-26 10:00:00"
28	79	59	28079059	7	"28079059_7_8"	20.000	"V"	"2026-08-26 10:00:00"
28	79	59	28079059	14	"28079059_14_6"	23.000	"V"	"2026-08-26 10:00:00"
28	79	59	28079059	12	"28079059_12_8"	84.000	"V"	"2026-08-26 10:00:00"
28	79	58	28079058	8	"28079058_8_8"	14.000	"V"	"2026-08-26 10:00:00"
28	79	58	28079058	7	"28079058_7_8"	3.000	"V"	"2026-08-26 10:00:00"
28	79	58	28079058	14	"28079058_14_6"	36.000	"V"	"2026-08-26 10:00:00"
28	79	58	28079058	12	"28079058_12_8"	18.000	"V"	"2026-08-26 10:00:00"
28	79	57	28079057	9	"28079057_9_A"	0.000	"V"	"2026-08-26 10:00:00"
28	79	57	28079057	8	"28079057_8_8"	49.000	"V"	"2026-08-26 10:00:00"
28	79	57	28079057	7	"28079057_7_8"	17.000	"V"	"2026-08-26 10:00:00"
28	79	57	28079057	12	"28079057_12_8"	76.000	"V"	"2026-08-26 10:00:00"
28	79	57	28079057	10	"28079057_10_47"	5.000	"V"	"2026-08-26 10:00:00"
28	79	56	28079056	9	"28079056_9_47"	18.000	"V"	"2026-08-26 10:00:00"
28	79	56	28079056	8	"28079056_8_8"	38.000	"V"	"2026-08-26 10:00:00"
28	79	56	28079056	7	"28079056_7_8"	12.000	"V"	"2026-08-26 10:00:00"
28	79	56	28079056	6	"28079056_6_48"	0.200	"V"	"2026-08-26 10:00:00"
28	79	56	28079056	12	"28079056_12_8"	56.000	"V"	"2026-08-26 10:00:00"
28	79	56	28079056	10	"28079056_10_47"	58.000	"V"	"2026-08-26 10:00:00"
28	79	54	28079054	9	"28079054_9_A"	19.000	"V"	"2026-08-26 10:00:00"
28	79	54	28079054	8	"28079054_8_8"	35.000	"V"	"2026-08-26 10:00:00"
28	79	54	28079054	7	"28079054_7_8"	18.000	"V"	"2026-08-26 10:00:00"
28	79	54	28079054	14	"28079054_14_6"	33.000	"V"	"2026-08-26 10:00:00"
28	79	54	28079054	12	"28079054_12_8"	62.000	"V"	"2026-08-26 10:00:00"
28	79	54	28079054	10	"28079054_10_A"	66.000	"V"	"2026-08-26 10:00:00"
28	79	50	28079050	9	"28079050_9_47"	0.000	"V"	"2026-08-26 10:00:00"
28	79	50	28079050	8	"28079050_8_8"	57.000	"V"	"2026-08-26 10:00:00"
28	79	50	28079050	7	"28079050_7_8"	22.000	"V"	"2026-08-26 10:00:00"
28	79	50	28079050	12	"28079050_12_8"	90.000	"V"	"2026-08-26 10:00:00"
28	79	50	28079050	10	"28079050_10_47"	6.000	"V"	"2026-08-26 10:00:00"
28	79	49	28079049	8	"28079049_8_8"	51.000	"V"	"2026-08-26 10:00:00"
28	79	49	28079049	7	"28079049_7_8"	11.000	"V"	"2026-08-26 10:00:00"
28	79	49	28079049	14	"28079049_14_6"	10.000	"V"	"2026-08-26 10:00:00"
28	79	49	28079049	12	"28079049_12_8"	68.000	"V"	"2026-08-26 10:00:00"
28	79	48	28079048	9	"28079048_9_47"	9.000	"V"	"2026-08-26 10:00:00"
28	79	48	28079048	8	"28079048_8_8"	28.000	"V"	"2026-08-26 10:00:00"
28	79	48	28079048	7	"28079048_7_8"	14.000	"V"	"2026-08-26 10:00:00"
28	79	48	28079048	12	"28079048_12_8"	48.000	"V"	"2026-08-26 10:00:00"
28	79	48	28079048	10	"28079048_10_47"	26.000	"V"	"2026-08-26 10:00:00"
28	79	47	28079047	9	"28079047_9_47"	0.000	"N"	"2026-08-26 10:00:00"
28	79	47	28079047	8	"28079047_8_8"	0.000	"N"	"2026-08-26 10:00:00"
28	79	47	28079047	7	"28079047_7_8"	0.000	"N"	"2026-08-26 10:00:00"
28	79	47	28079047	12	"28079047_12_8"	0.000	"N"	"2026-08-26 10:00:00"
28	79	47	28079047	10	"28079047_10_47"	0.000	"N"	"2026-08-26 10:00:00"
28	79	40	28079040	8	"28079040_8_8"	52.000	"V"	"2026-08-26 10:00:00"
28	79	40	28079040	7	"28079040_7_8"	19.000	"V"	"2026-08-26 10:00:00"
28	79	40	28079040	12	"28079040_12_8"	82.000	"V"	"2026-08-26 10:00:00"
28	79	40	28079040	10	"28079040_10_47"	63.000	"V"	"2026-08-26 10:00:00"
28	79	4	28079004	9	"28079004_9_A"	15.000	"V"	"2026-08-26 10:00:00"
28	79	4	28079004	8	"28079004_8_8"	42.000	"V"	"2026-08-26 10:00:00"
28	79	4	28079004	7	"28079004_7_8"	24.000	"V"	"2026-08-26 10:00:00"
28	79	4	28079004	6	"28079004_6_48"	0.400	"V"	"2026-08-26 10:00:00"
28	79	4	28079004	12	"28079004_12_8"	78.000	"V"	"2026-08-26 10:00:00"
28	79	4	28079004	10	"28079004_10_A"	65.000	"V"	"2026-08-26 10:00:00"
28	79	39	28079039	8	"28079039_8_8"	43.000	"V"	"2026-08-26 10:00:00"
28	79	39	28079039	7	"28079039_7_8"	15.000	"V"	"2026-08-26 10:00:00"
28	79	39	28079039	14	"28079039_14_6"	23.000	"V"	"2026-08-26 10:00:00"
28	79	39	28079039	12	"28079039_12_8"	66.000	"V"	"2026-08-26 10:00:00"
28	79	38	28079038	9	"28079038_9_47"	0.000	"N"	"2026-08-26 10:00:00"
28	79	38	28079038	8	"28079038_8_8"	47.000	"V"	"2026-08-26 10:00:00"
28	79	38	28079038	7	"28079038_7_8"	14.000	"V"	"2026-08-26 10:00:00"
28	79	38	28079038	35	"28079038_35_59"	0.800	"V"	"2026-08-26 10:00:00"
28	79	38	28079038	30	"28079038_30_59"	2.600	"V"	"2026-08-26 10:00:00"
28	79	38	28079038	20	"28079038_20_59"	5.400	"V"	"2026-08-26 10:00:00"
28	79	38	28079038	12	"28079038_12_8"	69.000	"V"	"2026-08-26 10:00:00"
28	79	38	28079038	10	"28079038_10_47"	0.000	"N"	"2026-08-26 10:00:00"
28	79	36	28079036	8	"28079036_8_8"	50.000	"V"	"2026-08-26 10:00:00"
28	79	36	28079036	7	"28079036_7_8"	13.000	"V"	"2026-08-26 10:00:00"
28	79	36	28079036	12	"28079036_12_8"	70.000	"V"	"2026-08-26 10:00:00"
28	79	36	28079036	10	"28079036_10_47"	54.000	"V"	"2026-08-26 10:00:00"
28	79	36	28079036	1	"28079036_1_38"	4.000	"V"	"2026-08-26 10:00:00"
28	79	35	28079035	8	"28079035_8_8"	58.000	"V"	"2026-08-26 10:00:00"
28	79	35	28079035	7	"28079035_7_8"	23.000	"V"	"2026-08-26 10:00:00"
28	79	35	28079035	6	"28079035_6_48"	0.400	"V"	"2026-08-26 10:00:00"
28	79	35	28079035	14	"28079035_14_6"	19.000	"V"	"2026-08-26 10:00:00"
28	79	35	28079035	12	"28079035_12_8"	94.000	"V"	"2026-08-26 10:00:00"
28	79	35	28079035	1	"28079035_1_38"	6.000	"V"	"2026-08-26 10:00:00"
28	79	27	28079027	8	"28079027_8_8"	56.000	"V"	"2026-08-26 10:00:00"
28	79	27	28079027	7	"28079027_7_8"	22.000	"V"	"2026-08-26 10:00:00"
28	79	27	28079027	14	"28079027_14_6"	22.000	"V"	"2026-08-26 10:00:00"
28	79	27	28079027	12	"28079027_12_8"	90.000	"V"	"2026-08-26 10:00:00"
28	79	24	28079024	9	"28079024_9_47"	2.000	"V"	"2026-08-26 10:00:00"
28	79	24	28079024	8	"28079024_8_8"	26.000	"V"	"2026-08-26 10:00:00"
28	79	24	28079024	7	"28079024_7_8"	1.000	"V"	"2026-08-26 10:00:00"
28	79	24	28079024	14	"28079024_14_6"	24.000	"V"	"2026-08-26 10:00:00"
28	79	24	28079024	12	"28079024_12_8"	28.000	"V"	"2026-08-26 10:00:00"
28	79	24	28079024	10	"28079024_10_47"	23.000	"V"	"2026-08-26 10:00:00"
28	79	18	28079018	7	"28079018_7_8"	9.000	"V"	"2026-08-26 10:00:00"
28	79	18	28079018	8	"28079018_8_8"	31.000	"V"	"2026-08-26 10:00:00"
28	79	18	28079018	35	"28079018_35_59"	2.000	"V"	"2026-08-26 10:00:00"
28	79	18	28079018	30	"28079018_30_59"	0.500	"V"	"2026-08-26 10:00:00"
28	79	18	28079018	20	"28079018_20_59"	3.800	"V"	"2026-08-26 10:00:00"
28	79	18	28079018	12	"28079018_12_8"	44.000	"V"	"2026-08-26 10:00:00"
28	79	18	28079018	14	"28079018_14_6"	36.000	"V"	"2026-08-26 10:00:00"
28	79	18	28079018	10	"28079018_10_47"	33.000	"V"	"2026-08-26 10:00:00"
28	79	17	28079017	8	"28079017_8_8"	27.000	"V"	"2026-08-26 10:00:00"
28	79	17	28079017	7	"28079017_7_8"	4.000	"V"	"2026-08-26 10:00:00"
28	79	17	28079017	14	"28079017_14_6"	44.000	"V"	"2026-08-26 10:00:00"
28	79	17	28079017	12	"28079017_12_8"	34.000	"V"	"2026-08-26 10:00:00"
28	79	16	28079016	8	"28079016_8_8"	57.000	"V"	"2026-08-26 10:00:00"
28	79	16	28079016	7	"28079016_7_8"	19.000	"V"	"2026-08-26 10:00:00"
28	79	16	28079016	14	"28079016_14_6"	13.000	"V"	"2026-08-26 10:00:00"
28	79	16	28079016	12	"28079016_12_8"	86.000	"V"	"2026-08-26 10:00:00"
28	79	11	28079011	8	"28079011_8_8"	69.000	"V"	"2026-08-26 10:00:00"
28	79	11	28079011	7	"28079011_7_8"	27.000	"V"	"2026-08-26 10:00:00"
28	79	11	28079011	12	"28079011_12_8"	111.000	"V"	"2026-08-26 10:00:00"
28	79	8	28079008	9	"28079008_9_47"	5.000	"V"	"2026-08-26 09:00:00"
28	79	8	28079008	8	"28079008_8_8"	20.000	"V"	"2026-08-26 09:00:00"
28	79	8	28079008	7	"28079008_7_8"	3.000	"V"	"2026-08-26 09:00:00"
28	79	8	28079008	6	"28079008_6_48"	0.300	"V"	"2026-08-26 09:00:00"
28	79	8	28079008	35	"28079008_35_59"	0.800	"V"	"2026-08-26 09:00:00"
28	79	8	28079008	30	"28079008_30_59"	0.600	"V"	"2026-08-26 09:00:00"
28	79	8	28079008	20	"28079008_20_59"	4.800	"V"	"2026-08-26 09:00:00"
28	79	8	28079008	14	"28079008_14_6"	16.000	"V"	"2026-08-26 09:00:00"
28	79	8	28079008	12	"28079008_12_8"	24.000	"V"	"2026-08-26 09:00:00"
28	79	8	28079008	10	"28079008_10_47"	32.000	"V"	"2026-08-26 09:00:00"
28	79	8	28079008	1	"28079008_1_38"	3.000	"V"	"2026-08-26 09:00:00"
28	79	60	28079060	9	"28079060_9_A"	21.000	"V"	"2026-08-26 09:00:00"
28	79	60	28079060	8	"28079060_8_8"	36.000	"V"	"2026-08-26 09:00:00"
28	79	60	28079060	7	"28079060_7_8"	3.000	"V"	"2026-08-26 09:00:00"
28	79	60	28079060	14	"28079060_14_6"	36.000	"V"	"2026-08-26 09:00:00"
28	79	60	28079060	12	"28079060_12_8"	40.000	"V"	"2026-08-26 09:00:00"
28	79	60	28079060	10	"28079060_10_47"	36.000	"V"	"2026-08-26 09:00:00"
28	79	59	28079059	8	"28079059_8_8"	47.000	"V"	"2026-08-26 09:00:00"
28	79	59	28079059	7	"28079059_7_8"	9.000	"V"	"2026-08-26 09:00:00"
28	79	59	28079059	14	"28079059_14_6"	21.000	"V"	"2026-08-26 09:00:00"
28	79	59	28079059	12	"28079059_12_8"	60.000	"V"	"2026-08-26 09:00:00"
28	79	58	28079058	8	"28079058_8_8"	16.000	"V"	"2026-08-26 09:00:00"
28	79	58	28079058	7	"28079058_7_8"	1.000	"V"	"2026-08-26 09:00:00"
28	79	58	28079058	14	"28079058_14_6"	24.000	"V"	"2026-08-26 09:00:00"
28	79	58	28079058	12	"28079058_12_8"	18.000	"V"	"2026-08-26 09:00:00"
28	79	57	28079057	9	"28079057_9_A"	0.000	"V"	"2026-08-26 09:00:00"
28	79	57	28079057	8	"28079057_8_8"	19.000	"V"	"2026-08-26 09:00:00"
28	79	57	28079057	7	"28079057_7_8"	2.000	"V"	"2026-08-26 09:00:00"
28	79	57	28079057	12	"28079057_12_8"	23.000	"V"	"2026-08-26 09:00:00"
28	79	57	28079057	10	"28079057_10_47"	0.000	"V"	"2026-08-26 09:00:00"
28	79	56	28079056	9	"28079056_9_47"	18.000	"V"	"2026-08-26 09:00:00"
28	79	56	28079056	8	"28079056_8_8"	62.000	"V"	"2026-08-26 09:00:00"
28	79	56	28079056	7	"28079056_7_8"	49.000	"V"	"2026-08-26 09:00:00"
28	79	56	28079056	6	"28079056_6_48"	0.400	"V"	"2026-08-26 09:00:00"
28	79	56	28079056	10	"28079056_10_47"	52.000	"V"	"2026-08-26 09:00:00"
28	79	54	28079054	9	"28079054_9_A"	17.000	"V"	"2026-08-26 09:00:00"
28	79	54	28079054	8	"28079054_8_8"	64.000	"V"	"2026-08-26 09:00:00"
28	79	54	28079054	7	"28079054_7_8"	52.000	"V"	"2026-08-26 09:00:00"
28	79	54	28079054	14	"28079054_14_6"	5.000	"V"	"2026-08-26 09:00:00"
28	79	54	28079054	12	"28079054_12_8"	144.000	"V"	"2026-08-26 09:00:00"
28	79	54	28079054	10	"28079054_10_A"	72.000	"V"	"2026-08-26 09:00:00"
28	79	50	28079050	9	"28079050_9_47"	0.000	"V"	"2026-08-26 09:00:00"
28	79	50	28079050	8	"28079050_8_8"	39.000	"V"	"2026-08-26 09:00:00"
28	79	50	28079050	7	"28079050_7_8"	4.000	"V"	"2026-08-26 09:00:00"
28	79	50	28079050	12	"28079050_12_8"	45.000	"V"	"2026-08-26 09:00:00"
28	79	50	28079050	10	"28079050_10_47"	1.000	"V"	"2026-08-26 09:00:00"
28	79	49	28079049	8	"28079049_8_8"	32.000	"V"	"2026-08-26 09:00:00"
28	79	49	28079049	7	"28079049_7_8"	3.000	"V"	"2026-08-26 09:00:00"
28	79	49	28079049	14	"28079049_14_6"	18.000	"V"	"2026-08-26 09:00:00"
28	79	49	28079049	12	"28079049_12_8"	37.000	"V"	"2026-08-26 09:00:00"
28	79	48	28079048	9	"28079048_9_47"	6.000	"V"	"2026-08-26 09:00:00"
28	79	48	28079048	8	"28079048_8_8"	24.000	"V"	"2026-08-26 09:00:00"
28	79	48	28079048	7	"28079048_7_8"	4.000	"V"	"2026-08-26 09:00:00"
28	79	48	28079048	10	"28079048_10_47"	20.000	"V"	"2026-08-26 09:00:00"
28	79	47	28079047	9	"28079047_9_47"	0.000	"N"	"2026-08-26 09:00:00"
28	79	47	28079047	8	"28079047_8_8"	0.000	"N"	"2026-08-26 09:00:00"
28	79	47	28079047	7	"28079047_7_8"	0.000	"N"	"2026-08-26 09:00:00"
28	79	47	28079047	12	"28079047_12_8"	0.000	"N"	"2026-08-26 09:00:00"
28	79	47	28079047	10	"28079047_10_47"	0.000	"N"	"2026-08-26 09:00:00"
28	79	40	28079040	8	"28079040_8_8"	81.000	"V"	"2026-08-26 09:00:00"
28	79	40	28079040	7	"28079040_7_8"	20.000	"V"	"2026-08-26 09:00:00"
28	79	40	28079040	12	"28079040_12_8"	111.000	"V"	"2026-08-26 09:00:00"
28	79	40	28079040	10	"28079040_10_47"	29.000	"V"	"2026-08-26 09:00:00"
28	79	4	28079004	9	"28079004_9_A"	9.000	"V"	"2026-08-26 09:00:00"
28	79	4	28079004	8	"28079004_8_8"	28.000	"V"	"2026-08-26 09:00:00"
28	79	4	28079004	7	"28079004_7_8"	6.000	"V"	"2026-08-26 09:00:00"
28	79	4	28079004	6	"28079004_6_48"	0.300	"V"	"2026-08-26 09:00:00"
28	79	4	28079004	12	"28079004_12_8"	38.000	"V"	"2026-08-26 09:00:00"
28	79	4	28079004	10	"28079004_10_A"	31.000	"V"	"2026-08-26 09:00:00"
28	79	39	28079039	8	"28079039_8_8"	37.000	"V"	"2026-08-26 09:00:00"
28	79	39	28079039	7	"28079039_7_8"	9.000	"V"	"2026-08-26 09:00:00"
28	79	39	28079039	14	"28079039_14_6"	15.000	"V"	"2026-08-26 09:00:00"
28	79	39	28079039	12	"28079039_12_8"	51.000	"V"	"2026-08-26 09:00:00"
28	79	38	28079038	9	"28079038_9_47"	0.000	"N"	"2026-08-26 09:00:00"
28	79	38	28079038	8	"28079038_8_8"	46.000	"V"	"2026-08-26 09:00:00"
28	79	38	28079038	7	"28079038_7_8"	11.000	"V"	"2026-08-26 09:00:00"
28	79	38	28079038	35	"28079038_35_59"	0.500	"V"	"2026-08-26 09:00:00"
28	79	38	28079038	30	"28079038_30_59"	2.400	"V"	"2026-08-26 09:00:00"
28	79	38	28079038	20	"28079038_20_59"	5.100	"V"	"2026-08-26 09:00:00"
28	79	38	28079038	12	"28079038_12_8"	63.000	"V"	"2026-08-26 09:00:00"
28	79	38	28079038	10	"28079038_10_47"	0.000	"N"	"2026-08-26 09:00:00"
28	79	36	28079036	8	"28079036_8_8"	46.000	"V"	"2026-08-26 09:00:00"
28	79	36	28079036	7	"28079036_7_8"	10.000	"V"	"2026-08-26 09:00:00"
28	79	36	28079036	12	"28079036_12_8"	61.000	"V"	"2026-08-26 09:00:00"
28	79	36	28079036	10	"28079036_10_47"	31.000	"V"	"2026-08-26 09:00:00"
28	79	36	28079036	1	"28079036_1_38"	3.000	"V"	"2026-08-26 09:00:00"
28	79	35	28079035	8	"28079035_8_8"	52.000	"V"	"2026-08-26 09:00:00"
28	79	35	28079035	7	"28079035_7_8"	23.000	"V"	"2026-08-26 09:00:00"
28	79	35	28079035	6	"28079035_6_48"	0.400	"V"	"2026-08-26 09:00:00"
28	79	35	28079035	14	"28079035_14_6"	9.000	"V"	"2026-08-26 09:00:00"
28	79	35	28079035	12	"28079035_12_8"	87.000	"V"	"2026-08-26 09:00:00"
28	79	35	28079035	1	"28079035_1_38"	4.000	"V"	"2026-08-26 09:00:00"
28	79	27	28079027	8	"28079027_8_8"	59.000	"V"	"2026-08-26 09:00:00"
28	79	27	28079027	7	"28079027_7_8"	29.000	"V"	"2026-08-26 09:00:00"
28	79	27	28079027	14	"28079027_14_6"	10.000	"V"	"2026-08-26 09:00:00"
28	79	27	28079027	12	"28079027_12_8"	103.000	"V"	"2026-08-26 09:00:00"
28	79	24	28079024	9	"28079024_9_47"	3.000	"V"	"2026-08-26 09:00:00"
28	79	24	28079024	8	"28079024_8_8"	21.000	"V"	"2026-08-26 09:00:00"
28	79	24	28079024	14	"28079024_14_6"	18.000	"V"	"2026-08-26 09:00:00"
28	79	24	28079024	12	"28079024_12_8"	23.000	"V"	"2026-08-26 09:00:00"
28	79	24	28079024	10	"28079024_10_47"	23.000	"V"	"2026-08-26 09:00:00"
28	79	18	28079018	7	"28079018_7_8"	16.000	"V"	"2026-08-26 09:00:00"
28	79	18	28079018	8	"28079018_8_8"	40.000	"V"	"2026-08-26 09:00:00"
28	79	18	28079018	35	"28079018_35_59"	1.300	"V"	"2026-08-26 09:00:00"
28	79	18	28079018	30	"28079018_30_59"	0.500	"V"	"2026-08-26 09:00:00"
28	79	18	28079018	20	"28079018_20_59"	2.500	"V"	"2026-08-26 09:00:00"
28	79	18	28079018	12	"28079018_12_8"	65.000	"V"	"2026-08-26 09:00:00"
28	79	18	28079018	14	"28079018_14_6"	9.000	"V"	"2026-08-26 09:00:00"
28	79	18	28079018	10	"28079018_10_47"	30.000	"V"	"2026-08-26 09:00:00"
28	79	17	28079017	8	"28079017_8_8"	52.000	"V"	"2026-08-26 09:00:00"
28	79	17	28079017	7	"28079017_7_8"	12.000	"V"	"2026-08-26 09:00:00"
28	79	17	28079017	14	"28079017_14_6"	17.000	"V"	"2026-08-26 09:00:00"
28	79	17	28079017	12	"28079017_12_8"	70.000	"V"	"2026-08-26 09:00:00"
28	79	16	28079016	8	"28079016_8_8"	57.000	"V"	"2026-08-26 09:00:00"
28	79	16	28079016	7	"28079016_7_8"	12.000	"V"	"2026-08-26 09:00:00"
28	79	24	28079024	7	"28079024_7_8"	1.000	"V"	"2026-08-26 09:00:00"
28	79	16	28079016	14	"28079016_14_6"	11.000	"V"	"2026-08-26 09:00:00"
28	79	16	28079016	12	"28079016_12_8"	75.000	"V"	"2026-08-26 09:00:00"
28	79	11	28079011	8	"28079011_8_8"	51.000	"V"	"2026-08-26 09:00:00"
28	79	11	28079011	7	"28079011_7_8"	5.000	"V"	"2026-08-26 09:00:00"
28	79	56	28079056	12	"28079056_12_8"	137.000	"V"	"2026-08-26 09:00:00"
28	79	48	28079048	12	"28079048_12_8"	30.000	"V"	"2026-08-26 09:00:00"
28	79	11	28079011	12	"28079011_12_8"	59.000	"V"	"2026-08-26 09:00:00"
28	79	8	28079008	9	"28079008_9_47"	3.000	"V"	"2026-08-26 08:00:00"
28	79	8	28079008	8	"28079008_8_8"	13.000	"V"	"2026-08-26 08:00:00"
28	79	8	28079008	7	"28079008_7_8"	0.000	"V"	"2026-08-26 08:00:00"
28	79	8	28079008	6	"28079008_6_48"	0.300	"V"	"2026-08-26 08:00:00"
28	79	8	28079008	35	"28079008_35_59"	0.700	"V"	"2026-08-26 08:00:00"
28	79	8	28079008	30	"28079008_30_59"	0.300	"V"	"2026-08-26 08:00:00"
28	79	8	28079008	20	"28079008_20_59"	2.800	"V"	"2026-08-26 08:00:00"
28	79	8	28079008	14	"28079008_14_6"	32.000	"V"	"2026-08-26 08:00:00"
28	79	8	28079008	12	"28079008_12_8"	14.000	"V"	"2026-08-26 08:00:00"
28	79	8	28079008	10	"28079008_10_47"	11.000	"V"	"2026-08-26 08:00:00"
28	79	8	28079008	1	"28079008_1_38"	2.000	"V"	"2026-08-26 08:00:00"
28	79	60	28079060	9	"28079060_9_A"	8.000	"V"	"2026-08-26 08:00:00"
28	79	60	28079060	7	"28079060_7_8"	1.000	"V"	"2026-08-26 08:00:00"
28	79	60	28079060	14	"28079060_14_6"	48.000	"V"	"2026-08-26 08:00:00"
28	79	60	28079060	12	"28079060_12_8"	25.000	"V"	"2026-08-26 08:00:00"
28	79	60	28079060	10	"28079060_10_47"	18.000	"V"	"2026-08-26 08:00:00"
28	79	59	28079059	8	"28079059_8_8"	19.000	"V"	"2026-08-26 08:00:00"
28	79	59	28079059	7	"28079059_7_8"	1.000	"V"	"2026-08-26 08:00:00"
28	79	59	28079059	14	"28079059_14_6"	46.000	"V"	"2026-08-26 08:00:00"
28	79	59	28079059	12	"28079059_12_8"	20.000	"V"	"2026-08-26 08:00:00"
28	79	58	28079058	8	"28079058_8_8"	20.000	"V"	"2026-08-26 08:00:00"
28	79	58	28079058	7	"28079058_7_8"	1.000	"V"	"2026-08-26 08:00:00"
28	79	58	28079058	14	"28079058_14_6"	26.000	"V"	"2026-08-26 08:00:00"
28	79	58	28079058	12	"28079058_12_8"	21.000	"V"	"2026-08-26 08:00:00"
28	79	57	28079057	9	"28079057_9_A"	0.000	"V"	"2026-08-26 08:00:00"
28	79	57	28079057	8	"28079057_8_8"	12.000	"V"	"2026-08-26 08:00:00"
28	79	57	28079057	7	"28079057_7_8"	1.000	"V"	"2026-08-26 08:00:00"
28	79	57	28079057	12	"28079057_12_8"	13.000	"V"	"2026-08-26 08:00:00"
28	79	57	28079057	10	"28079057_10_47"	0.000	"V"	"2026-08-26 08:00:00"
28	79	56	28079056	9	"28079056_9_47"	17.000	"V"	"2026-08-26 08:00:00"
28	79	56	28079056	8	"28079056_8_8"	56.000	"V"	"2026-08-26 08:00:00"
28	79	56	28079056	7	"28079056_7_8"	35.000	"V"	"2026-08-26 08:00:00"
28	79	56	28079056	6	"28079056_6_48"	0.400	"V"	"2026-08-26 08:00:00"
28	79	56	28079056	12	"28079056_12_8"	110.000	"V"	"2026-08-26 08:00:00"
28	79	56	28079056	10	"28079056_10_47"	37.000	"V"	"2026-08-26 08:00:00"
28	79	54	28079054	9	"28079054_9_A"	12.000	"V"	"2026-08-26 08:00:00"
28	79	54	28079054	8	"28079054_8_8"	53.000	"V"	"2026-08-26 08:00:00"
28	79	54	28079054	7	"28079054_7_8"	11.000	"V"	"2026-08-26 08:00:00"
28	79	54	28079054	14	"28079054_14_6"	9.000	"V"	"2026-08-26 08:00:00"
28	79	54	28079054	12	"28079054_12_8"	69.000	"V"	"2026-08-26 08:00:00"
28	79	54	28079054	10	"28079054_10_A"	37.000	"V"	"2026-08-26 08:00:00"
28	79	50	28079050	9	"28079050_9_47"	0.000	"V"	"2026-08-26 08:00:00"
28	79	50	28079050	8	"28079050_8_8"	27.000	"V"	"2026-08-26 08:00:00"
28	79	50	28079050	7	"28079050_7_8"	0.000	"V"	"2026-08-26 08:00:00"
28	79	50	28079050	12	"28079050_12_8"	27.000	"V"	"2026-08-26 08:00:00"
28	79	50	28079050	10	"28079050_10_47"	2.000	"V"	"2026-08-26 08:00:00"
28	79	49	28079049	8	"28079049_8_8"	22.000	"V"	"2026-08-26 08:00:00"
28	79	49	28079049	7	"28079049_7_8"	1.000	"V"	"2026-08-26 08:00:00"
28	79	49	28079049	14	"28079049_14_6"	30.000	"V"	"2026-08-26 08:00:00"
28	79	49	28079049	12	"28079049_12_8"	23.000	"V"	"2026-08-26 08:00:00"
28	79	48	28079048	9	"28079048_9_47"	6.000	"V"	"2026-08-26 08:00:00"
28	79	48	28079048	8	"28079048_8_8"	11.000	"V"	"2026-08-26 08:00:00"
28	79	48	28079048	7	"28079048_7_8"	0.000	"V"	"2026-08-26 08:00:00"
28	79	48	28079048	12	"28079048_12_8"	11.000	"V"	"2026-08-26 08:00:00"
28	79	48	28079048	10	"28079048_10_47"	12.000	"V"	"2026-08-26 08:00:00"
28	79	47	28079047	9	"28079047_9_47"	9.000	"V"	"2026-08-26 08:00:00"
28	79	47	28079047	8	"28079047_8_8"	43.000	"V"	"2026-08-26 08:00:00"
28	79	47	28079047	7	"28079047_7_8"	5.000	"V"	"2026-08-26 08:00:00"
28	79	47	28079047	12	"28079047_12_8"	50.000	"V"	"2026-08-26 08:00:00"
28	79	47	28079047	10	"28079047_10_47"	19.000	"V"	"2026-08-26 08:00:00"
28	79	40	28079040	8	"28079040_8_8"	54.000	"V"	"2026-08-26 08:00:00"
28	79	40	28079040	7	"28079040_7_8"	5.000	"V"	"2026-08-26 08:00:00"
28	79	40	28079040	12	"28079040_12_8"	62.000	"V"	"2026-08-26 08:00:00"
28	79	40	28079040	10	"28079040_10_47"	28.000	"V"	"2026-08-26 08:00:00"
28	79	4	28079004	9	"28079004_9_A"	8.000	"V"	"2026-08-26 08:00:00"
28	79	4	28079004	8	"28079004_8_8"	21.000	"V"	"2026-08-26 08:00:00"
28	79	4	28079004	7	"28079004_7_8"	1.000	"V"	"2026-08-26 08:00:00"
28	79	4	28079004	6	"28079004_6_48"	0.200	"V"	"2026-08-26 08:00:00"
28	79	4	28079004	12	"28079004_12_8"	23.000	"V"	"2026-08-26 08:00:00"
28	79	4	28079004	10	"28079004_10_A"	22.000	"V"	"2026-08-26 08:00:00"
28	79	39	28079039	8	"28079039_8_8"	20.000	"V"	"2026-08-26 08:00:00"
28	79	39	28079039	7	"28079039_7_8"	1.000	"V"	"2026-08-26 08:00:00"
28	79	39	28079039	14	"28079039_14_6"	44.000	"V"	"2026-08-26 08:00:00"
28	79	39	28079039	12	"28079039_12_8"	21.000	"V"	"2026-08-26 08:00:00"
28	79	38	28079038	9	"28079038_9_47"	9.000	"V"	"2026-08-26 08:00:00"
28	79	38	28079038	8	"28079038_8_8"	27.000	"V"	"2026-08-26 08:00:00"
28	79	38	28079038	7	"28079038_7_8"	5.000	"V"	"2026-08-26 08:00:00"
28	79	38	28079038	35	"28079038_35_59"	0.200	"V"	"2026-08-26 08:00:00"
28	79	38	28079038	30	"28079038_30_59"	1.200	"V"	"2026-08-26 08:00:00"
28	79	38	28079038	20	"28079038_20_59"	2.400	"V"	"2026-08-26 08:00:00"
28	79	38	28079038	12	"28079038_12_8"	36.000	"V"	"2026-08-26 08:00:00"
28	79	38	28079038	10	"28079038_10_47"	20.000	"V"	"2026-08-26 08:00:00"
28	79	36	28079036	8	"28079036_8_8"	34.000	"V"	"2026-08-26 08:00:00"
28	79	36	28079036	7	"28079036_7_8"	4.000	"V"	"2026-08-26 08:00:00"
28	79	36	28079036	12	"28079036_12_8"	40.000	"V"	"2026-08-26 08:00:00"
28	79	36	28079036	10	"28079036_10_47"	14.000	"V"	"2026-08-26 08:00:00"
28	79	36	28079036	1	"28079036_1_38"	3.000	"V"	"2026-08-26 08:00:00"
28	79	35	28079035	8	"28079035_8_8"	31.000	"V"	"2026-08-26 08:00:00"
28	79	35	28079035	7	"28079035_7_8"	4.000	"V"	"2026-08-26 08:00:00"
28	79	35	28079035	6	"28079035_6_48"	0.300	"V"	"2026-08-26 08:00:00"
28	79	35	28079035	14	"28079035_14_6"	25.000	"V"	"2026-08-26 08:00:00"
28	79	35	28079035	12	"28079035_12_8"	37.000	"V"	"2026-08-26 08:00:00"
28	79	35	28079035	1	"28079035_1_38"	4.000	"V"	"2026-08-26 08:00:00"
28	79	27	28079027	8	"28079027_8_8"	65.000	"V"	"2026-08-26 08:00:00"
28	79	27	28079027	7	"28079027_7_8"	36.000	"V"	"2026-08-26 08:00:00"
28	79	27	28079027	14	"28079027_14_6"	7.000	"V"	"2026-08-26 08:00:00"
28	79	27	28079027	12	"28079027_12_8"	121.000	"V"	"2026-08-26 08:00:00"
28	79	24	28079024	9	"28079024_9_47"	5.000	"V"	"2026-08-26 08:00:00"
28	79	24	28079024	8	"28079024_8_8"	9.000	"V"	"2026-08-26 08:00:00"
28	79	24	28079024	7	"28079024_7_8"	1.000	"V"	"2026-08-26 08:00:00"
28	79	24	28079024	14	"28079024_14_6"	28.000	"V"	"2026-08-26 08:00:00"
28	79	24	28079024	12	"28079024_12_8"	11.000	"V"	"2026-08-26 08:00:00"
28	79	24	28079024	10	"28079024_10_47"	15.000	"V"	"2026-08-26 08:00:00"
28	79	16	28079016	8	"28079016_8_8"	32.000	"V"	"2026-08-26 08:00:00"
28	79	18	28079018	7	"28079018_7_8"	2.000	"V"	"2026-08-26 08:00:00"
28	79	18	28079018	8	"28079018_8_8"	27.000	"V"	"2026-08-26 08:00:00"
28	79	18	28079018	35	"28079018_35_59"	0.800	"V"	"2026-08-26 08:00:00"
28	79	18	28079018	30	"28079018_30_59"	0.300	"V"	"2026-08-26 08:00:00"
28	79	18	28079018	20	"28079018_20_59"	2.100	"V"	"2026-08-26 08:00:00"
28	79	18	28079018	12	"28079018_12_8"	31.000	"V"	"2026-08-26 08:00:00"
28	79	18	28079018	14	"28079018_14_6"	17.000	"V"	"2026-08-26 08:00:00"
28	79	18	28079018	10	"28079018_10_47"	16.000	"V"	"2026-08-26 08:00:00"
28	79	17	28079017	8	"28079017_8_8"	53.000	"V"	"2026-08-26 08:00:00"
28	79	17	28079017	7	"28079017_7_8"	5.000	"V"	"2026-08-26 08:00:00"
28	79	17	28079017	14	"28079017_14_6"	17.000	"V"	"2026-08-26 08:00:00"
28	79	17	28079017	12	"28079017_12_8"	61.000	"V"	"2026-08-26 08:00:00"
28	79	16	28079016	7	"28079016_7_8"	1.000	"V"	"2026-08-26 08:00:00"
28	79	16	28079016	14	"28079016_14_6"	32.000	"V"	"2026-08-26 08:00:00"
28	79	60	28079060	8	"28079060_8_8"	24.000	"V"	"2026-08-26 08:00:00"
28	79	16	28079016	12	"28079016_12_8"	33.000	"V"	"2026-08-26 08:00:00"
28	79	11	28079011	8	"28079011_8_8"	27.000	"V"	"2026-08-26 08:00:00"
28	79	11	28079011	7	"28079011_7_8"	4.000	"V"	"2026-08-26 08:00:00"
28	79	11	28079011	12	"28079011_12_8"	33.000	"V"	"2026-08-26 08:00:00"
28	79	8	28079008	9	"28079008_9_47"	11.000	"V"	"2026-08-26 07:00:00"
28	79	8	28079008	8	"28079008_8_8"	11.000	"V"	"2026-08-26 07:00:00"
28	79	8	28079008	7	"28079008_7_8"	0.000	"V"	"2026-08-26 07:00:00"
28	79	8	28079008	6	"28079008_6_48"	0.200	"V"	"2026-08-26 07:00:00"
28	79	8	28079008	35	"28079008_35_59"	0.800	"V"	"2026-08-26 07:00:00"
28	79	8	28079008	30	"28079008_30_59"	0.300	"V"	"2026-08-26 07:00:00"
28	79	8	28079008	20	"28079008_20_59"	4.000	"V"	"2026-08-26 07:00:00"
28	79	8	28079008	14	"28079008_14_6"	42.000	"V"	"2026-08-26 07:00:00"
28	79	8	28079008	12	"28079008_12_8"	11.000	"V"	"2026-08-26 07:00:00"
28	79	8	28079008	10	"28079008_10_47"	23.000	"V"	"2026-08-26 07:00:00"
28	79	8	28079008	1	"28079008_1_38"	2.000	"V"	"2026-08-26 07:00:00"
28	79	60	28079060	9	"28079060_9_A"	0.000	"N"	"2026-08-26 07:00:00"
28	79	60	28079060	8	"28079060_8_8"	21.000	"V"	"2026-08-26 07:00:00"
28	79	60	28079060	7	"28079060_7_8"	0.000	"V"	"2026-08-26 07:00:00"
28	79	60	28079060	14	"28079060_14_6"	53.000	"V"	"2026-08-26 07:00:00"
28	79	60	28079060	12	"28079060_12_8"	22.000	"V"	"2026-08-26 07:00:00"
28	79	60	28079060	10	"28079060_10_47"	0.000	"N"	"2026-08-26 07:00:00"
28	79	59	28079059	8	"28079059_8_8"	11.000	"V"	"2026-08-26 07:00:00"
28	79	59	28079059	7	"28079059_7_8"	1.000	"V"	"2026-08-26 07:00:00"
28	79	59	28079059	14	"28079059_14_6"	53.000	"V"	"2026-08-26 07:00:00"
28	79	59	28079059	12	"28079059_12_8"	13.000	"V"	"2026-08-26 07:00:00"
28	79	58	28079058	8	"28079058_8_8"	15.000	"V"	"2026-08-26 07:00:00"
28	79	58	28079058	7	"28079058_7_8"	0.000	"V"	"2026-08-26 07:00:00"
28	79	58	28079058	14	"28079058_14_6"	32.000	"V"	"2026-08-26 07:00:00"
28	79	58	28079058	12	"28079058_12_8"	15.000	"V"	"2026-08-26 07:00:00"
28	79	57	28079057	9	"28079057_9_A"	0.000	"V"	"2026-08-26 07:00:00"
28	79	57	28079057	8	"28079057_8_8"	8.000	"V"	"2026-08-26 07:00:00"
28	79	57	28079057	7	"28079057_7_8"	0.000	"V"	"2026-08-26 07:00:00"
28	79	57	28079057	12	"28079057_12_8"	8.000	"V"	"2026-08-26 07:00:00"
28	79	57	28079057	10	"28079057_10_47"	0.000	"V"	"2026-08-26 07:00:00"
28	79	56	28079056	9	"28079056_9_47"	11.000	"V"	"2026-08-26 07:00:00"
28	79	56	28079056	8	"28079056_8_8"	24.000	"V"	"2026-08-26 07:00:00"
28	79	56	28079056	7	"28079056_7_8"	4.000	"V"	"2026-08-26 07:00:00"
28	79	56	28079056	6	"28079056_6_48"	0.200	"V"	"2026-08-26 07:00:00"
28	79	56	28079056	12	"28079056_12_8"	30.000	"V"	"2026-08-26 07:00:00"
28	79	56	28079056	10	"28079056_10_47"	24.000	"V"	"2026-08-26 07:00:00"
28	79	54	28079054	9	"28079054_9_A"	15.000	"V"	"2026-08-26 07:00:00"
28	79	54	28079054	8	"28079054_8_8"	43.000	"V"	"2026-08-26 07:00:00"
28	79	54	28079054	7	"28079054_7_8"	3.000	"V"	"2026-08-26 07:00:00"
28	79	54	28079054	14	"28079054_14_6"	17.000	"V"	"2026-08-26 07:00:00"
28	79	54	28079054	12	"28079054_12_8"	48.000	"V"	"2026-08-26 07:00:00"
28	79	54	28079054	10	"28079054_10_A"	50.000	"V"	"2026-08-26 07:00:00"
28	79	50	28079050	9	"28079050_9_47"	0.000	"V"	"2026-08-26 07:00:00"
28	79	50	28079050	8	"28079050_8_8"	14.000	"V"	"2026-08-26 07:00:00"
28	79	50	28079050	7	"28079050_7_8"	0.000	"V"	"2026-08-26 07:00:00"
28	79	50	28079050	12	"28079050_12_8"	14.000	"V"	"2026-08-26 07:00:00"
28	79	50	28079050	10	"28079050_10_47"	2.000	"V"	"2026-08-26 07:00:00"
28	79	49	28079049	8	"28079049_8_8"	31.000	"V"	"2026-08-26 07:00:00"
28	79	49	28079049	7	"28079049_7_8"	1.000	"V"	"2026-08-26 07:00:00"
28	79	49	28079049	14	"28079049_14_6"	21.000	"V"	"2026-08-26 07:00:00"
28	79	49	28079049	12	"28079049_12_8"	32.000	"V"	"2026-08-26 07:00:00"
28	79	48	28079048	9	"28079048_9_47"	5.000	"V"	"2026-08-26 07:00:00"
28	79	48	28079048	8	"28079048_8_8"	4.000	"V"	"2026-08-26 07:00:00"
28	79	48	28079048	7	"28079048_7_8"	0.000	"V"	"2026-08-26 07:00:00"
28	79	48	28079048	12	"28079048_12_8"	4.000	"V"	"2026-08-26 07:00:00"
28	79	48	28079048	10	"28079048_10_47"	12.000	"V"	"2026-08-26 07:00:00"
28	79	47	28079047	9	"28079047_9_47"	9.000	"V"	"2026-08-26 07:00:00"
28	79	47	28079047	8	"28079047_8_8"	20.000	"V"	"2026-08-26 07:00:00"
28	79	47	28079047	7	"28079047_7_8"	0.000	"V"	"2026-08-26 07:00:00"
28	79	47	28079047	12	"28079047_12_8"	21.000	"V"	"2026-08-26 07:00:00"
28	79	47	28079047	10	"28079047_10_47"	18.000	"V"	"2026-08-26 07:00:00"
28	79	40	28079040	8	"28079040_8_8"	38.000	"V"	"2026-08-26 07:00:00"
28	79	40	28079040	7	"28079040_7_8"	2.000	"V"	"2026-08-26 07:00:00"
28	79	40	28079040	12	"28079040_12_8"	41.000	"V"	"2026-08-26 07:00:00"
28	79	40	28079040	10	"28079040_10_47"	26.000	"V"	"2026-08-26 07:00:00"
28	79	4	28079004	9	"28079004_9_A"	6.000	"V"	"2026-08-26 07:00:00"
28	79	4	28079004	8	"28079004_8_8"	18.000	"V"	"2026-08-26 07:00:00"
28	79	4	28079004	7	"28079004_7_8"	1.000	"V"	"2026-08-26 07:00:00"
28	79	4	28079004	6	"28079004_6_48"	0.200	"V"	"2026-08-26 07:00:00"
28	79	4	28079004	12	"28079004_12_8"	20.000	"V"	"2026-08-26 07:00:00"
28	79	4	28079004	10	"28079004_10_A"	17.000	"V"	"2026-08-26 07:00:00"
28	79	39	28079039	8	"28079039_8_8"	13.000	"V"	"2026-08-26 07:00:00"
28	79	39	28079039	7	"28079039_7_8"	0.000	"V"	"2026-08-26 07:00:00"
28	79	39	28079039	14	"28079039_14_6"	52.000	"V"	"2026-08-26 07:00:00"
28	79	39	28079039	12	"28079039_12_8"	13.000	"V"	"2026-08-26 07:00:00"
28	79	38	28079038	9	"28079038_9_47"	12.000	"V"	"2026-08-26 07:00:00"
28	79	38	28079038	8	"28079038_8_8"	17.000	"V"	"2026-08-26 07:00:00"
28	79	38	28079038	7	"28079038_7_8"	3.000	"V"	"2026-08-26 07:00:00"
28	79	38	28079038	35	"28079038_35_59"	0.100	"V"	"2026-08-26 07:00:00"
28	79	38	28079038	30	"28079038_30_59"	0.800	"V"	"2026-08-26 07:00:00"
28	79	38	28079038	20	"28079038_20_59"	2.300	"V"	"2026-08-26 07:00:00"
28	79	38	28079038	12	"28079038_12_8"	22.000	"V"	"2026-08-26 07:00:00"
28	79	38	28079038	10	"28079038_10_47"	20.000	"V"	"2026-08-26 07:00:00"
28	79	36	28079036	8	"28079036_8_8"	16.000	"V"	"2026-08-26 07:00:00"
28	79	36	28079036	7	"28079036_7_8"	0.000	"V"	"2026-08-26 07:00:00"
28	79	36	28079036	12	"28079036_12_8"	17.000	"V"	"2026-08-26 07:00:00"
28	79	36	28079036	10	"28079036_10_47"	12.000	"V"	"2026-08-26 07:00:00"
28	79	36	28079036	1	"28079036_1_38"	2.000	"V"	"2026-08-26 07:00:00"
28	79	35	28079035	8	"28079035_8_8"	26.000	"V"	"2026-08-26 07:00:00"
28	79	35	28079035	7	"28079035_7_8"	2.000	"V"	"2026-08-26 07:00:00"
28	79	35	28079035	6	"28079035_6_48"	0.300	"V"	"2026-08-26 07:00:00"
28	79	35	28079035	14	"28079035_14_6"	30.000	"V"	"2026-08-26 07:00:00"
28	79	35	28079035	12	"28079035_12_8"	29.000	"V"	"2026-08-26 07:00:00"
28	79	35	28079035	1	"28079035_1_38"	4.000	"V"	"2026-08-26 07:00:00"
28	79	27	28079027	8	"28079027_8_8"	51.000	"V"	"2026-08-26 07:00:00"
28	79	27	28079027	7	"28079027_7_8"	4.000	"V"	"2026-08-26 07:00:00"
28	79	27	28079027	14	"28079027_14_6"	17.000	"V"	"2026-08-26 07:00:00"
28	79	27	28079027	12	"28079027_12_8"	56.000	"V"	"2026-08-26 07:00:00"
28	79	24	28079024	9	"28079024_9_47"	1.000	"V"	"2026-08-26 07:00:00"
28	79	24	28079024	8	"28079024_8_8"	5.000	"V"	"2026-08-26 07:00:00"
28	79	24	28079024	7	"28079024_7_8"	1.000	"V"	"2026-08-26 07:00:00"
28	79	24	28079024	14	"28079024_14_6"	37.000	"V"	"2026-08-26 07:00:00"
28	79	24	28079024	12	"28079024_12_8"	6.000	"V"	"2026-08-26 07:00:00"
28	79	24	28079024	10	"28079024_10_47"	8.000	"V"	"2026-08-26 07:00:00"
28	79	18	28079018	7	"28079018_7_8"	0.000	"V"	"2026-08-26 07:00:00"
28	79	18	28079018	8	"28079018_8_8"	19.000	"V"	"2026-08-26 07:00:00"
28	79	18	28079018	35	"28079018_35_59"	0.900	"V"	"2026-08-26 07:00:00"
28	79	18	28079018	30	"28079018_30_59"	0.200	"V"	"2026-08-26 07:00:00"
28	79	18	28079018	20	"28079018_20_59"	1.900	"V"	"2026-08-26 07:00:00"
28	79	18	28079018	12	"28079018_12_8"	19.000	"V"	"2026-08-26 07:00:00"
28	79	18	28079018	14	"28079018_14_6"	26.000	"V"	"2026-08-26 07:00:00"
28	79	18	28079018	10	"28079018_10_47"	16.000	"V"	"2026-08-26 07:00:00"
28	79	17	28079017	8	"28079017_8_8"	56.000	"V"	"2026-08-26 07:00:00"
28	79	17	28079017	7	"28079017_7_8"	6.000	"V"	"2026-08-26 07:00:00"
28	79	17	28079017	14	"28079017_14_6"	7.000	"V"	"2026-08-26 07:00:00"
28	79	17	28079017	12	"28079017_12_8"	65.000	"V"	"2026-08-26 07:00:00"
28	79	16	28079016	8	"28079016_8_8"	14.000	"V"	"2026-08-26 07:00:00"
28	79	16	28079016	7	"28079016_7_8"	0.000	"V"	"2026-08-26 07:00:00"
28	79	16	28079016	14	"28079016_14_6"	52.000	"V"	"2026-08-26 07:00:00"
28	79	16	28079016	12	"28079016_12_8"	14.000	"V"	"2026-08-26 07:00:00"
28	79	11	28079011	8	"28079011_8_8"	11.000	"V"	"2026-08-26 07:00:00"
28	79	11	28079011	7	"28079011_7_8"	0.000	"V"	"2026-08-26 07:00:00"
28	79	11	28079011	12	"28079011_12_8"	11.000	"V"	"2026-08-26 07:00:00"
28	79	8	28079008	9	"28079008_9_47"	7.000	"V"	"2026-08-26 06:00:00"
28	79	8	28079008	8	"28079008_8_8"	9.000	"V"	"2026-08-26 06:00:00"
28	79	8	28079008	7	"28079008_7_8"	0.000	"V"	"2026-08-26 06:00:00"
28	79	8	28079008	6	"28079008_6_48"	0.200	"V"	"2026-08-26 06:00:00"
28	79	8	28079008	35	"28079008_35_59"	0.800	"V"	"2026-08-26 06:00:00"
28	79	8	28079008	30	"28079008_30_59"	0.200	"V"	"2026-08-26 06:00:00"
28	79	8	28079008	20	"28079008_20_59"	2.700	"V"	"2026-08-26 06:00:00"
28	79	8	28079008	14	"28079008_14_6"	50.000	"V"	"2026-08-26 06:00:00"
28	79	8	28079008	12	"28079008_12_8"	9.000	"V"	"2026-08-26 06:00:00"
28	79	8	28079008	10	"28079008_10_47"	25.000	"V"	"2026-08-26 06:00:00"
28	79	8	28079008	1	"28079008_1_38"	2.000	"V"	"2026-08-26 06:00:00"
28	79	60	28079060	9	"28079060_9_A"	6.000	"V"	"2026-08-26 06:00:00"
28	79	60	28079060	8	"28079060_8_8"	16.000	"V"	"2026-08-26 06:00:00"
28	79	60	28079060	7	"28079060_7_8"	0.000	"V"	"2026-08-26 06:00:00"
28	79	60	28079060	14	"28079060_14_6"	49.000	"V"	"2026-08-26 06:00:00"
28	79	60	28079060	12	"28079060_12_8"	17.000	"V"	"2026-08-26 06:00:00"
28	79	60	28079060	10	"28079060_10_47"	17.000	"V"	"2026-08-26 06:00:00"
28	79	59	28079059	8	"28079059_8_8"	9.000	"V"	"2026-08-26 06:00:00"
28	79	59	28079059	7	"28079059_7_8"	1.000	"V"	"2026-08-26 06:00:00"
28	79	59	28079059	14	"28079059_14_6"	58.000	"V"	"2026-08-26 06:00:00"
28	79	59	28079059	12	"28079059_12_8"	10.000	"V"	"2026-08-26 06:00:00"
28	79	58	28079058	8	"28079058_8_8"	7.000	"V"	"2026-08-26 06:00:00"
28	79	58	28079058	7	"28079058_7_8"	0.000	"V"	"2026-08-26 06:00:00"
28	79	58	28079058	14	"28079058_14_6"	37.000	"V"	"2026-08-26 06:00:00"
28	79	58	28079058	12	"28079058_12_8"	7.000	"V"	"2026-08-26 06:00:00"
28	79	57	28079057	9	"28079057_9_A"	0.000	"V"	"2026-08-26 06:00:00"
28	79	57	28079057	8	"28079057_8_8"	7.000	"V"	"2026-08-26 06:00:00"
28	79	57	28079057	7	"28079057_7_8"	0.000	"V"	"2026-08-26 06:00:00"
28	79	57	28079057	12	"28079057_12_8"	7.000	"V"	"2026-08-26 06:00:00"
28	79	57	28079057	10	"28079057_10_47"	0.000	"V"	"2026-08-26 06:00:00"
28	79	56	28079056	9	"28079056_9_47"	11.000	"V"	"2026-08-26 06:00:00"
28	79	56	28079056	8	"28079056_8_8"	20.000	"V"	"2026-08-26 06:00:00"
28	79	56	28079056	7	"28079056_7_8"	2.000	"V"	"2026-08-26 06:00:00"
28	79	56	28079056	6	"28079056_6_48"	0.200	"V"	"2026-08-26 06:00:00"
28	79	56	28079056	12	"28079056_12_8"	22.000	"V"	"2026-08-26 06:00:00"
28	79	56	28079056	10	"28079056_10_47"	28.000	"V"	"2026-08-26 06:00:00"
28	79	54	28079054	9	"28079054_9_A"	9.000	"V"	"2026-08-26 06:00:00"
28	79	54	28079054	8	"28079054_8_8"	35.000	"V"	"2026-08-26 06:00:00"
28	79	54	28079054	7	"28079054_7_8"	1.000	"V"	"2026-08-26 06:00:00"
28	79	54	28079054	14	"28079054_14_6"	24.000	"V"	"2026-08-26 06:00:00"
28	79	54	28079054	12	"28079054_12_8"	37.000	"V"	"2026-08-26 06:00:00"
28	79	54	28079054	10	"28079054_10_A"	23.000	"V"	"2026-08-26 06:00:00"
28	79	50	28079050	9	"28079050_9_47"	0.000	"V"	"2026-08-26 06:00:00"
28	79	50	28079050	8	"28079050_8_8"	15.000	"V"	"2026-08-26 06:00:00"
28	79	50	28079050	7	"28079050_7_8"	0.000	"V"	"2026-08-26 06:00:00"
28	79	50	28079050	12	"28079050_12_8"	16.000	"V"	"2026-08-26 06:00:00"
28	79	50	28079050	10	"28079050_10_47"	1.000	"V"	"2026-08-26 06:00:00"
28	79	49	28079049	8	"28079049_8_8"	16.000	"V"	"2026-08-26 06:00:00"
28	79	49	28079049	7	"28079049_7_8"	0.000	"V"	"2026-08-26 06:00:00"
28	79	49	28079049	14	"28079049_14_6"	39.000	"V"	"2026-08-26 06:00:00"
28	79	49	28079049	12	"28079049_12_8"	16.000	"V"	"2026-08-26 06:00:00"
28	79	48	28079048	9	"28079048_9_47"	7.000	"V"	"2026-08-26 06:00:00"
28	79	48	28079048	8	"28079048_8_8"	15.000	"V"	"2026-08-26 06:00:00"
28	79	48	28079048	7	"28079048_7_8"	0.000	"V"	"2026-08-26 06:00:00"
28	79	48	28079048	12	"28079048_12_8"	15.000	"V"	"2026-08-26 06:00:00"
28	79	48	28079048	10	"28079048_10_47"	14.000	"V"	"2026-08-26 06:00:00"
28	79	47	28079047	9	"28079047_9_47"	7.000	"V"	"2026-08-26 06:00:00"
28	79	47	28079047	8	"28079047_8_8"	27.000	"V"	"2026-08-26 06:00:00"
28	79	47	28079047	7	"28079047_7_8"	0.000	"V"	"2026-08-26 06:00:00"
28	79	47	28079047	12	"28079047_12_8"	27.000	"V"	"2026-08-26 06:00:00"
28	79	47	28079047	10	"28079047_10_47"	16.000	"V"	"2026-08-26 06:00:00"
28	79	40	28079040	8	"28079040_8_8"	54.000	"V"	"2026-08-26 06:00:00"
28	79	40	28079040	7	"28079040_7_8"	2.000	"V"	"2026-08-26 06:00:00"
28	79	40	28079040	12	"28079040_12_8"	57.000	"V"	"2026-08-26 06:00:00"
28	79	40	28079040	10	"28079040_10_47"	22.000	"V"	"2026-08-26 06:00:00"
28	79	4	28079004	9	"28079004_9_A"	8.000	"V"	"2026-08-26 06:00:00"
28	79	4	28079004	8	"28079004_8_8"	18.000	"V"	"2026-08-26 06:00:00"
28	79	4	28079004	7	"28079004_7_8"	1.000	"V"	"2026-08-26 06:00:00"
28	79	4	28079004	6	"28079004_6_48"	0.200	"V"	"2026-08-26 06:00:00"
28	79	4	28079004	12	"28079004_12_8"	19.000	"V"	"2026-08-26 06:00:00"
28	79	4	28079004	10	"28079004_10_A"	22.000	"V"	"2026-08-26 06:00:00"
28	79	39	28079039	8	"28079039_8_8"	16.000	"V"	"2026-08-26 06:00:00"
28	79	39	28079039	7	"28079039_7_8"	0.000	"V"	"2026-08-26 06:00:00"
28	79	39	28079039	14	"28079039_14_6"	39.000	"V"	"2026-08-26 06:00:00"
28	79	39	28079039	12	"28079039_12_8"	16.000	"V"	"2026-08-26 06:00:00"
28	79	38	28079038	9	"28079038_9_47"	12.000	"V"	"2026-08-26 06:00:00"
28	79	38	28079038	8	"28079038_8_8"	13.000	"V"	"2026-08-26 06:00:00"
28	79	38	28079038	7	"28079038_7_8"	0.000	"V"	"2026-08-26 06:00:00"
28	79	38	28079038	35	"28079038_35_59"	0.100	"V"	"2026-08-26 06:00:00"
28	79	38	28079038	30	"28079038_30_59"	0.600	"V"	"2026-08-26 06:00:00"
28	79	38	28079038	20	"28079038_20_59"	2.300	"V"	"2026-08-26 06:00:00"
28	79	38	28079038	12	"28079038_12_8"	13.000	"V"	"2026-08-26 06:00:00"
28	79	38	28079038	10	"28079038_10_47"	19.000	"V"	"2026-08-26 06:00:00"
28	79	36	28079036	8	"28079036_8_8"	31.000	"V"	"2026-08-26 06:00:00"
28	79	36	28079036	7	"28079036_7_8"	0.000	"V"	"2026-08-26 06:00:00"
28	79	36	28079036	12	"28079036_12_8"	32.000	"V"	"2026-08-26 06:00:00"
28	79	36	28079036	10	"28079036_10_47"	21.000	"V"	"2026-08-26 06:00:00"
28	79	36	28079036	1	"28079036_1_38"	2.000	"V"	"2026-08-26 06:00:00"
28	79	35	28079035	8	"28079035_8_8"	21.000	"V"	"2026-08-26 06:00:00"
28	79	35	28079035	7	"28079035_7_8"	1.000	"V"	"2026-08-26 06:00:00"
28	79	35	28079035	6	"28079035_6_48"	0.300	"V"	"2026-08-26 06:00:00"
28	79	35	28079035	14	"28079035_14_6"	30.000	"V"	"2026-08-26 06:00:00"
28	79	35	28079035	12	"28079035_12_8"	23.000	"V"	"2026-08-26 06:00:00"
28	79	35	28079035	1	"28079035_1_38"	4.000	"V"	"2026-08-26 06:00:00"
28	79	27	28079027	8	"28079027_8_8"	37.000	"V"	"2026-08-26 06:00:00"
28	79	27	28079027	7	"28079027_7_8"	2.000	"V"	"2026-08-26 06:00:00"
28	79	27	28079027	14	"28079027_14_6"	29.000	"V"	"2026-08-26 06:00:00"
28	79	27	28079027	12	"28079027_12_8"	40.000	"V"	"2026-08-26 06:00:00"
28	79	24	28079024	9	"28079024_9_47"	1.000	"V"	"2026-08-26 06:00:00"
28	79	24	28079024	8	"28079024_8_8"	4.000	"V"	"2026-08-26 06:00:00"
28	79	24	28079024	7	"28079024_7_8"	1.000	"V"	"2026-08-26 06:00:00"
28	79	24	28079024	14	"28079024_14_6"	44.000	"V"	"2026-08-26 06:00:00"
28	79	24	28079024	12	"28079024_12_8"	6.000	"V"	"2026-08-26 06:00:00"
28	79	24	28079024	10	"28079024_10_47"	9.000	"V"	"2026-08-26 06:00:00"
28	79	18	28079018	8	"28079018_8_8"	14.000	"V"	"2026-08-26 06:00:00"
28	79	18	28079018	35	"28079018_35_59"	0.900	"V"	"2026-08-26 06:00:00"
28	79	18	28079018	7	"28079018_7_8"	0.000	"V"	"2026-08-26 06:00:00"
28	79	18	28079018	30	"28079018_30_59"	0.100	"V"	"2026-08-26 06:00:00"
28	79	18	28079018	20	"28079018_20_59"	1.900	"V"	"2026-08-26 06:00:00"
28	79	18	28079018	12	"28079018_12_8"	14.000	"V"	"2026-08-26 06:00:00"
28	79	18	28079018	14	"28079018_14_6"	36.000	"V"	"2026-08-26 06:00:00"
28	79	18	28079018	10	"28079018_10_47"	17.000	"V"	"2026-08-26 06:00:00"
28	79	17	28079017	8	"28079017_8_8"	48.000	"V"	"2026-08-26 06:00:00"
28	79	17	28079017	7	"28079017_7_8"	2.000	"V"	"2026-08-26 06:00:00"
28	79	17	28079017	14	"28079017_14_6"	13.000	"V"	"2026-08-26 06:00:00"
28	79	17	28079017	12	"28079017_12_8"	52.000	"V"	"2026-08-26 06:00:00"
28	79	16	28079016	8	"28079016_8_8"	20.000	"V"	"2026-08-26 06:00:00"
28	79	16	28079016	7	"28079016_7_8"	0.000	"V"	"2026-08-26 06:00:00"
28	79	16	28079016	14	"28079016_14_6"	45.000	"V"	"2026-08-26 06:00:00"
28	79	16	28079016	12	"28079016_12_8"	21.000	"V"	"2026-08-26 06:00:00"
28	79	11	28079011	8	"28079011_8_8"	17.000	"V"	"2026-08-26 06:00:00"
28	79	11	28079011	7	"28079011_7_8"	0.000	"V"	"2026-08-26 06:00:00"
28	79	11	28079011	12	"28079011_12_8"	17.000	"V"	"2026-08-26 06:00:00"
28	79	8	28079008	9	"28079008_9_47"	9.000	"V"	"2026-08-26 05:00:00"
28	79	8	28079008	8	"28079008_8_8"	8.000	"V"	"2026-08-26 05:00:00"
28	79	8	28079008	7	"28079008_7_8"	0.000	"V"	"2026-08-26 05:00:00"
28	79	8	28079008	6	"28079008_6_48"	0.200	"V"	"2026-08-26 05:00:00"
28	79	8	28079008	35	"28079008_35_59"	0.900	"V"	"2026-08-26 05:00:00"
28	79	8	28079008	30	"28079008_30_59"	0.200	"V"	"2026-08-26 05:00:00"
28	79	8	28079008	20	"28079008_20_59"	2.600	"V"	"2026-08-26 05:00:00"
28	79	8	28079008	14	"28079008_14_6"	50.000	"V"	"2026-08-26 05:00:00"
28	79	8	28079008	12	"28079008_12_8"	8.000	"V"	"2026-08-26 05:00:00"
28	79	8	28079008	10	"28079008_10_47"	20.000	"V"	"2026-08-26 05:00:00"
28	79	8	28079008	1	"28079008_1_38"	2.000	"V"	"2026-08-26 05:00:00"
28	79	60	28079060	9	"28079060_9_A"	7.000	"V"	"2026-08-26 05:00:00"
28	79	60	28079060	8	"28079060_8_8"	33.000	"V"	"2026-08-26 05:00:00"
28	79	60	28079060	7	"28079060_7_8"	0.000	"V"	"2026-08-26 05:00:00"
28	79	60	28079060	14	"28079060_14_6"	39.000	"V"	"2026-08-26 05:00:00"
28	79	60	28079060	12	"28079060_12_8"	33.000	"V"	"2026-08-26 05:00:00"
28	79	60	28079060	10	"28079060_10_47"	17.000	"V"	"2026-08-26 05:00:00"
28	79	59	28079059	8	"28079059_8_8"	33.000	"V"	"2026-08-26 05:00:00"
28	79	59	28079059	7	"28079059_7_8"	1.000	"V"	"2026-08-26 05:00:00"
28	79	59	28079059	14	"28079059_14_6"	33.000	"V"	"2026-08-26 05:00:00"
28	79	59	28079059	12	"28079059_12_8"	36.000	"V"	"2026-08-26 05:00:00"
28	79	58	28079058	8	"28079058_8_8"	8.000	"V"	"2026-08-26 05:00:00"
28	79	58	28079058	7	"28079058_7_8"	0.000	"V"	"2026-08-26 05:00:00"
28	79	58	28079058	14	"28079058_14_6"	37.000	"V"	"2026-08-26 05:00:00"
28	79	58	28079058	12	"28079058_12_8"	8.000	"V"	"2026-08-26 05:00:00"
28	79	57	28079057	9	"28079057_9_A"	0.000	"V"	"2026-08-26 05:00:00"
28	79	57	28079057	8	"28079057_8_8"	9.000	"V"	"2026-08-26 05:00:00"
28	79	57	28079057	7	"28079057_7_8"	0.000	"V"	"2026-08-26 05:00:00"
28	79	57	28079057	12	"28079057_12_8"	9.000	"V"	"2026-08-26 05:00:00"
28	79	57	28079057	10	"28079057_10_47"	0.000	"V"	"2026-08-26 05:00:00"
28	79	56	28079056	9	"28079056_9_47"	21.000	"V"	"2026-08-26 05:00:00"
28	79	56	28079056	8	"28079056_8_8"	22.000	"V"	"2026-08-26 05:00:00"
28	79	56	28079056	7	"28079056_7_8"	1.000	"V"	"2026-08-26 05:00:00"
28	79	56	28079056	6	"28079056_6_48"	0.200	"V"	"2026-08-26 05:00:00"
28	79	56	28079056	12	"28079056_12_8"	24.000	"V"	"2026-08-26 05:00:00"
28	79	56	28079056	10	"28079056_10_47"	37.000	"V"	"2026-08-26 05:00:00"
28	79	54	28079054	9	"28079054_9_A"	11.000	"V"	"2026-08-26 05:00:00"
28	79	54	28079054	8	"28079054_8_8"	29.000	"V"	"2026-08-26 05:00:00"
28	79	54	28079054	7	"28079054_7_8"	1.000	"V"	"2026-08-26 05:00:00"
28	79	54	28079054	14	"28079054_14_6"	42.000	"V"	"2026-08-26 05:00:00"
28	79	54	28079054	12	"28079054_12_8"	30.000	"V"	"2026-08-26 05:00:00"
28	79	54	28079054	10	"28079054_10_A"	25.000	"V"	"2026-08-26 05:00:00"
28	79	50	28079050	9	"28079050_9_47"	1.000	"V"	"2026-08-26 05:00:00"
28	79	50	28079050	8	"28079050_8_8"	36.000	"V"	"2026-08-26 05:00:00"
28	79	50	28079050	7	"28079050_7_8"	3.000	"V"	"2026-08-26 05:00:00"
28	79	50	28079050	12	"28079050_12_8"	41.000	"V"	"2026-08-26 05:00:00"
28	79	50	28079050	10	"28079050_10_47"	13.000	"V"	"2026-08-26 05:00:00"
28	79	49	28079049	8	"28079049_8_8"	14.000	"V"	"2026-08-26 05:00:00"
28	79	49	28079049	7	"28079049_7_8"	0.000	"V"	"2026-08-26 05:00:00"
28	79	49	28079049	14	"28079049_14_6"	45.000	"V"	"2026-08-26 05:00:00"
28	79	49	28079049	12	"28079049_12_8"	14.000	"V"	"2026-08-26 05:00:00"
28	79	48	28079048	9	"28079048_9_47"	6.000	"V"	"2026-08-26 05:00:00"
28	79	48	28079048	8	"28079048_8_8"	8.000	"V"	"2026-08-26 05:00:00"
28	79	48	28079048	7	"28079048_7_8"	0.000	"V"	"2026-08-26 05:00:00"
28	79	48	28079048	12	"28079048_12_8"	8.000	"V"	"2026-08-26 05:00:00"
28	79	48	28079048	10	"28079048_10_47"	11.000	"V"	"2026-08-26 05:00:00"
28	79	47	28079047	9	"28079047_9_47"	7.000	"V"	"2026-08-26 05:00:00"
28	79	47	28079047	8	"28079047_8_8"	48.000	"V"	"2026-08-26 05:00:00"
28	79	47	28079047	7	"28079047_7_8"	1.000	"V"	"2026-08-26 05:00:00"
28	79	47	28079047	12	"28079047_12_8"	49.000	"V"	"2026-08-26 05:00:00"
28	79	47	28079047	10	"28079047_10_47"	16.000	"V"	"2026-08-26 05:00:00"
28	79	40	28079040	8	"28079040_8_8"	54.000	"V"	"2026-08-26 05:00:00"
28	79	40	28079040	7	"28079040_7_8"	1.000	"V"	"2026-08-26 05:00:00"
28	79	40	28079040	12	"28079040_12_8"	55.000	"V"	"2026-08-26 05:00:00"
28	79	40	28079040	10	"28079040_10_47"	21.000	"V"	"2026-08-26 05:00:00"
28	79	4	28079004	9	"28079004_9_A"	7.000	"V"	"2026-08-26 05:00:00"
28	79	4	28079004	8	"28079004_8_8"	21.000	"V"	"2026-08-26 05:00:00"
28	79	4	28079004	7	"28079004_7_8"	0.000	"V"	"2026-08-26 05:00:00"
28	79	4	28079004	6	"28079004_6_48"	0.200	"V"	"2026-08-26 05:00:00"
28	79	4	28079004	12	"28079004_12_8"	22.000	"V"	"2026-08-26 05:00:00"
28	79	4	28079004	10	"28079004_10_A"	19.000	"V"	"2026-08-26 05:00:00"
28	79	39	28079039	8	"28079039_8_8"	19.000	"V"	"2026-08-26 05:00:00"
28	79	39	28079039	7	"28079039_7_8"	0.000	"V"	"2026-08-26 05:00:00"
28	79	39	28079039	14	"28079039_14_6"	27.000	"V"	"2026-08-26 05:00:00"
28	79	39	28079039	12	"28079039_12_8"	19.000	"V"	"2026-08-26 05:00:00"
28	79	38	28079038	9	"28079038_9_47"	12.000	"V"	"2026-08-26 05:00:00"
28	79	38	28079038	8	"28079038_8_8"	10.000	"V"	"2026-08-26 05:00:00"
28	79	38	28079038	7	"28079038_7_8"	0.000	"V"	"2026-08-26 05:00:00"
28	79	38	28079038	35	"28079038_35_59"	0.000	"V"	"2026-08-26 05:00:00"
28	79	38	28079038	30	"28079038_30_59"	0.600	"V"	"2026-08-26 05:00:00"
28	79	38	28079038	20	"28079038_20_59"	2.200	"V"	"2026-08-26 05:00:00"
28	79	38	28079038	12	"28079038_12_8"	10.000	"V"	"2026-08-26 05:00:00"
28	79	38	28079038	10	"28079038_10_47"	20.000	"V"	"2026-08-26 05:00:00"
28	79	36	28079036	8	"28079036_8_8"	18.000	"V"	"2026-08-26 05:00:00"
28	79	36	28079036	7	"28079036_7_8"	0.000	"V"	"2026-08-26 05:00:00"
28	79	36	28079036	12	"28079036_12_8"	18.000	"V"	"2026-08-26 05:00:00"
28	79	36	28079036	10	"28079036_10_47"	12.000	"V"	"2026-08-26 05:00:00"
28	79	36	28079036	1	"28079036_1_38"	2.000	"V"	"2026-08-26 05:00:00"
28	79	35	28079035	8	"28079035_8_8"	14.000	"V"	"2026-08-26 05:00:00"
28	79	35	28079035	7	"28079035_7_8"	1.000	"V"	"2026-08-26 05:00:00"
28	79	35	28079035	6	"28079035_6_48"	0.300	"V"	"2026-08-26 05:00:00"
28	79	35	28079035	14	"28079035_14_6"	62.000	"V"	"2026-08-26 05:00:00"
28	79	35	28079035	12	"28079035_12_8"	15.000	"V"	"2026-08-26 05:00:00"
28	79	35	28079035	1	"28079035_1_38"	4.000	"V"	"2026-08-26 05:00:00"
28	79	27	28079027	8	"28079027_8_8"	36.000	"V"	"2026-08-26 05:00:00"
28	79	27	28079027	7	"28079027_7_8"	2.000	"V"	"2026-08-26 05:00:00"
28	79	27	28079027	14	"28079027_14_6"	29.000	"V"	"2026-08-26 05:00:00"
28	79	27	28079027	12	"28079027_12_8"	39.000	"V"	"2026-08-26 05:00:00"
28	79	24	28079024	9	"28079024_9_47"	7.000	"V"	"2026-08-26 05:00:00"
28	79	24	28079024	8	"28079024_8_8"	4.000	"V"	"2026-08-26 05:00:00"
28	79	24	28079024	7	"28079024_7_8"	1.000	"V"	"2026-08-26 05:00:00"
28	79	24	28079024	14	"28079024_14_6"	48.000	"V"	"2026-08-26 05:00:00"
28	79	24	28079024	12	"28079024_12_8"	6.000	"V"	"2026-08-26 05:00:00"
28	79	24	28079024	10	"28079024_10_47"	15.000	"V"	"2026-08-26 05:00:00"
28	79	18	28079018	8	"28079018_8_8"	18.000	"V"	"2026-08-26 05:00:00"
28	79	18	28079018	7	"28079018_7_8"	0.000	"V"	"2026-08-26 05:00:00"
28	79	18	28079018	35	"28079018_35_59"	1.000	"V"	"2026-08-26 05:00:00"
28	79	18	28079018	30	"28079018_30_59"	0.200	"V"	"2026-08-26 05:00:00"
28	79	18	28079018	20	"28079018_20_59"	1.900	"V"	"2026-08-26 05:00:00"
28	79	18	28079018	14	"28079018_14_6"	35.000	"V"	"2026-08-26 05:00:00"
28	79	18	28079018	10	"28079018_10_47"	19.000	"V"	"2026-08-26 05:00:00"
28	79	18	28079018	12	"28079018_12_8"	18.000	"V"	"2026-08-26 05:00:00"
28	79	17	28079017	8	"28079017_8_8"	33.000	"V"	"2026-08-26 05:00:00"
28	79	17	28079017	7	"28079017_7_8"	1.000	"V"	"2026-08-26 05:00:00"
28	79	17	28079017	14	"28079017_14_6"	28.000	"V"	"2026-08-26 05:00:00"
28	79	17	28079017	12	"28079017_12_8"	34.000	"V"	"2026-08-26 05:00:00"
28	79	16	28079016	8	"28079016_8_8"	50.000	"V"	"2026-08-26 05:00:00"
28	79	16	28079016	7	"28079016_7_8"	1.000	"V"	"2026-08-26 05:00:00"
28	79	16	28079016	14	"28079016_14_6"	12.000	"V"	"2026-08-26 05:00:00"
28	79	16	28079016	12	"28079016_12_8"	51.000	"V"	"2026-08-26 05:00:00"
28	79	11	28079011	8	"28079011_8_8"	31.000	"V"	"2026-08-26 05:00:00"
28	79	11	28079011	7	"28079011_7_8"	0.000	"V"	"2026-08-26 05:00:00"
28	79	11	28079011	12	"28079011_12_8"	31.000	"V"	"2026-08-26 05:00:00"
28	79	8	28079008	9	"28079008_9_47"	14.000	"V"	"2026-08-26 04:00:00"
28	79	8	28079008	8	"28079008_8_8"	8.000	"V"	"2026-08-26 04:00:00"
28	79	8	28079008	7	"28079008_7_8"	0.000	"V"	"2026-08-26 04:00:00"
28	79	8	28079008	6	"28079008_6_48"	0.200	"V"	"2026-08-26 04:00:00"
28	79	8	28079008	35	"28079008_35_59"	2.400	"V"	"2026-08-26 04:00:00"
28	79	8	28079008	30	"28079008_30_59"	0.200	"V"	"2026-08-26 04:00:00"
28	79	8	28079008	20	"28079008_20_59"	2.800	"V"	"2026-08-26 04:00:00"
28	79	8	28079008	14	"28079008_14_6"	61.000	"V"	"2026-08-26 04:00:00"
28	79	8	28079008	12	"28079008_12_8"	8.000	"V"	"2026-08-26 04:00:00"
28	79	8	28079008	10	"28079008_10_47"	33.000	"V"	"2026-08-26 04:00:00"
28	79	8	28079008	1	"28079008_1_38"	2.000	"V"	"2026-08-26 04:00:00"
28	79	60	28079060	9	"28079060_9_A"	6.000	"V"	"2026-08-26 04:00:00"
28	79	60	28079060	8	"28079060_8_8"	35.000	"V"	"2026-08-26 04:00:00"
28	79	60	28079060	7	"28079060_7_8"	0.000	"V"	"2026-08-26 04:00:00"
28	79	60	28079060	14	"28079060_14_6"	41.000	"V"	"2026-08-26 04:00:00"
28	79	60	28079060	12	"28079060_12_8"	35.000	"V"	"2026-08-26 04:00:00"
28	79	60	28079060	10	"28079060_10_47"	12.000	"V"	"2026-08-26 04:00:00"
28	79	59	28079059	8	"28079059_8_8"	64.000	"V"	"2026-08-26 04:00:00"
28	79	59	28079059	7	"28079059_7_8"	9.000	"V"	"2026-08-26 04:00:00"
28	79	59	28079059	14	"28079059_14_6"	5.000	"V"	"2026-08-26 04:00:00"
28	79	59	28079059	12	"28079059_12_8"	78.000	"V"	"2026-08-26 04:00:00"
28	79	58	28079058	8	"28079058_8_8"	8.000	"V"	"2026-08-26 04:00:00"
28	79	58	28079058	7	"28079058_7_8"	0.000	"V"	"2026-08-26 04:00:00"
28	79	58	28079058	14	"28079058_14_6"	45.000	"V"	"2026-08-26 04:00:00"
28	79	58	28079058	12	"28079058_12_8"	8.000	"V"	"2026-08-26 04:00:00"
28	79	57	28079057	9	"28079057_9_A"	0.000	"V"	"2026-08-26 04:00:00"
28	79	57	28079057	8	"28079057_8_8"	34.000	"V"	"2026-08-26 04:00:00"
28	79	57	28079057	7	"28079057_7_8"	1.000	"V"	"2026-08-26 04:00:00"
28	79	57	28079057	12	"28079057_12_8"	35.000	"V"	"2026-08-26 04:00:00"
28	79	57	28079057	10	"28079057_10_47"	0.000	"V"	"2026-08-26 04:00:00"
28	79	56	28079056	9	"28079056_9_47"	15.000	"V"	"2026-08-26 04:00:00"
28	79	56	28079056	8	"28079056_8_8"	28.000	"V"	"2026-08-26 04:00:00"
28	79	56	28079056	7	"28079056_7_8"	2.000	"V"	"2026-08-26 04:00:00"
28	79	56	28079056	6	"28079056_6_48"	0.200	"V"	"2026-08-26 04:00:00"
28	79	56	28079056	12	"28079056_12_8"	31.000	"V"	"2026-08-26 04:00:00"
28	79	56	28079056	10	"28079056_10_47"	29.000	"V"	"2026-08-26 04:00:00"
28	79	54	28079054	9	"28079054_9_A"	7.000	"V"	"2026-08-26 04:00:00"
28	79	54	28079054	8	"28079054_8_8"	34.000	"V"	"2026-08-26 04:00:00"
28	79	54	28079054	7	"28079054_7_8"	1.000	"V"	"2026-08-26 04:00:00"
28	79	54	28079054	14	"28079054_14_6"	33.000	"V"	"2026-08-26 04:00:00"
28	79	54	28079054	12	"28079054_12_8"	36.000	"V"	"2026-08-26 04:00:00"
28	79	54	28079054	10	"28079054_10_A"	19.000	"V"	"2026-08-26 04:00:00"
28	79	50	28079050	9	"28079050_9_47"	0.000	"V"	"2026-08-26 04:00:00"
28	79	50	28079050	8	"28079050_8_8"	13.000	"V"	"2026-08-26 04:00:00"
28	79	50	28079050	7	"28079050_7_8"	2.000	"V"	"2026-08-26 04:00:00"
28	79	50	28079050	12	"28079050_12_8"	16.000	"V"	"2026-08-26 04:00:00"
28	79	50	28079050	10	"28079050_10_47"	1.000	"V"	"2026-08-26 04:00:00"
28	79	49	28079049	8	"28079049_8_8"	9.000	"V"	"2026-08-26 04:00:00"
28	79	49	28079049	7	"28079049_7_8"	0.000	"V"	"2026-08-26 04:00:00"
28	79	49	28079049	14	"28079049_14_6"	59.000	"V"	"2026-08-26 04:00:00"
28	79	49	28079049	12	"28079049_12_8"	9.000	"V"	"2026-08-26 04:00:00"
28	79	48	28079048	9	"28079048_9_47"	6.000	"V"	"2026-08-26 04:00:00"
28	79	48	28079048	8	"28079048_8_8"	3.000	"V"	"2026-08-26 04:00:00"
28	79	48	28079048	7	"28079048_7_8"	0.000	"V"	"2026-08-26 04:00:00"
28	79	48	28079048	12	"28079048_12_8"	3.000	"V"	"2026-08-26 04:00:00"
28	79	48	28079048	10	"28079048_10_47"	12.000	"V"	"2026-08-26 04:00:00"
28	79	47	28079047	9	"28079047_9_47"	7.000	"V"	"2026-08-26 04:00:00"
28	79	47	28079047	8	"28079047_8_8"	15.000	"V"	"2026-08-26 04:00:00"
28	79	47	28079047	7	"28079047_7_8"	0.000	"V"	"2026-08-26 04:00:00"
28	79	47	28079047	12	"28079047_12_8"	16.000	"V"	"2026-08-26 04:00:00"
28	79	47	28079047	10	"28079047_10_47"	14.000	"V"	"2026-08-26 04:00:00"
28	79	40	28079040	8	"28079040_8_8"	21.000	"V"	"2026-08-26 04:00:00"
28	79	40	28079040	7	"28079040_7_8"	0.000	"V"	"2026-08-26 04:00:00"
28	79	40	28079040	12	"28079040_12_8"	22.000	"V"	"2026-08-26 04:00:00"
28	79	40	28079040	10	"28079040_10_47"	21.000	"V"	"2026-08-26 04:00:00"
28	79	4	28079004	9	"28079004_9_A"	8.000	"V"	"2026-08-26 04:00:00"
28	79	4	28079004	8	"28079004_8_8"	21.000	"V"	"2026-08-26 04:00:00"
28	79	4	28079004	7	"28079004_7_8"	1.000	"V"	"2026-08-26 04:00:00"
28	79	4	28079004	6	"28079004_6_48"	0.200	"V"	"2026-08-26 04:00:00"
28	79	4	28079004	12	"28079004_12_8"	22.000	"V"	"2026-08-26 04:00:00"
28	79	4	28079004	10	"28079004_10_A"	20.000	"V"	"2026-08-26 04:00:00"
28	79	39	28079039	8	"28079039_8_8"	14.000	"V"	"2026-08-26 04:00:00"
28	79	39	28079039	7	"28079039_7_8"	0.000	"V"	"2026-08-26 04:00:00"
28	79	39	28079039	14	"28079039_14_6"	38.000	"V"	"2026-08-26 04:00:00"
28	79	39	28079039	12	"28079039_12_8"	14.000	"V"	"2026-08-26 04:00:00"
28	79	38	28079038	9	"28079038_9_47"	10.000	"V"	"2026-08-26 04:00:00"
28	79	38	28079038	8	"28079038_8_8"	12.000	"V"	"2026-08-26 04:00:00"
28	79	38	28079038	7	"28079038_7_8"	0.000	"V"	"2026-08-26 04:00:00"
28	79	38	28079038	35	"28079038_35_59"	0.000	"V"	"2026-08-26 04:00:00"
28	79	38	28079038	30	"28079038_30_59"	0.700	"V"	"2026-08-26 04:00:00"
28	79	38	28079038	20	"28079038_20_59"	2.400	"V"	"2026-08-26 04:00:00"
28	79	38	28079038	12	"28079038_12_8"	12.000	"V"	"2026-08-26 04:00:00"
28	79	38	28079038	10	"28079038_10_47"	16.000	"V"	"2026-08-26 04:00:00"
28	79	36	28079036	8	"28079036_8_8"	8.000	"V"	"2026-08-26 04:00:00"
28	79	36	28079036	7	"28079036_7_8"	0.000	"V"	"2026-08-26 04:00:00"
28	79	36	28079036	12	"28079036_12_8"	8.000	"V"	"2026-08-26 04:00:00"
28	79	36	28079036	10	"28079036_10_47"	11.000	"V"	"2026-08-26 04:00:00"
28	79	36	28079036	1	"28079036_1_38"	2.000	"V"	"2026-08-26 04:00:00"
28	79	35	28079035	8	"28079035_8_8"	15.000	"V"	"2026-08-26 04:00:00"
28	79	35	28079035	7	"28079035_7_8"	1.000	"V"	"2026-08-26 04:00:00"
28	79	35	28079035	6	"28079035_6_48"	0.300	"V"	"2026-08-26 04:00:00"
28	79	35	28079035	14	"28079035_14_6"	59.000	"V"	"2026-08-26 04:00:00"
28	79	35	28079035	12	"28079035_12_8"	17.000	"V"	"2026-08-26 04:00:00"
28	79	35	28079035	1	"28079035_1_38"	3.000	"V"	"2026-08-26 04:00:00"
28	79	27	28079027	8	"28079027_8_8"	36.000	"V"	"2026-08-26 04:00:00"
28	79	27	28079027	7	"28079027_7_8"	5.000	"V"	"2026-08-26 04:00:00"
28	79	27	28079027	14	"28079027_14_6"	24.000	"V"	"2026-08-26 04:00:00"
28	79	27	28079027	12	"28079027_12_8"	43.000	"V"	"2026-08-26 04:00:00"
28	79	24	28079024	9	"28079024_9_47"	0.000	"V"	"2026-08-26 04:00:00"
28	79	24	28079024	8	"28079024_8_8"	3.000	"V"	"2026-08-26 04:00:00"
28	79	24	28079024	7	"28079024_7_8"	1.000	"V"	"2026-08-26 04:00:00"
28	79	24	28079024	14	"28079024_14_6"	56.000	"V"	"2026-08-26 04:00:00"
28	79	24	28079024	12	"28079024_12_8"	5.000	"V"	"2026-08-26 04:00:00"
28	79	24	28079024	10	"28079024_10_47"	6.000	"V"	"2026-08-26 04:00:00"
28	79	18	28079018	8	"28079018_8_8"	22.000	"V"	"2026-08-26 04:00:00"
28	79	18	28079018	7	"28079018_7_8"	0.000	"V"	"2026-08-26 04:00:00"
28	79	18	28079018	35	"28079018_35_59"	1.200	"V"	"2026-08-26 04:00:00"
28	79	17	28079017	14	"28079017_14_6"	42.000	"V"	"2026-08-26 04:00:00"
28	79	18	28079018	30	"28079018_30_59"	0.300	"V"	"2026-08-26 04:00:00"
28	79	18	28079018	20	"28079018_20_59"	1.700	"V"	"2026-08-26 04:00:00"
28	79	18	28079018	14	"28079018_14_6"	31.000	"V"	"2026-08-26 04:00:00"
28	79	18	28079018	10	"28079018_10_47"	20.000	"V"	"2026-08-26 04:00:00"
28	79	18	28079018	12	"28079018_12_8"	22.000	"V"	"2026-08-26 04:00:00"
28	79	17	28079017	8	"28079017_8_8"	27.000	"V"	"2026-08-26 04:00:00"
28	79	17	28079017	7	"28079017_7_8"	0.000	"V"	"2026-08-26 04:00:00"
28	79	17	28079017	12	"28079017_12_8"	27.000	"V"	"2026-08-26 04:00:00"
28	79	16	28079016	8	"28079016_8_8"	28.000	"V"	"2026-08-26 04:00:00"
28	79	16	28079016	7	"28079016_7_8"	0.000	"V"	"2026-08-26 04:00:00"
28	79	16	28079016	14	"28079016_14_6"	38.000	"V"	"2026-08-26 04:00:00"
28	79	16	28079016	12	"28079016_12_8"	28.000	"V"	"2026-08-26 04:00:00"
28	79	11	28079011	8	"28079011_8_8"	15.000	"V"	"2026-08-26 04:00:00"
28	79	11	28079011	7	"28079011_7_8"	0.000	"V"	"2026-08-26 04:00:00"
28	79	11	28079011	12	"28079011_12_8"	15.000	"V"	"2026-08-26 04:00:00"
28	79	8	28079008	9	"28079008_9_47"	9.000	"V"	"2026-08-26 03:00:00"
28	79	8	28079008	8	"28079008_8_8"	9.000	"V"	"2026-08-26 03:00:00"
28	79	8	28079008	7	"28079008_7_8"	0.000	"V"	"2026-08-26 03:00:00"
28	79	8	28079008	6	"28079008_6_48"	0.200	"V"	"2026-08-26 03:00:00"
28	79	8	28079008	35	"28079008_35_59"	1.800	"V"	"2026-08-26 03:00:00"
28	79	8	28079008	30	"28079008_30_59"	0.200	"V"	"2026-08-26 03:00:00"
28	79	8	28079008	20	"28079008_20_59"	2.600	"V"	"2026-08-26 03:00:00"
28	79	8	28079008	14	"28079008_14_6"	67.000	"V"	"2026-08-26 03:00:00"
28	79	8	28079008	12	"28079008_12_8"	9.000	"V"	"2026-08-26 03:00:00"
28	79	8	28079008	10	"28079008_10_47"	19.000	"V"	"2026-08-26 03:00:00"
28	79	8	28079008	1	"28079008_1_38"	2.000	"V"	"2026-08-26 03:00:00"
28	79	60	28079060	9	"28079060_9_A"	5.000	"V"	"2026-08-26 03:00:00"
28	79	60	28079060	8	"28079060_8_8"	13.000	"V"	"2026-08-26 03:00:00"
28	79	60	28079060	7	"28079060_7_8"	0.000	"V"	"2026-08-26 03:00:00"
28	79	60	28079060	14	"28079060_14_6"	67.000	"V"	"2026-08-26 03:00:00"
28	79	60	28079060	12	"28079060_12_8"	13.000	"V"	"2026-08-26 03:00:00"
28	79	60	28079060	10	"28079060_10_47"	10.000	"V"	"2026-08-26 03:00:00"
28	79	59	28079059	8	"28079059_8_8"	23.000	"V"	"2026-08-26 03:00:00"
28	79	59	28079059	7	"28079059_7_8"	1.000	"V"	"2026-08-26 03:00:00"
28	79	59	28079059	14	"28079059_14_6"	48.000	"V"	"2026-08-26 03:00:00"
28	79	59	28079059	12	"28079059_12_8"	25.000	"V"	"2026-08-26 03:00:00"
28	79	58	28079058	8	"28079058_8_8"	11.000	"V"	"2026-08-26 03:00:00"
28	79	58	28079058	7	"28079058_7_8"	0.000	"V"	"2026-08-26 03:00:00"
28	79	58	28079058	14	"28079058_14_6"	47.000	"V"	"2026-08-26 03:00:00"
28	79	58	28079058	12	"28079058_12_8"	11.000	"V"	"2026-08-26 03:00:00"
28	79	57	28079057	9	"28079057_9_A"	2.000	"V"	"2026-08-26 03:00:00"
28	79	57	28079057	8	"28079057_8_8"	9.000	"V"	"2026-08-26 03:00:00"
28	79	57	28079057	7	"28079057_7_8"	0.000	"V"	"2026-08-26 03:00:00"
28	79	57	28079057	12	"28079057_12_8"	9.000	"V"	"2026-08-26 03:00:00"
28	79	57	28079057	10	"28079057_10_47"	12.000	"V"	"2026-08-26 03:00:00"
28	79	56	28079056	9	"28079056_9_47"	12.000	"V"	"2026-08-26 03:00:00"
28	79	56	28079056	8	"28079056_8_8"	28.000	"V"	"2026-08-26 03:00:00"
28	79	56	28079056	7	"28079056_7_8"	1.000	"V"	"2026-08-26 03:00:00"
28	79	56	28079056	6	"28079056_6_48"	0.200	"V"	"2026-08-26 03:00:00"
28	79	56	28079056	12	"28079056_12_8"	29.000	"V"	"2026-08-26 03:00:00"
28	79	56	28079056	10	"28079056_10_47"	25.000	"V"	"2026-08-26 03:00:00"
28	79	54	28079054	9	"28079054_9_A"	4.000	"V"	"2026-08-26 03:00:00"
28	79	54	28079054	8	"28079054_8_8"	15.000	"V"	"2026-08-26 03:00:00"
28	79	54	28079054	7	"28079054_7_8"	1.000	"V"	"2026-08-26 03:00:00"
28	79	54	28079054	14	"28079054_14_6"	57.000	"V"	"2026-08-26 03:00:00"
28	79	54	28079054	12	"28079054_12_8"	17.000	"V"	"2026-08-26 03:00:00"
28	79	54	28079054	10	"28079054_10_A"	15.000	"V"	"2026-08-26 03:00:00"
28	79	50	28079050	9	"28079050_9_47"	0.000	"V"	"2026-08-26 03:00:00"
28	79	50	28079050	8	"28079050_8_8"	15.000	"V"	"2026-08-26 03:00:00"
28	79	50	28079050	7	"28079050_7_8"	2.000	"V"	"2026-08-26 03:00:00"
28	79	50	28079050	12	"28079050_12_8"	18.000	"V"	"2026-08-26 03:00:00"
28	79	50	28079050	10	"28079050_10_47"	0.000	"V"	"2026-08-26 03:00:00"
28	79	49	28079049	8	"28079049_8_8"	8.000	"V"	"2026-08-26 03:00:00"
28	79	49	28079049	7	"28079049_7_8"	0.000	"V"	"2026-08-26 03:00:00"
28	79	49	28079049	14	"28079049_14_6"	58.000	"V"	"2026-08-26 03:00:00"
28	79	49	28079049	12	"28079049_12_8"	9.000	"V"	"2026-08-26 03:00:00"
28	79	48	28079048	9	"28079048_9_47"	5.000	"V"	"2026-08-26 03:00:00"
28	79	48	28079048	8	"28079048_8_8"	4.000	"V"	"2026-08-26 03:00:00"
28	79	48	28079048	7	"28079048_7_8"	0.000	"V"	"2026-08-26 03:00:00"
28	79	48	28079048	12	"28079048_12_8"	4.000	"V"	"2026-08-26 03:00:00"
28	79	48	28079048	10	"28079048_10_47"	13.000	"V"	"2026-08-26 03:00:00"
28	79	47	28079047	9	"28079047_9_47"	6.000	"V"	"2026-08-26 03:00:00"
28	79	47	28079047	8	"28079047_8_8"	8.000	"V"	"2026-08-26 03:00:00"
28	79	47	28079047	7	"28079047_7_8"	0.000	"V"	"2026-08-26 03:00:00"
28	79	47	28079047	12	"28079047_12_8"	9.000	"V"	"2026-08-26 03:00:00"
28	79	47	28079047	10	"28079047_10_47"	13.000	"V"	"2026-08-26 03:00:00"
28	79	40	28079040	8	"28079040_8_8"	13.000	"V"	"2026-08-26 03:00:00"
28	79	40	28079040	7	"28079040_7_8"	1.000	"V"	"2026-08-26 03:00:00"
28	79	40	28079040	12	"28079040_12_8"	14.000	"V"	"2026-08-26 03:00:00"
28	79	40	28079040	10	"28079040_10_47"	23.000	"V"	"2026-08-26 03:00:00"
28	79	4	28079004	9	"28079004_9_A"	8.000	"V"	"2026-08-26 03:00:00"
28	79	4	28079004	8	"28079004_8_8"	17.000	"V"	"2026-08-26 03:00:00"
28	79	4	28079004	7	"28079004_7_8"	0.000	"V"	"2026-08-26 03:00:00"
28	79	4	28079004	6	"28079004_6_48"	0.200	"V"	"2026-08-26 03:00:00"
28	79	4	28079004	12	"28079004_12_8"	17.000	"V"	"2026-08-26 03:00:00"
28	79	4	28079004	10	"28079004_10_A"	19.000	"V"	"2026-08-26 03:00:00"
28	79	39	28079039	8	"28079039_8_8"	13.000	"V"	"2026-08-26 03:00:00"
28	79	39	28079039	7	"28079039_7_8"	0.000	"V"	"2026-08-26 03:00:00"
28	79	39	28079039	14	"28079039_14_6"	52.000	"V"	"2026-08-26 03:00:00"
28	79	39	28079039	12	"28079039_12_8"	13.000	"V"	"2026-08-26 03:00:00"
28	79	38	28079038	9	"28079038_9_47"	9.000	"V"	"2026-08-26 03:00:00"
28	79	38	28079038	8	"28079038_8_8"	11.000	"V"	"2026-08-26 03:00:00"
28	79	38	28079038	7	"28079038_7_8"	0.000	"V"	"2026-08-26 03:00:00"
28	79	38	28079038	35	"28079038_35_59"	0.100	"V"	"2026-08-26 03:00:00"
28	79	38	28079038	30	"28079038_30_59"	0.700	"V"	"2026-08-26 03:00:00"
28	79	38	28079038	20	"28079038_20_59"	1.300	"V"	"2026-08-26 03:00:00"
28	79	38	28079038	12	"28079038_12_8"	11.000	"V"	"2026-08-26 03:00:00"
28	79	38	28079038	10	"28079038_10_47"	19.000	"V"	"2026-08-26 03:00:00"
28	79	36	28079036	8	"28079036_8_8"	8.000	"V"	"2026-08-26 03:00:00"
28	79	36	28079036	7	"28079036_7_8"	0.000	"V"	"2026-08-26 03:00:00"
28	79	36	28079036	12	"28079036_12_8"	8.000	"V"	"2026-08-26 03:00:00"
28	79	36	28079036	10	"28079036_10_47"	11.000	"V"	"2026-08-26 03:00:00"
28	79	36	28079036	1	"28079036_1_38"	2.000	"V"	"2026-08-26 03:00:00"
28	79	35	28079035	8	"28079035_8_8"	12.000	"V"	"2026-08-26 03:00:00"
28	79	35	28079035	7	"28079035_7_8"	1.000	"V"	"2026-08-26 03:00:00"
28	79	35	28079035	6	"28079035_6_48"	0.300	"V"	"2026-08-26 03:00:00"
28	79	35	28079035	14	"28079035_14_6"	73.000	"V"	"2026-08-26 03:00:00"
28	79	35	28079035	12	"28079035_12_8"	14.000	"V"	"2026-08-26 03:00:00"
28	79	35	28079035	1	"28079035_1_38"	4.000	"V"	"2026-08-26 03:00:00"
28	79	27	28079027	8	"28079027_8_8"	36.000	"V"	"2026-08-26 03:00:00"
28	79	27	28079027	7	"28079027_7_8"	1.000	"V"	"2026-08-26 03:00:00"
28	79	27	28079027	14	"28079027_14_6"	32.000	"V"	"2026-08-26 03:00:00"
28	79	27	28079027	12	"28079027_12_8"	38.000	"V"	"2026-08-26 03:00:00"
28	79	24	28079024	9	"28079024_9_47"	1.000	"V"	"2026-08-26 03:00:00"
28	79	24	28079024	8	"28079024_8_8"	2.000	"V"	"2026-08-26 03:00:00"
28	79	24	28079024	7	"28079024_7_8"	1.000	"V"	"2026-08-26 03:00:00"
28	79	24	28079024	14	"28079024_14_6"	72.000	"V"	"2026-08-26 03:00:00"
28	79	24	28079024	12	"28079024_12_8"	4.000	"V"	"2026-08-26 03:00:00"
28	79	24	28079024	10	"28079024_10_47"	8.000	"V"	"2026-08-26 03:00:00"
28	79	18	28079018	8	"28079018_8_8"	16.000	"V"	"2026-08-26 03:00:00"
28	79	18	28079018	7	"28079018_7_8"	0.000	"V"	"2026-08-26 03:00:00"
28	79	18	28079018	35	"28079018_35_59"	1.300	"V"	"2026-08-26 03:00:00"
28	79	18	28079018	30	"28079018_30_59"	0.300	"V"	"2026-08-26 03:00:00"
28	79	18	28079018	20	"28079018_20_59"	2.400	"V"	"2026-08-26 03:00:00"
28	79	18	28079018	14	"28079018_14_6"	48.000	"V"	"2026-08-26 03:00:00"
28	79	18	28079018	10	"28079018_10_47"	15.000	"V"	"2026-08-26 03:00:00"
28	79	18	28079018	12	"28079018_12_8"	16.000	"V"	"2026-08-26 03:00:00"
28	79	17	28079017	8	"28079017_8_8"	20.000	"V"	"2026-08-26 03:00:00"
28	79	17	28079017	7	"28079017_7_8"	0.000	"V"	"2026-08-26 03:00:00"
28	79	17	28079017	14	"28079017_14_6"	52.000	"V"	"2026-08-26 03:00:00"
28	79	17	28079017	12	"28079017_12_8"	20.000	"V"	"2026-08-26 03:00:00"
28	79	16	28079016	8	"28079016_8_8"	8.000	"V"	"2026-08-26 03:00:00"
28	79	16	28079016	7	"28079016_7_8"	0.000	"V"	"2026-08-26 03:00:00"
28	79	16	28079016	14	"28079016_14_6"	74.000	"V"	"2026-08-26 03:00:00"
28	79	16	28079016	12	"28079016_12_8"	8.000	"V"	"2026-08-26 03:00:00"
28	79	11	28079011	8	"28079011_8_8"	15.000	"V"	"2026-08-26 03:00:00"
28	79	11	28079011	7	"28079011_7_8"	0.000	"V"	"2026-08-26 03:00:00"
28	79	11	28079011	12	"28079011_12_8"	15.000	"V"	"2026-08-26 03:00:00"
28	79	8	28079008	9	"28079008_9_47"	8.000	"V"	"2026-08-26 02:00:00"
28	79	8	28079008	8	"28079008_8_8"	10.000	"V"	"2026-08-26 02:00:00"
28	79	8	28079008	7	"28079008_7_8"	0.000	"V"	"2026-08-26 02:00:00"
28	79	8	28079008	6	"28079008_6_48"	0.200	"V"	"2026-08-26 02:00:00"
28	79	8	28079008	35	"28079008_35_59"	3.100	"V"	"2026-08-26 02:00:00"
28	79	8	28079008	30	"28079008_30_59"	0.200	"V"	"2026-08-26 02:00:00"
28	79	8	28079008	20	"28079008_20_59"	2.800	"V"	"2026-08-26 02:00:00"
28	79	8	28079008	14	"28079008_14_6"	72.000	"V"	"2026-08-26 02:00:00"
28	79	8	28079008	12	"28079008_12_8"	10.000	"V"	"2026-08-26 02:00:00"
28	79	8	28079008	10	"28079008_10_47"	18.000	"V"	"2026-08-26 02:00:00"
28	79	8	28079008	1	"28079008_1_38"	2.000	"V"	"2026-08-26 02:00:00"
28	79	60	28079060	9	"28079060_9_A"	6.000	"V"	"2026-08-26 02:00:00"
28	79	60	28079060	8	"28079060_8_8"	15.000	"V"	"2026-08-26 02:00:00"
28	79	60	28079060	7	"28079060_7_8"	0.000	"V"	"2026-08-26 02:00:00"
28	79	60	28079060	14	"28079060_14_6"	72.000	"V"	"2026-08-26 02:00:00"
28	79	60	28079060	12	"28079060_12_8"	15.000	"V"	"2026-08-26 02:00:00"
28	79	60	28079060	10	"28079060_10_47"	12.000	"V"	"2026-08-26 02:00:00"
28	79	59	28079059	8	"28079059_8_8"	16.000	"V"	"2026-08-26 02:00:00"
28	79	59	28079059	7	"28079059_7_8"	1.000	"V"	"2026-08-26 02:00:00"
28	79	59	28079059	14	"28079059_14_6"	56.000	"V"	"2026-08-26 02:00:00"
28	79	59	28079059	12	"28079059_12_8"	18.000	"V"	"2026-08-26 02:00:00"
28	79	58	28079058	8	"28079058_8_8"	10.000	"V"	"2026-08-26 02:00:00"
28	79	58	28079058	7	"28079058_7_8"	0.000	"V"	"2026-08-26 02:00:00"
28	79	58	28079058	14	"28079058_14_6"	48.000	"V"	"2026-08-26 02:00:00"
28	79	58	28079058	12	"28079058_12_8"	10.000	"V"	"2026-08-26 02:00:00"
28	79	57	28079057	9	"28079057_9_A"	0.000	"V"	"2026-08-26 02:00:00"
28	79	57	28079057	8	"28079057_8_8"	12.000	"V"	"2026-08-26 02:00:00"
28	79	57	28079057	7	"28079057_7_8"	1.000	"V"	"2026-08-26 02:00:00"
28	79	57	28079057	12	"28079057_12_8"	13.000	"V"	"2026-08-26 02:00:00"
28	79	57	28079057	10	"28079057_10_47"	5.000	"V"	"2026-08-26 02:00:00"
28	79	56	28079056	9	"28079056_9_47"	15.000	"V"	"2026-08-26 02:00:00"
28	79	56	28079056	8	"28079056_8_8"	23.000	"V"	"2026-08-26 02:00:00"
28	79	56	28079056	7	"28079056_7_8"	4.000	"V"	"2026-08-26 02:00:00"
28	79	56	28079056	6	"28079056_6_48"	0.200	"V"	"2026-08-26 02:00:00"
28	79	56	28079056	12	"28079056_12_8"	28.000	"V"	"2026-08-26 02:00:00"
28	79	56	28079056	10	"28079056_10_47"	29.000	"V"	"2026-08-26 02:00:00"
28	79	54	28079054	9	"28079054_9_A"	6.000	"V"	"2026-08-26 02:00:00"
28	79	54	28079054	8	"28079054_8_8"	11.000	"V"	"2026-08-26 02:00:00"
28	79	54	28079054	7	"28079054_7_8"	1.000	"V"	"2026-08-26 02:00:00"
28	79	54	28079054	14	"28079054_14_6"	71.000	"V"	"2026-08-26 02:00:00"
28	79	54	28079054	12	"28079054_12_8"	12.000	"V"	"2026-08-26 02:00:00"
28	79	54	28079054	10	"28079054_10_A"	17.000	"V"	"2026-08-26 02:00:00"
28	79	50	28079050	9	"28079050_9_47"	0.000	"V"	"2026-08-26 02:00:00"
28	79	50	28079050	8	"28079050_8_8"	11.000	"V"	"2026-08-26 02:00:00"
28	79	50	28079050	7	"28079050_7_8"	1.000	"V"	"2026-08-26 02:00:00"
28	79	50	28079050	12	"28079050_12_8"	13.000	"V"	"2026-08-26 02:00:00"
28	79	50	28079050	10	"28079050_10_47"	1.000	"V"	"2026-08-26 02:00:00"
28	79	49	28079049	8	"28079049_8_8"	9.000	"V"	"2026-08-26 02:00:00"
28	79	49	28079049	7	"28079049_7_8"	0.000	"V"	"2026-08-26 02:00:00"
28	79	49	28079049	14	"28079049_14_6"	64.000	"V"	"2026-08-26 02:00:00"
28	79	49	28079049	12	"28079049_12_8"	10.000	"V"	"2026-08-26 02:00:00"
28	79	48	28079048	9	"28079048_9_47"	6.000	"V"	"2026-08-26 02:00:00"
28	79	48	28079048	8	"28079048_8_8"	4.000	"V"	"2026-08-26 02:00:00"
28	79	48	28079048	7	"28079048_7_8"	0.000	"V"	"2026-08-26 02:00:00"
28	79	48	28079048	12	"28079048_12_8"	5.000	"V"	"2026-08-26 02:00:00"
28	79	48	28079048	10	"28079048_10_47"	12.000	"V"	"2026-08-26 02:00:00"
28	79	47	28079047	9	"28079047_9_47"	9.000	"V"	"2026-08-26 02:00:00"
28	79	47	28079047	8	"28079047_8_8"	10.000	"V"	"2026-08-26 02:00:00"
28	79	47	28079047	7	"28079047_7_8"	0.000	"V"	"2026-08-26 02:00:00"
28	79	47	28079047	12	"28079047_12_8"	10.000	"V"	"2026-08-26 02:00:00"
28	79	47	28079047	10	"28079047_10_47"	18.000	"V"	"2026-08-26 02:00:00"
28	79	40	28079040	8	"28079040_8_8"	12.000	"V"	"2026-08-26 02:00:00"
28	79	40	28079040	7	"28079040_7_8"	1.000	"V"	"2026-08-26 02:00:00"
28	79	40	28079040	12	"28079040_12_8"	13.000	"V"	"2026-08-26 02:00:00"
28	79	40	28079040	10	"28079040_10_47"	19.000	"V"	"2026-08-26 02:00:00"
28	79	4	28079004	9	"28079004_9_A"	7.000	"V"	"2026-08-26 02:00:00"
28	79	4	28079004	8	"28079004_8_8"	14.000	"V"	"2026-08-26 02:00:00"
28	79	4	28079004	7	"28079004_7_8"	0.000	"V"	"2026-08-26 02:00:00"
28	79	4	28079004	6	"28079004_6_48"	0.200	"V"	"2026-08-26 02:00:00"
28	79	4	28079004	12	"28079004_12_8"	15.000	"V"	"2026-08-26 02:00:00"
28	79	4	28079004	10	"28079004_10_A"	22.000	"V"	"2026-08-26 02:00:00"
28	79	39	28079039	8	"28079039_8_8"	13.000	"V"	"2026-08-26 02:00:00"
28	79	39	28079039	7	"28079039_7_8"	0.000	"V"	"2026-08-26 02:00:00"
28	79	39	28079039	14	"28079039_14_6"	57.000	"V"	"2026-08-26 02:00:00"
28	79	39	28079039	12	"28079039_12_8"	13.000	"V"	"2026-08-26 02:00:00"
28	79	38	28079038	9	"28079038_9_47"	8.000	"V"	"2026-08-26 02:00:00"
28	79	38	28079038	8	"28079038_8_8"	9.000	"V"	"2026-08-26 02:00:00"
28	79	38	28079038	7	"28079038_7_8"	0.000	"V"	"2026-08-26 02:00:00"
28	79	38	28079038	35	"28079038_35_59"	0.000	"V"	"2026-08-26 02:00:00"
28	79	38	28079038	30	"28079038_30_59"	0.400	"V"	"2026-08-26 02:00:00"
28	79	38	28079038	20	"28079038_20_59"	0.900	"V"	"2026-08-26 02:00:00"
28	79	38	28079038	12	"28079038_12_8"	9.000	"V"	"2026-08-26 02:00:00"
28	79	38	28079038	10	"28079038_10_47"	16.000	"V"	"2026-08-26 02:00:00"
28	79	36	28079036	8	"28079036_8_8"	9.000	"V"	"2026-08-26 02:00:00"
28	79	36	28079036	7	"28079036_7_8"	0.000	"V"	"2026-08-26 02:00:00"
28	79	36	28079036	12	"28079036_12_8"	9.000	"V"	"2026-08-26 02:00:00"
28	79	36	28079036	10	"28079036_10_47"	10.000	"V"	"2026-08-26 02:00:00"
28	79	36	28079036	1	"28079036_1_38"	2.000	"V"	"2026-08-26 02:00:00"
28	79	35	28079035	8	"28079035_8_8"	14.000	"V"	"2026-08-26 02:00:00"
28	79	35	28079035	7	"28079035_7_8"	1.000	"V"	"2026-08-26 02:00:00"
28	79	35	28079035	6	"28079035_6_48"	0.200	"V"	"2026-08-26 02:00:00"
28	79	35	28079035	14	"28079035_14_6"	73.000	"V"	"2026-08-26 02:00:00"
28	79	35	28079035	12	"28079035_12_8"	16.000	"V"	"2026-08-26 02:00:00"
28	79	35	28079035	1	"28079035_1_38"	4.000	"V"	"2026-08-26 02:00:00"
28	79	27	28079027	8	"28079027_8_8"	57.000	"V"	"2026-08-26 02:00:00"
28	79	27	28079027	7	"28079027_7_8"	2.000	"V"	"2026-08-26 02:00:00"
28	79	27	28079027	14	"28079027_14_6"	26.000	"V"	"2026-08-26 02:00:00"
28	79	27	28079027	12	"28079027_12_8"	59.000	"V"	"2026-08-26 02:00:00"
28	79	24	28079024	9	"28079024_9_47"	0.000	"V"	"2026-08-26 02:00:00"
28	79	24	28079024	8	"28079024_8_8"	3.000	"V"	"2026-08-26 02:00:00"
28	79	24	28079024	7	"28079024_7_8"	1.000	"V"	"2026-08-26 02:00:00"
28	79	24	28079024	14	"28079024_14_6"	72.000	"V"	"2026-08-26 02:00:00"
28	79	24	28079024	12	"28079024_12_8"	4.000	"V"	"2026-08-26 02:00:00"
28	79	24	28079024	10	"28079024_10_47"	5.000	"V"	"2026-08-26 02:00:00"
28	79	18	28079018	8	"28079018_8_8"	17.000	"V"	"2026-08-26 02:00:00"
28	79	18	28079018	7	"28079018_7_8"	2.000	"V"	"2026-08-26 02:00:00"
28	79	18	28079018	35	"28079018_35_59"	0.900	"V"	"2026-08-26 02:00:00"
28	79	18	28079018	30	"28079018_30_59"	0.100	"V"	"2026-08-26 02:00:00"
28	79	18	28079018	20	"28079018_20_59"	1.000	"V"	"2026-08-26 02:00:00"
28	79	18	28079018	14	"28079018_14_6"	54.000	"V"	"2026-08-26 02:00:00"
28	79	18	28079018	10	"28079018_10_47"	12.000	"V"	"2026-08-26 02:00:00"
28	79	18	28079018	12	"28079018_12_8"	20.000	"V"	"2026-08-26 02:00:00"
28	79	17	28079017	8	"28079017_8_8"	22.000	"V"	"2026-08-26 02:00:00"
28	79	17	28079017	7	"28079017_7_8"	0.000	"V"	"2026-08-26 02:00:00"
28	79	17	28079017	14	"28079017_14_6"	57.000	"V"	"2026-08-26 02:00:00"
28	79	17	28079017	12	"28079017_12_8"	22.000	"V"	"2026-08-26 02:00:00"
28	79	16	28079016	8	"28079016_8_8"	10.000	"V"	"2026-08-26 02:00:00"
28	79	16	28079016	7	"28079016_7_8"	0.000	"V"	"2026-08-26 02:00:00"
28	79	16	28079016	14	"28079016_14_6"	78.000	"V"	"2026-08-26 02:00:00"
28	79	16	28079016	12	"28079016_12_8"	10.000	"V"	"2026-08-26 02:00:00"
28	79	11	28079011	8	"28079011_8_8"	13.000	"V"	"2026-08-26 02:00:00"
28	79	11	28079011	7	"28079011_7_8"	0.000	"V"	"2026-08-26 02:00:00"
28	79	11	28079011	12	"28079011_12_8"	13.000	"V"	"2026-08-26 02:00:00"
28	79	8	28079008	9	"28079008_9_47"	9.000	"V"	"2026-08-26 01:00:00"
28	79	8	28079008	8	"28079008_8_8"	11.000	"V"	"2026-08-26 01:00:00"
28	79	8	28079008	7	"28079008_7_8"	0.000	"V"	"2026-08-26 01:00:00"
28	79	8	28079008	6	"28079008_6_48"	0.200	"V"	"2026-08-26 01:00:00"
28	79	8	28079008	35	"28079008_35_59"	2.500	"V"	"2026-08-26 01:00:00"
28	79	8	28079008	30	"28079008_30_59"	0.300	"V"	"2026-08-26 01:00:00"
28	79	8	28079008	20	"28079008_20_59"	3.200	"V"	"2026-08-26 01:00:00"
28	79	8	28079008	14	"28079008_14_6"	72.000	"V"	"2026-08-26 01:00:00"
28	79	8	28079008	12	"28079008_12_8"	11.000	"V"	"2026-08-26 01:00:00"
28	79	8	28079008	10	"28079008_10_47"	21.000	"V"	"2026-08-26 01:00:00"
28	79	8	28079008	1	"28079008_1_38"	2.000	"V"	"2026-08-26 01:00:00"
28	79	60	28079060	9	"28079060_9_A"	6.000	"V"	"2026-08-26 01:00:00"
28	79	60	28079060	8	"28079060_8_8"	20.000	"V"	"2026-08-26 01:00:00"
28	79	60	28079060	7	"28079060_7_8"	0.000	"V"	"2026-08-26 01:00:00"
28	79	60	28079060	14	"28079060_14_6"	64.000	"V"	"2026-08-26 01:00:00"
28	79	60	28079060	12	"28079060_12_8"	20.000	"V"	"2026-08-26 01:00:00"
28	79	60	28079060	10	"28079060_10_47"	13.000	"V"	"2026-08-26 01:00:00"
28	79	59	28079059	8	"28079059_8_8"	17.000	"V"	"2026-08-26 01:00:00"
28	79	59	28079059	7	"28079059_7_8"	1.000	"V"	"2026-08-26 01:00:00"
28	79	59	28079059	14	"28079059_14_6"	60.000	"V"	"2026-08-26 01:00:00"
28	79	59	28079059	12	"28079059_12_8"	19.000	"V"	"2026-08-26 01:00:00"
28	79	58	28079058	8	"28079058_8_8"	12.000	"V"	"2026-08-26 01:00:00"
28	79	58	28079058	7	"28079058_7_8"	0.000	"V"	"2026-08-26 01:00:00"
28	79	58	28079058	14	"28079058_14_6"	51.000	"V"	"2026-08-26 01:00:00"
28	79	58	28079058	12	"28079058_12_8"	12.000	"V"	"2026-08-26 01:00:00"
28	79	57	28079057	9	"28079057_9_A"	1.000	"V"	"2026-08-26 01:00:00"
28	79	57	28079057	8	"28079057_8_8"	16.000	"V"	"2026-08-26 01:00:00"
28	79	57	28079057	7	"28079057_7_8"	0.000	"V"	"2026-08-26 01:00:00"
28	79	57	28079057	12	"28079057_12_8"	17.000	"V"	"2026-08-26 01:00:00"
28	79	57	28079057	10	"28079057_10_47"	7.000	"V"	"2026-08-26 01:00:00"
28	79	56	28079056	9	"28079056_9_47"	7.000	"V"	"2026-08-26 01:00:00"
28	79	56	28079056	8	"28079056_8_8"	12.000	"V"	"2026-08-26 01:00:00"
28	79	56	28079056	7	"28079056_7_8"	1.000	"V"	"2026-08-26 01:00:00"
28	79	56	28079056	6	"28079056_6_48"	0.100	"V"	"2026-08-26 01:00:00"
28	79	56	28079056	12	"28079056_12_8"	13.000	"V"	"2026-08-26 01:00:00"
28	79	56	28079056	10	"28079056_10_47"	21.000	"V"	"2026-08-26 01:00:00"
28	79	54	28079054	9	"28079054_9_A"	10.000	"V"	"2026-08-26 01:00:00"
28	79	54	28079054	8	"28079054_8_8"	20.000	"V"	"2026-08-26 01:00:00"
28	79	54	28079054	7	"28079054_7_8"	1.000	"V"	"2026-08-26 01:00:00"
28	79	54	28079054	14	"28079054_14_6"	63.000	"V"	"2026-08-26 01:00:00"
28	79	54	28079054	12	"28079054_12_8"	21.000	"V"	"2026-08-26 01:00:00"
28	79	54	28079054	10	"28079054_10_A"	21.000	"V"	"2026-08-26 01:00:00"
28	79	50	28079050	9	"28079050_9_47"	0.000	"V"	"2026-08-26 01:00:00"
28	79	50	28079050	8	"28079050_8_8"	15.000	"V"	"2026-08-26 01:00:00"
28	79	50	28079050	7	"28079050_7_8"	1.000	"V"	"2026-08-26 01:00:00"
28	79	50	28079050	12	"28079050_12_8"	16.000	"V"	"2026-08-26 01:00:00"
28	79	50	28079050	10	"28079050_10_47"	5.000	"V"	"2026-08-26 01:00:00"
28	79	49	28079049	8	"28079049_8_8"	9.000	"V"	"2026-08-26 01:00:00"
28	79	49	28079049	7	"28079049_7_8"	0.000	"V"	"2026-08-26 01:00:00"
28	79	49	28079049	14	"28079049_14_6"	67.000	"V"	"2026-08-26 01:00:00"
28	79	49	28079049	12	"28079049_12_8"	10.000	"V"	"2026-08-26 01:00:00"
28	79	48	28079048	9	"28079048_9_47"	7.000	"V"	"2026-08-26 01:00:00"
28	79	48	28079048	8	"28079048_8_8"	6.000	"V"	"2026-08-26 01:00:00"
28	79	48	28079048	7	"28079048_7_8"	0.000	"V"	"2026-08-26 01:00:00"
28	79	48	28079048	12	"28079048_12_8"	6.000	"V"	"2026-08-26 01:00:00"
28	79	48	28079048	10	"28079048_10_47"	13.000	"V"	"2026-08-26 01:00:00"
28	79	47	28079047	9	"28079047_9_47"	9.000	"V"	"2026-08-26 01:00:00"
28	79	47	28079047	8	"28079047_8_8"	14.000	"V"	"2026-08-26 01:00:00"
28	79	47	28079047	7	"28079047_7_8"	0.000	"V"	"2026-08-26 01:00:00"
28	79	47	28079047	12	"28079047_12_8"	14.000	"V"	"2026-08-26 01:00:00"
28	79	47	28079047	10	"28079047_10_47"	17.000	"V"	"2026-08-26 01:00:00"
28	79	40	28079040	8	"28079040_8_8"	24.000	"V"	"2026-08-26 01:00:00"
28	79	40	28079040	7	"28079040_7_8"	1.000	"V"	"2026-08-26 01:00:00"
28	79	40	28079040	12	"28079040_12_8"	26.000	"V"	"2026-08-26 01:00:00"
28	79	40	28079040	10	"28079040_10_47"	25.000	"V"	"2026-08-26 01:00:00"
28	79	4	28079004	9	"28079004_9_A"	11.000	"V"	"2026-08-26 01:00:00"
28	79	4	28079004	8	"28079004_8_8"	16.000	"V"	"2026-08-26 01:00:00"
28	79	4	28079004	7	"28079004_7_8"	0.000	"V"	"2026-08-26 01:00:00"
28	79	4	28079004	6	"28079004_6_48"	0.200	"V"	"2026-08-26 01:00:00"
28	79	4	28079004	12	"28079004_12_8"	17.000	"V"	"2026-08-26 01:00:00"
28	79	4	28079004	10	"28079004_10_A"	32.000	"V"	"2026-08-26 01:00:00"
28	79	39	28079039	8	"28079039_8_8"	17.000	"V"	"2026-08-26 01:00:00"
28	79	39	28079039	7	"28079039_7_8"	0.000	"V"	"2026-08-26 01:00:00"
28	79	39	28079039	14	"28079039_14_6"	57.000	"V"	"2026-08-26 01:00:00"
28	79	39	28079039	12	"28079039_12_8"	17.000	"V"	"2026-08-26 01:00:00"
28	79	38	28079038	9	"28079038_9_47"	10.000	"V"	"2026-08-26 01:00:00"
28	79	38	28079038	8	"28079038_8_8"	11.000	"V"	"2026-08-26 01:00:00"
28	79	38	28079038	7	"28079038_7_8"	0.000	"V"	"2026-08-26 01:00:00"
28	79	38	28079038	35	"28079038_35_59"	0.100	"V"	"2026-08-26 01:00:00"
28	79	38	28079038	30	"28079038_30_59"	0.600	"V"	"2026-08-26 01:00:00"
28	79	38	28079038	20	"28079038_20_59"	1.200	"V"	"2026-08-26 01:00:00"
28	79	38	28079038	12	"28079038_12_8"	11.000	"V"	"2026-08-26 01:00:00"
28	79	38	28079038	10	"28079038_10_47"	17.000	"V"	"2026-08-26 01:00:00"
28	79	36	28079036	8	"28079036_8_8"	9.000	"V"	"2026-08-26 01:00:00"
28	79	36	28079036	7	"28079036_7_8"	0.000	"V"	"2026-08-26 01:00:00"
28	79	36	28079036	12	"28079036_12_8"	9.000	"V"	"2026-08-26 01:00:00"
28	79	36	28079036	10	"28079036_10_47"	12.000	"V"	"2026-08-26 01:00:00"
28	79	36	28079036	1	"28079036_1_38"	2.000	"V"	"2026-08-26 01:00:00"
28	79	35	28079035	8	"28079035_8_8"	18.000	"V"	"2026-08-26 01:00:00"
28	79	35	28079035	7	"28079035_7_8"	2.000	"V"	"2026-08-26 01:00:00"
28	79	35	28079035	6	"28079035_6_48"	0.200	"V"	"2026-08-26 01:00:00"
28	79	35	28079035	14	"28079035_14_6"	71.000	"V"	"2026-08-26 01:00:00"
28	79	35	28079035	12	"28079035_12_8"	20.000	"V"	"2026-08-26 01:00:00"
28	79	35	28079035	1	"28079035_1_38"	4.000	"V"	"2026-08-26 01:00:00"
28	79	27	28079027	8	"28079027_8_8"	32.000	"V"	"2026-08-26 01:00:00"
28	79	27	28079027	7	"28079027_7_8"	1.000	"V"	"2026-08-26 01:00:00"
28	79	27	28079027	14	"28079027_14_6"	52.000	"V"	"2026-08-26 01:00:00"
28	79	27	28079027	12	"28079027_12_8"	34.000	"V"	"2026-08-26 01:00:00"
28	79	24	28079024	9	"28079024_9_47"	0.000	"V"	"2026-08-26 01:00:00"
28	79	24	28079024	8	"28079024_8_8"	3.000	"V"	"2026-08-26 01:00:00"
28	79	24	28079024	7	"28079024_7_8"	1.000	"V"	"2026-08-26 01:00:00"
28	79	24	28079024	14	"28079024_14_6"	77.000	"V"	"2026-08-26 01:00:00"
28	79	24	28079024	12	"28079024_12_8"	4.000	"V"	"2026-08-26 01:00:00"
28	79	24	28079024	10	"28079024_10_47"	6.000	"V"	"2026-08-26 01:00:00"
28	79	18	28079018	8	"28079018_8_8"	10.000	"V"	"2026-08-26 01:00:00"
28	79	18	28079018	7	"28079018_7_8"	0.000	"V"	"2026-08-26 01:00:00"
28	79	18	28079018	35	"28079018_35_59"	0.800	"V"	"2026-08-26 01:00:00"
28	79	18	28079018	30	"28079018_30_59"	0.200	"V"	"2026-08-26 01:00:00"
28	79	18	28079018	20	"28079018_20_59"	0.500	"V"	"2026-08-26 01:00:00"
28	79	18	28079018	14	"28079018_14_6"	74.000	"V"	"2026-08-26 01:00:00"
28	79	18	28079018	10	"28079018_10_47"	9.000	"V"	"2026-08-26 01:00:00"
28	79	18	28079018	12	"28079018_12_8"	10.000	"V"	"2026-08-26 01:00:00"
28	79	17	28079017	8	"28079017_8_8"	28.000	"V"	"2026-08-26 01:00:00"
28	79	17	28079017	7	"28079017_7_8"	1.000	"V"	"2026-08-26 01:00:00"
28	79	17	28079017	14	"28079017_14_6"	57.000	"V"	"2026-08-26 01:00:00"
28	79	17	28079017	12	"28079017_12_8"	29.000	"V"	"2026-08-26 01:00:00"
28	79	16	28079016	8	"28079016_8_8"	13.000	"V"	"2026-08-26 01:00:00"
28	79	16	28079016	7	"28079016_7_8"	0.000	"V"	"2026-08-26 01:00:00"
28	79	16	28079016	14	"28079016_14_6"	79.000	"V"	"2026-08-26 01:00:00"
28	79	11	28079011	8	"28079011_8_8"	18.000	"V"	"2026-08-26 01:00:00"
28	79	16	28079016	12	"28079016_12_8"	13.000	"V"	"2026-08-26 01:00:00"
28	79	11	28079011	7	"28079011_7_8"	0.000	"V"	"2026-08-26 01:00:00"
28	79	11	28079011	12	"28079011_12_8"	18.000	"V"	"2026-08-26 01:00:00"
28	79	8	28079008	9	"28079008_9_47"	9.000	"V"	"2026-08-26 00:00:00"
28	79	8	28079008	8	"28079008_8_8"	10.000	"V"	"2026-08-26 00:00:00"
28	79	8	28079008	7	"28079008_7_8"	0.000	"V"	"2026-08-26 00:00:00"
28	79	8	28079008	6	"28079008_6_48"	0.200	"V"	"2026-08-26 00:00:00"
28	79	8	28079008	35	"28079008_35_59"	1.100	"V"	"2026-08-26 00:00:00"
28	79	8	28079008	30	"28079008_30_59"	0.300	"V"	"2026-08-26 00:00:00"
28	79	8	28079008	20	"28079008_20_59"	2.500	"V"	"2026-08-26 00:00:00"
28	79	8	28079008	14	"28079008_14_6"	68.000	"V"	"2026-08-26 00:00:00"
28	79	8	28079008	12	"28079008_12_8"	10.000	"V"	"2026-08-26 00:00:00"
28	79	8	28079008	10	"28079008_10_47"	25.000	"V"	"2026-08-26 00:00:00"
28	79	8	28079008	1	"28079008_1_38"	2.000	"V"	"2026-08-26 00:00:00"
28	79	60	28079060	9	"28079060_9_A"	5.000	"V"	"2026-08-26 00:00:00"
28	79	60	28079060	8	"28079060_8_8"	18.000	"V"	"2026-08-26 00:00:00"
28	79	60	28079060	7	"28079060_7_8"	0.000	"V"	"2026-08-26 00:00:00"
28	79	60	28079060	14	"28079060_14_6"	74.000	"V"	"2026-08-26 00:00:00"
28	79	60	28079060	12	"28079060_12_8"	18.000	"V"	"2026-08-26 00:00:00"
28	79	60	28079060	10	"28079060_10_47"	11.000	"V"	"2026-08-26 00:00:00"
28	79	59	28079059	8	"28079059_8_8"	21.000	"V"	"2026-08-26 00:00:00"
28	79	59	28079059	7	"28079059_7_8"	1.000	"V"	"2026-08-26 00:00:00"
28	79	59	28079059	14	"28079059_14_6"	58.000	"V"	"2026-08-26 00:00:00"
28	79	59	28079059	12	"28079059_12_8"	23.000	"V"	"2026-08-26 00:00:00"
28	79	58	28079058	8	"28079058_8_8"	10.000	"V"	"2026-08-26 00:00:00"
28	79	58	28079058	7	"28079058_7_8"	0.000	"V"	"2026-08-26 00:00:00"
28	79	58	28079058	14	"28079058_14_6"	59.000	"V"	"2026-08-26 00:00:00"
28	79	58	28079058	12	"28079058_12_8"	10.000	"V"	"2026-08-26 00:00:00"
28	79	57	28079057	9	"28079057_9_A"	9.000	"V"	"2026-08-26 00:00:00"
28	79	57	28079057	8	"28079057_8_8"	12.000	"V"	"2026-08-26 00:00:00"
28	79	57	28079057	7	"28079057_7_8"	0.000	"V"	"2026-08-26 00:00:00"
28	79	57	28079057	12	"28079057_12_8"	12.000	"V"	"2026-08-26 00:00:00"
28	79	57	28079057	10	"28079057_10_47"	20.000	"V"	"2026-08-26 00:00:00"
28	79	56	28079056	9	"28079056_9_47"	4.000	"V"	"2026-08-26 00:00:00"
28	79	56	28079056	8	"28079056_8_8"	43.000	"V"	"2026-08-26 00:00:00"
28	79	56	28079056	7	"28079056_7_8"	6.000	"V"	"2026-08-26 00:00:00"
28	79	56	28079056	6	"28079056_6_48"	0.200	"V"	"2026-08-26 00:00:00"
28	79	56	28079056	12	"28079056_12_8"	52.000	"V"	"2026-08-26 00:00:00"
28	79	56	28079056	10	"28079056_10_47"	19.000	"V"	"2026-08-26 00:00:00"
28	79	54	28079054	9	"28079054_9_A"	7.000	"V"	"2026-08-26 00:00:00"
28	79	54	28079054	8	"28079054_8_8"	13.000	"V"	"2026-08-26 00:00:00"
28	79	54	28079054	7	"28079054_7_8"	1.000	"V"	"2026-08-26 00:00:00"
28	79	54	28079054	14	"28079054_14_6"	74.000	"V"	"2026-08-26 00:00:00"
28	79	54	28079054	12	"28079054_12_8"	14.000	"V"	"2026-08-26 00:00:00"
28	79	54	28079054	10	"28079054_10_A"	17.000	"V"	"2026-08-26 00:00:00"
28	79	50	28079050	9	"28079050_9_47"	0.000	"V"	"2026-08-26 00:00:00"
28	79	50	28079050	8	"28079050_8_8"	20.000	"V"	"2026-08-26 00:00:00"
28	79	50	28079050	7	"28079050_7_8"	3.000	"V"	"2026-08-26 00:00:00"
28	79	50	28079050	12	"28079050_12_8"	25.000	"V"	"2026-08-26 00:00:00"
28	79	50	28079050	10	"28079050_10_47"	0.000	"V"	"2026-08-26 00:00:00"
28	79	49	28079049	8	"28079049_8_8"	8.000	"V"	"2026-08-26 00:00:00"
28	79	49	28079049	7	"28079049_7_8"	0.000	"V"	"2026-08-26 00:00:00"
28	79	49	28079049	14	"28079049_14_6"	65.000	"V"	"2026-08-26 00:00:00"
28	79	49	28079049	12	"28079049_12_8"	8.000	"V"	"2026-08-26 00:00:00"
28	79	48	28079048	9	"28079048_9_47"	7.000	"V"	"2026-08-26 00:00:00"
28	79	48	28079048	8	"28079048_8_8"	8.000	"V"	"2026-08-26 00:00:00"
28	79	48	28079048	7	"28079048_7_8"	0.000	"V"	"2026-08-26 00:00:00"
28	79	48	28079048	12	"28079048_12_8"	8.000	"V"	"2026-08-26 00:00:00"
28	79	48	28079048	10	"28079048_10_47"	13.000	"V"	"2026-08-26 00:00:00"
28	79	47	28079047	9	"28079047_9_47"	9.000	"V"	"2026-08-26 00:00:00"
28	79	47	28079047	8	"28079047_8_8"	11.000	"V"	"2026-08-26 00:00:00"
28	79	47	28079047	7	"28079047_7_8"	0.000	"V"	"2026-08-26 00:00:00"
28	79	47	28079047	12	"28079047_12_8"	11.000	"V"	"2026-08-26 00:00:00"
28	79	47	28079047	10	"28079047_10_47"	15.000	"V"	"2026-08-26 00:00:00"
28	79	40	28079040	8	"28079040_8_8"	19.000	"V"	"2026-08-26 00:00:00"
28	79	40	28079040	7	"28079040_7_8"	2.000	"V"	"2026-08-26 00:00:00"
28	79	40	28079040	12	"28079040_12_8"	21.000	"V"	"2026-08-26 00:00:00"
28	79	40	28079040	10	"28079040_10_47"	26.000	"V"	"2026-08-26 00:00:00"
28	79	4	28079004	9	"28079004_9_A"	0.000	"N"	"2026-08-26 00:00:00"
28	79	4	28079004	8	"28079004_8_8"	29.000	"V"	"2026-08-26 00:00:00"
28	79	4	28079004	7	"28079004_7_8"	1.000	"V"	"2026-08-26 00:00:00"
28	79	4	28079004	6	"28079004_6_48"	0.200	"V"	"2026-08-26 00:00:00"
28	79	4	28079004	12	"28079004_12_8"	30.000	"V"	"2026-08-26 00:00:00"
28	79	4	28079004	10	"28079004_10_A"	0.000	"N"	"2026-08-26 00:00:00"
28	79	39	28079039	8	"28079039_8_8"	27.000	"V"	"2026-08-26 00:00:00"
28	79	39	28079039	7	"28079039_7_8"	0.000	"V"	"2026-08-26 00:00:00"
28	79	39	28079039	14	"28079039_14_6"	55.000	"V"	"2026-08-26 00:00:00"
28	79	39	28079039	12	"28079039_12_8"	27.000	"V"	"2026-08-26 00:00:00"
28	79	38	28079038	9	"28079038_9_47"	9.000	"V"	"2026-08-26 00:00:00"
28	79	38	28079038	8	"28079038_8_8"	16.000	"V"	"2026-08-26 00:00:00"
28	79	38	28079038	7	"28079038_7_8"	1.000	"V"	"2026-08-26 00:00:00"
28	79	38	28079038	35	"28079038_35_59"	0.100	"V"	"2026-08-26 00:00:00"
28	79	38	28079038	30	"28079038_30_59"	0.600	"V"	"2026-08-26 00:00:00"
28	79	38	28079038	20	"28079038_20_59"	1.100	"V"	"2026-08-26 00:00:00"
28	79	38	28079038	12	"28079038_12_8"	17.000	"V"	"2026-08-26 00:00:00"
28	79	38	28079038	10	"28079038_10_47"	17.000	"V"	"2026-08-26 00:00:00"
28	79	36	28079036	8	"28079036_8_8"	11.000	"V"	"2026-08-26 00:00:00"
28	79	36	28079036	7	"28079036_7_8"	0.000	"V"	"2026-08-26 00:00:00"
28	79	36	28079036	12	"28079036_12_8"	11.000	"V"	"2026-08-26 00:00:00"
28	79	36	28079036	10	"28079036_10_47"	11.000	"V"	"2026-08-26 00:00:00"
28	79	36	28079036	1	"28079036_1_38"	2.000	"V"	"2026-08-26 00:00:00"
28	79	35	28079035	8	"28079035_8_8"	19.000	"V"	"2026-08-26 00:00:00"
28	79	35	28079035	7	"28079035_7_8"	2.000	"V"	"2026-08-26 00:00:00"
28	79	35	28079035	6	"28079035_6_48"	0.300	"V"	"2026-08-26 00:00:00"
28	79	35	28079035	14	"28079035_14_6"	74.000	"V"	"2026-08-26 00:00:00"
28	79	35	28079035	12	"28079035_12_8"	21.000	"V"	"2026-08-26 00:00:00"
28	79	35	28079035	1	"28079035_1_38"	4.000	"V"	"2026-08-26 00:00:00"
28	79	27	28079027	8	"28079027_8_8"	23.000	"V"	"2026-08-26 00:00:00"
28	79	27	28079027	7	"28079027_7_8"	1.000	"V"	"2026-08-26 00:00:00"
28	79	27	28079027	14	"28079027_14_6"	63.000	"V"	"2026-08-26 00:00:00"
28	79	27	28079027	12	"28079027_12_8"	24.000	"V"	"2026-08-26 00:00:00"
28	79	24	28079024	9	"28079024_9_47"	2.000	"V"	"2026-08-26 00:00:00"
28	79	24	28079024	8	"28079024_8_8"	2.000	"V"	"2026-08-26 00:00:00"
28	79	24	28079024	7	"28079024_7_8"	1.000	"V"	"2026-08-26 00:00:00"
28	79	24	28079024	14	"28079024_14_6"	84.000	"V"	"2026-08-26 00:00:00"
28	79	24	28079024	12	"28079024_12_8"	3.000	"V"	"2026-08-26 00:00:00"
28	79	24	28079024	10	"28079024_10_47"	7.000	"V"	"2026-08-26 00:00:00"
28	79	18	28079018	8	"28079018_8_8"	14.000	"V"	"2026-08-26 00:00:00"
28	79	18	28079018	7	"28079018_7_8"	0.000	"V"	"2026-08-26 00:00:00"
28	79	18	28079018	35	"28079018_35_59"	0.900	"V"	"2026-08-26 00:00:00"
28	79	18	28079018	30	"28079018_30_59"	0.300	"V"	"2026-08-26 00:00:00"
28	79	18	28079018	20	"28079018_20_59"	1.100	"V"	"2026-08-26 00:00:00"
28	79	18	28079018	14	"28079018_14_6"	72.000	"V"	"2026-08-26 00:00:00"
28	79	18	28079018	12	"28079018_12_8"	14.000	"V"	"2026-08-26 00:00:00"
28	79	18	28079018	10	"28079018_10_47"	14.000	"V"	"2026-08-26 00:00:00"
28	79	17	28079017	8	"28079017_8_8"	39.000	"V"	"2026-08-26 00:00:00"
28	79	17	28079017	14	"28079017_14_6"	50.000	"V"	"2026-08-26 00:00:00"
28	79	17	28079017	7	"28079017_7_8"	2.000	"V"	"2026-08-26 00:00:00"
28	79	17	28079017	12	"28079017_12_8"	41.000	"V"	"2026-08-26 00:00:00"
28	79	16	28079016	8	"28079016_8_8"	15.000	"V"	"2026-08-26 00:00:00"
28	79	16	28079016	7	"28079016_7_8"	0.000	"V"	"2026-08-26 00:00:00"
28	79	16	28079016	14	"28079016_14_6"	78.000	"V"	"2026-08-26 00:00:00"
28	79	16	28079016	12	"28079016_12_8"	15.000	"V"	"2026-08-26 00:00:00"
28	79	11	28079011	8	"28079011_8_8"	18.000	"V"	"2026-08-26 00:00:00"
28	79	11	28079011	7	"28079011_7_8"	1.000	"V"	"2026-08-26 00:00:00"
28	79	11	28079011	12	"28079011_12_8"	19.000	"V"	"2026-08-26 00:00:00"
28	79	8	28079008	9	"28079008_9_47"	3.000	"V"	"2026-08-25 23:00:00"
28	79	8	28079008	8	"28079008_8_8"	9.000	"V"	"2026-08-25 23:00:00"
28	79	8	28079008	7	"28079008_7_8"	0.000	"V"	"2026-08-25 23:00:00"
28	79	8	28079008	6	"28079008_6_48"	0.200	"V"	"2026-08-25 23:00:00"
28	79	8	28079008	35	"28079008_35_59"	0.500	"V"	"2026-08-25 23:00:00"
28	79	8	28079008	30	"28079008_30_59"	0.400	"V"	"2026-08-25 23:00:00"
28	79	8	28079008	20	"28079008_20_59"	2.200	"V"	"2026-08-25 23:00:00"
28	79	8	28079008	14	"28079008_14_6"	77.000	"V"	"2026-08-25 23:00:00"
28	79	8	28079008	12	"28079008_12_8"	9.000	"V"	"2026-08-25 23:00:00"
28	79	8	28079008	10	"28079008_10_47"	14.000	"V"	"2026-08-25 23:00:00"
28	79	8	28079008	1	"28079008_1_38"	2.000	"V"	"2026-08-25 23:00:00"
28	79	60	28079060	9	"28079060_9_A"	5.000	"V"	"2026-08-25 23:00:00"
28	79	60	28079060	8	"28079060_8_8"	15.000	"V"	"2026-08-25 23:00:00"
28	79	60	28079060	7	"28079060_7_8"	0.000	"V"	"2026-08-25 23:00:00"
28	79	60	28079060	14	"28079060_14_6"	82.000	"V"	"2026-08-25 23:00:00"
28	79	60	28079060	12	"28079060_12_8"	15.000	"V"	"2026-08-25 23:00:00"
28	79	60	28079060	10	"28079060_10_47"	9.000	"V"	"2026-08-25 23:00:00"
28	79	59	28079059	8	"28079059_8_8"	21.000	"V"	"2026-08-25 23:00:00"
28	79	59	28079059	7	"28079059_7_8"	1.000	"V"	"2026-08-25 23:00:00"
28	79	59	28079059	14	"28079059_14_6"	74.000	"V"	"2026-08-25 23:00:00"
28	79	59	28079059	12	"28079059_12_8"	22.000	"V"	"2026-08-25 23:00:00"
28	79	58	28079058	8	"28079058_8_8"	10.000	"V"	"2026-08-25 23:00:00"
28	79	58	28079058	7	"28079058_7_8"	0.000	"V"	"2026-08-25 23:00:00"
28	79	58	28079058	14	"28079058_14_6"	67.000	"V"	"2026-08-25 23:00:00"
28	79	58	28079058	12	"28079058_12_8"	10.000	"V"	"2026-08-25 23:00:00"
28	79	57	28079057	9	"28079057_9_A"	6.000	"V"	"2026-08-25 23:00:00"
28	79	57	28079057	8	"28079057_8_8"	15.000	"V"	"2026-08-25 23:00:00"
28	79	57	28079057	7	"28079057_7_8"	1.000	"V"	"2026-08-25 23:00:00"
28	79	57	28079057	12	"28079057_12_8"	16.000	"V"	"2026-08-25 23:00:00"
28	79	57	28079057	10	"28079057_10_47"	14.000	"V"	"2026-08-25 23:00:00"
28	79	56	28079056	9	"28079056_9_47"	12.000	"V"	"2026-08-25 23:00:00"
28	79	56	28079056	8	"28079056_8_8"	20.000	"V"	"2026-08-25 23:00:00"
28	79	56	28079056	7	"28079056_7_8"	2.000	"V"	"2026-08-25 23:00:00"
28	79	56	28079056	6	"28079056_6_48"	0.200	"V"	"2026-08-25 23:00:00"
28	79	56	28079056	12	"28079056_12_8"	23.000	"V"	"2026-08-25 23:00:00"
28	79	56	28079056	10	"28079056_10_47"	23.000	"V"	"2026-08-25 23:00:00"
28	79	54	28079054	9	"28079054_9_A"	8.000	"V"	"2026-08-25 23:00:00"
28	79	54	28079054	8	"28079054_8_8"	13.000	"V"	"2026-08-25 23:00:00"
28	79	54	28079054	7	"28079054_7_8"	1.000	"V"	"2026-08-25 23:00:00"
28	79	54	28079054	14	"28079054_14_6"	78.000	"V"	"2026-08-25 23:00:00"
28	79	54	28079054	12	"28079054_12_8"	14.000	"V"	"2026-08-25 23:00:00"
28	79	54	28079054	10	"28079054_10_A"	15.000	"V"	"2026-08-25 23:00:00"
28	79	50	28079050	9	"28079050_9_47"	0.000	"V"	"2026-08-25 23:00:00"
28	79	50	28079050	8	"28079050_8_8"	21.000	"V"	"2026-08-25 23:00:00"
28	79	50	28079050	7	"28079050_7_8"	6.000	"V"	"2026-08-25 23:00:00"
28	79	50	28079050	12	"28079050_12_8"	30.000	"V"	"2026-08-25 23:00:00"
28	79	50	28079050	10	"28079050_10_47"	0.000	"V"	"2026-08-25 23:00:00"
28	79	49	28079049	8	"28079049_8_8"	7.000	"V"	"2026-08-25 23:00:00"
28	79	49	28079049	7	"28079049_7_8"	0.000	"V"	"2026-08-25 23:00:00"
28	79	49	28079049	14	"28079049_14_6"	74.000	"V"	"2026-08-25 23:00:00"
28	79	49	28079049	12	"28079049_12_8"	7.000	"V"	"2026-08-25 23:00:00"
28	79	48	28079048	9	"28079048_9_47"	8.000	"V"	"2026-08-25 23:00:00"
28	79	48	28079048	8	"28079048_8_8"	7.000	"V"	"2026-08-25 23:00:00"
28	79	48	28079048	7	"28079048_7_8"	0.000	"V"	"2026-08-25 23:00:00"
28	79	48	28079048	12	"28079048_12_8"	7.000	"V"	"2026-08-25 23:00:00"
28	79	48	28079048	10	"28079048_10_47"	14.000	"V"	"2026-08-25 23:00:00"
28	79	47	28079047	9	"28079047_9_47"	9.000	"V"	"2026-08-25 23:00:00"
28	79	47	28079047	8	"28079047_8_8"	7.000	"V"	"2026-08-25 23:00:00"
28	79	47	28079047	7	"28079047_7_8"	0.000	"V"	"2026-08-25 23:00:00"
28	79	47	28079047	12	"28079047_12_8"	7.000	"V"	"2026-08-25 23:00:00"
28	79	47	28079047	10	"28079047_10_47"	20.000	"V"	"2026-08-25 23:00:00"
28	79	40	28079040	8	"28079040_8_8"	18.000	"V"	"2026-08-25 23:00:00"
28	79	40	28079040	7	"28079040_7_8"	2.000	"V"	"2026-08-25 23:00:00"
28	79	40	28079040	12	"28079040_12_8"	20.000	"V"	"2026-08-25 23:00:00"
28	79	40	28079040	10	"28079040_10_47"	22.000	"V"	"2026-08-25 23:00:00"
28	79	4	28079004	9	"28079004_9_A"	0.000	"N"	"2026-08-25 23:00:00"
28	79	4	28079004	8	"28079004_8_8"	13.000	"V"	"2026-08-25 23:00:00"
28	79	4	28079004	7	"28079004_7_8"	0.000	"V"	"2026-08-25 23:00:00"
28	79	4	28079004	6	"28079004_6_48"	0.200	"V"	"2026-08-25 23:00:00"
28	79	4	28079004	12	"28079004_12_8"	14.000	"V"	"2026-08-25 23:00:00"
28	79	4	28079004	10	"28079004_10_A"	0.000	"N"	"2026-08-25 23:00:00"
28	79	39	28079039	8	"28079039_8_8"	17.000	"V"	"2026-08-25 23:00:00"
28	79	39	28079039	7	"28079039_7_8"	0.000	"V"	"2026-08-25 23:00:00"
28	79	39	28079039	14	"28079039_14_6"	70.000	"V"	"2026-08-25 23:00:00"
28	79	39	28079039	12	"28079039_12_8"	17.000	"V"	"2026-08-25 23:00:00"
28	79	38	28079038	9	"28079038_9_47"	7.000	"V"	"2026-08-25 23:00:00"
28	79	38	28079038	8	"28079038_8_8"	19.000	"V"	"2026-08-25 23:00:00"
28	79	38	28079038	7	"28079038_7_8"	2.000	"V"	"2026-08-25 23:00:00"
28	79	38	28079038	35	"28079038_35_59"	0.000	"V"	"2026-08-25 23:00:00"
28	79	38	28079038	30	"28079038_30_59"	0.700	"V"	"2026-08-25 23:00:00"
28	79	38	28079038	20	"28079038_20_59"	1.000	"V"	"2026-08-25 23:00:00"
28	79	38	28079038	12	"28079038_12_8"	22.000	"V"	"2026-08-25 23:00:00"
28	79	38	28079038	10	"28079038_10_47"	14.000	"V"	"2026-08-25 23:00:00"
28	79	36	28079036	8	"28079036_8_8"	11.000	"V"	"2026-08-25 23:00:00"
28	79	36	28079036	7	"28079036_7_8"	0.000	"V"	"2026-08-25 23:00:00"
28	79	36	28079036	12	"28079036_12_8"	11.000	"V"	"2026-08-25 23:00:00"
28	79	36	28079036	10	"28079036_10_47"	11.000	"V"	"2026-08-25 23:00:00"
28	79	36	28079036	1	"28079036_1_38"	2.000	"V"	"2026-08-25 23:00:00"
28	79	35	28079035	8	"28079035_8_8"	13.000	"V"	"2026-08-25 23:00:00"
28	79	35	28079035	7	"28079035_7_8"	1.000	"V"	"2026-08-25 23:00:00"
28	79	35	28079035	6	"28079035_6_48"	0.300	"V"	"2026-08-25 23:00:00"
28	79	35	28079035	14	"28079035_14_6"	85.000	"V"	"2026-08-25 23:00:00"
28	79	35	28079035	12	"28079035_12_8"	15.000	"V"	"2026-08-25 23:00:00"
28	79	35	28079035	1	"28079035_1_38"	4.000	"V"	"2026-08-25 23:00:00"
28	79	27	28079027	8	"28079027_8_8"	14.000	"V"	"2026-08-25 23:00:00"
28	79	27	28079027	7	"28079027_7_8"	1.000	"V"	"2026-08-25 23:00:00"
28	79	27	28079027	14	"28079027_14_6"	78.000	"V"	"2026-08-25 23:00:00"
28	79	27	28079027	12	"28079027_12_8"	15.000	"V"	"2026-08-25 23:00:00"
28	79	24	28079024	9	"28079024_9_47"	1.000	"V"	"2026-08-25 23:00:00"
28	79	24	28079024	8	"28079024_8_8"	1.000	"V"	"2026-08-25 23:00:00"
28	79	24	28079024	7	"28079024_7_8"	1.000	"V"	"2026-08-25 23:00:00"
28	79	24	28079024	12	"28079024_12_8"	3.000	"V"	"2026-08-25 23:00:00"
28	79	24	28079024	10	"28079024_10_47"	4.000	"V"	"2026-08-25 23:00:00"
28	79	18	28079018	8	"28079018_8_8"	15.000	"V"	"2026-08-25 23:00:00"
28	79	24	28079024	14	"28079024_14_6"	86.000	"V"	"2026-08-25 23:00:00"
28	79	18	28079018	7	"28079018_7_8"	0.000	"V"	"2026-08-25 23:00:00"
28	79	18	28079018	35	"28079018_35_59"	0.700	"V"	"2026-08-25 23:00:00"
28	79	18	28079018	30	"28079018_30_59"	0.200	"V"	"2026-08-25 23:00:00"
28	79	18	28079018	20	"28079018_20_59"	0.800	"V"	"2026-08-25 23:00:00"
28	79	18	28079018	12	"28079018_12_8"	15.000	"V"	"2026-08-25 23:00:00"
28	79	18	28079018	14	"28079018_14_6"	73.000	"V"	"2026-08-25 23:00:00"
28	79	18	28079018	10	"28079018_10_47"	26.000	"V"	"2026-08-25 23:00:00"
28	79	17	28079017	8	"28079017_8_8"	36.000	"V"	"2026-08-25 23:00:00"
28	79	17	28079017	14	"28079017_14_6"	57.000	"V"	"2026-08-25 23:00:00"
28	79	17	28079017	7	"28079017_7_8"	2.000	"V"	"2026-08-25 23:00:00"
28	79	17	28079017	12	"28079017_12_8"	38.000	"V"	"2026-08-25 23:00:00"
28	79	16	28079016	8	"28079016_8_8"	15.000	"V"	"2026-08-25 23:00:00"
28	79	16	28079016	7	"28079016_7_8"	0.000	"V"	"2026-08-25 23:00:00"
28	79	16	28079016	14	"28079016_14_6"	82.000	"V"	"2026-08-25 23:00:00"
28	79	16	28079016	12	"28079016_12_8"	15.000	"V"	"2026-08-25 23:00:00"
28	79	11	28079011	8	"28079011_8_8"	17.000	"V"	"2026-08-25 23:00:00"
28	79	11	28079011	7	"28079011_7_8"	0.000	"V"	"2026-08-25 23:00:00"
28	79	11	28079011	12	"28079011_12_8"	18.000	"V"	"2026-08-25 23:00:00"
28	79	8	28079008	9	"28079008_9_47"	6.000	"V"	"2026-08-25 22:00:00"
28	79	8	28079008	8	"28079008_8_8"	9.000	"V"	"2026-08-25 22:00:00"
28	79	8	28079008	7	"28079008_7_8"	0.000	"V"	"2026-08-25 22:00:00"
28	79	8	28079008	6	"28079008_6_48"	0.200	"V"	"2026-08-25 22:00:00"
28	79	8	28079008	35	"28079008_35_59"	0.400	"V"	"2026-08-25 22:00:00"
28	79	8	28079008	30	"28079008_30_59"	0.300	"V"	"2026-08-25 22:00:00"
28	79	8	28079008	20	"28079008_20_59"	2.200	"V"	"2026-08-25 22:00:00"
28	79	8	28079008	14	"28079008_14_6"	85.000	"V"	"2026-08-25 22:00:00"
28	79	8	28079008	12	"28079008_12_8"	9.000	"V"	"2026-08-25 22:00:00"
28	79	8	28079008	10	"28079008_10_47"	21.000	"V"	"2026-08-25 22:00:00"
28	79	8	28079008	1	"28079008_1_38"	2.000	"V"	"2026-08-25 22:00:00"
28	79	60	28079060	9	"28079060_9_A"	4.000	"V"	"2026-08-25 22:00:00"
28	79	60	28079060	8	"28079060_8_8"	15.000	"V"	"2026-08-25 22:00:00"
28	79	60	28079060	7	"28079060_7_8"	0.000	"V"	"2026-08-25 22:00:00"
28	79	60	28079060	14	"28079060_14_6"	82.000	"V"	"2026-08-25 22:00:00"
28	79	60	28079060	12	"28079060_12_8"	15.000	"V"	"2026-08-25 22:00:00"
28	79	60	28079060	10	"28079060_10_47"	12.000	"V"	"2026-08-25 22:00:00"
28	79	59	28079059	8	"28079059_8_8"	10.000	"V"	"2026-08-25 22:00:00"
28	79	59	28079059	7	"28079059_7_8"	1.000	"V"	"2026-08-25 22:00:00"
28	79	59	28079059	14	"28079059_14_6"	86.000	"V"	"2026-08-25 22:00:00"
28	79	59	28079059	12	"28079059_12_8"	12.000	"V"	"2026-08-25 22:00:00"
28	79	58	28079058	8	"28079058_8_8"	6.000	"V"	"2026-08-25 22:00:00"
28	79	58	28079058	7	"28079058_7_8"	0.000	"V"	"2026-08-25 22:00:00"
28	79	58	28079058	14	"28079058_14_6"	84.000	"V"	"2026-08-25 22:00:00"
28	79	58	28079058	12	"28079058_12_8"	6.000	"V"	"2026-08-25 22:00:00"
28	79	57	28079057	9	"28079057_9_A"	0.000	"V"	"2026-08-25 22:00:00"
28	79	57	28079057	8	"28079057_8_8"	11.000	"V"	"2026-08-25 22:00:00"
28	79	57	28079057	7	"28079057_7_8"	1.000	"V"	"2026-08-25 22:00:00"
28	79	57	28079057	12	"28079057_12_8"	12.000	"V"	"2026-08-25 22:00:00"
28	79	57	28079057	10	"28079057_10_47"	0.000	"V"	"2026-08-25 22:00:00"
28	79	56	28079056	9	"28079056_9_47"	11.000	"V"	"2026-08-25 22:00:00"
28	79	56	28079056	8	"28079056_8_8"	14.000	"V"	"2026-08-25 22:00:00"
28	79	56	28079056	7	"28079056_7_8"	1.000	"V"	"2026-08-25 22:00:00"
28	79	56	28079056	6	"28079056_6_48"	0.200	"V"	"2026-08-25 22:00:00"
28	79	56	28079056	12	"28079056_12_8"	16.000	"V"	"2026-08-25 22:00:00"
28	79	56	28079056	10	"28079056_10_47"	20.000	"V"	"2026-08-25 22:00:00"
28	79	54	28079054	9	"28079054_9_A"	9.000	"V"	"2026-08-25 22:00:00"
28	79	54	28079054	8	"28079054_8_8"	7.000	"V"	"2026-08-25 22:00:00"
28	79	54	28079054	7	"28079054_7_8"	1.000	"V"	"2026-08-25 22:00:00"
28	79	54	28079054	14	"28079054_14_6"	86.000	"V"	"2026-08-25 22:00:00"
28	79	54	28079054	12	"28079054_12_8"	8.000	"V"	"2026-08-25 22:00:00"
28	79	54	28079054	10	"28079054_10_A"	20.000	"V"	"2026-08-25 22:00:00"
28	79	50	28079050	9	"28079050_9_47"	0.000	"V"	"2026-08-25 22:00:00"
28	79	50	28079050	8	"28079050_8_8"	15.000	"V"	"2026-08-25 22:00:00"
28	79	50	28079050	7	"28079050_7_8"	3.000	"V"	"2026-08-25 22:00:00"
28	79	50	28079050	12	"28079050_12_8"	20.000	"V"	"2026-08-25 22:00:00"
28	79	50	28079050	10	"28079050_10_47"	0.000	"V"	"2026-08-25 22:00:00"
28	79	49	28079049	8	"28079049_8_8"	5.000	"V"	"2026-08-25 22:00:00"
28	79	49	28079049	7	"28079049_7_8"	0.000	"V"	"2026-08-25 22:00:00"
28	79	49	28079049	14	"28079049_14_6"	89.000	"V"	"2026-08-25 22:00:00"
28	79	49	28079049	12	"28079049_12_8"	5.000	"V"	"2026-08-25 22:00:00"
28	79	48	28079048	9	"28079048_9_47"	4.000	"V"	"2026-08-25 22:00:00"
28	79	48	28079048	8	"28079048_8_8"	7.000	"V"	"2026-08-25 22:00:00"
28	79	48	28079048	7	"28079048_7_8"	0.000	"V"	"2026-08-25 22:00:00"
28	79	48	28079048	12	"28079048_12_8"	7.000	"V"	"2026-08-25 22:00:00"
28	79	48	28079048	10	"28079048_10_47"	14.000	"V"	"2026-08-25 22:00:00"
28	79	47	28079047	9	"28079047_9_47"	8.000	"V"	"2026-08-25 22:00:00"
28	79	47	28079047	8	"28079047_8_8"	6.000	"V"	"2026-08-25 22:00:00"
28	79	47	28079047	7	"28079047_7_8"	1.000	"V"	"2026-08-25 22:00:00"
28	79	47	28079047	12	"28079047_12_8"	7.000	"V"	"2026-08-25 22:00:00"
28	79	47	28079047	10	"28079047_10_47"	14.000	"V"	"2026-08-25 22:00:00"
28	79	40	28079040	8	"28079040_8_8"	16.000	"V"	"2026-08-25 22:00:00"
28	79	40	28079040	7	"28079040_7_8"	2.000	"V"	"2026-08-25 22:00:00"
28	79	40	28079040	12	"28079040_12_8"	20.000	"V"	"2026-08-25 22:00:00"
28	79	40	28079040	10	"28079040_10_47"	11.000	"V"	"2026-08-25 22:00:00"
28	79	4	28079004	9	"28079004_9_A"	10.000	"V"	"2026-08-25 22:00:00"
28	79	4	28079004	8	"28079004_8_8"	12.000	"V"	"2026-08-25 22:00:00"
28	79	4	28079004	7	"28079004_7_8"	1.000	"V"	"2026-08-25 22:00:00"
28	79	4	28079004	6	"28079004_6_48"	0.200	"V"	"2026-08-25 22:00:00"
28	79	4	28079004	12	"28079004_12_8"	12.000	"V"	"2026-08-25 22:00:00"
28	79	4	28079004	10	"28079004_10_A"	47.000	"V"	"2026-08-25 22:00:00"
28	79	39	28079039	8	"28079039_8_8"	9.000	"V"	"2026-08-25 22:00:00"
28	79	39	28079039	7	"28079039_7_8"	0.000	"V"	"2026-08-25 22:00:00"
28	79	39	28079039	14	"28079039_14_6"	82.000	"V"	"2026-08-25 22:00:00"
28	79	39	28079039	12	"28079039_12_8"	9.000	"V"	"2026-08-25 22:00:00"
28	79	38	28079038	9	"28079038_9_47"	7.000	"V"	"2026-08-25 22:00:00"
28	79	38	28079038	8	"28079038_8_8"	25.000	"V"	"2026-08-25 22:00:00"
28	79	38	28079038	7	"28079038_7_8"	4.000	"V"	"2026-08-25 22:00:00"
28	79	38	28079038	35	"28079038_35_59"	0.100	"V"	"2026-08-25 22:00:00"
28	79	38	28079038	30	"28079038_30_59"	0.800	"V"	"2026-08-25 22:00:00"
28	79	38	28079038	20	"28079038_20_59"	1.100	"V"	"2026-08-25 22:00:00"
28	79	38	28079038	12	"28079038_12_8"	30.000	"V"	"2026-08-25 22:00:00"
28	79	38	28079038	10	"28079038_10_47"	13.000	"V"	"2026-08-25 22:00:00"
28	79	36	28079036	8	"28079036_8_8"	9.000	"V"	"2026-08-25 22:00:00"
28	79	36	28079036	7	"28079036_7_8"	0.000	"V"	"2026-08-25 22:00:00"
28	79	36	28079036	12	"28079036_12_8"	10.000	"V"	"2026-08-25 22:00:00"
28	79	36	28079036	10	"28079036_10_47"	11.000	"V"	"2026-08-25 22:00:00"
28	79	36	28079036	1	"28079036_1_38"	2.000	"V"	"2026-08-25 22:00:00"
28	79	35	28079035	8	"28079035_8_8"	15.000	"V"	"2026-08-25 22:00:00"
28	79	35	28079035	7	"28079035_7_8"	2.000	"V"	"2026-08-25 22:00:00"
28	79	35	28079035	6	"28079035_6_48"	0.300	"V"	"2026-08-25 22:00:00"
28	79	35	28079035	14	"28079035_14_6"	84.000	"V"	"2026-08-25 22:00:00"
28	79	35	28079035	12	"28079035_12_8"	18.000	"V"	"2026-08-25 22:00:00"
28	79	35	28079035	1	"28079035_1_38"	4.000	"V"	"2026-08-25 22:00:00"
28	79	27	28079027	8	"28079027_8_8"	10.000	"V"	"2026-08-25 22:00:00"
28	79	27	28079027	7	"28079027_7_8"	1.000	"V"	"2026-08-25 22:00:00"
28	79	27	28079027	14	"28079027_14_6"	85.000	"V"	"2026-08-25 22:00:00"
28	79	27	28079027	12	"28079027_12_8"	11.000	"V"	"2026-08-25 22:00:00"
28	79	24	28079024	9	"28079024_9_47"	0.000	"V"	"2026-08-25 22:00:00"
28	79	24	28079024	8	"28079024_8_8"	0.000	"V"	"2026-08-25 22:00:00"
28	79	24	28079024	7	"28079024_7_8"	1.000	"V"	"2026-08-25 22:00:00"
28	79	24	28079024	14	"28079024_14_6"	96.000	"V"	"2026-08-25 22:00:00"
28	79	24	28079024	12	"28079024_12_8"	2.000	"V"	"2026-08-25 22:00:00"
28	79	24	28079024	10	"28079024_10_47"	4.000	"V"	"2026-08-25 22:00:00"
28	79	18	28079018	8	"28079018_8_8"	12.000	"V"	"2026-08-25 22:00:00"
28	79	18	28079018	7	"28079018_7_8"	0.000	"V"	"2026-08-25 22:00:00"
28	79	18	28079018	35	"28079018_35_59"	0.500	"V"	"2026-08-25 22:00:00"
28	79	18	28079018	30	"28079018_30_59"	0.100	"V"	"2026-08-25 22:00:00"
28	79	18	28079018	20	"28079018_20_59"	0.400	"V"	"2026-08-25 22:00:00"
28	79	18	28079018	12	"28079018_12_8"	12.000	"V"	"2026-08-25 22:00:00"
28	79	18	28079018	14	"28079018_14_6"	79.000	"V"	"2026-08-25 22:00:00"
28	79	18	28079018	10	"28079018_10_47"	0.000	"N"	"2026-08-25 22:00:00"
28	79	17	28079017	8	"28079017_8_8"	21.000	"V"	"2026-08-25 22:00:00"
28	79	17	28079017	14	"28079017_14_6"	77.000	"V"	"2026-08-25 22:00:00"
28	79	17	28079017	7	"28079017_7_8"	2.000	"V"	"2026-08-25 22:00:00"
28	79	17	28079017	12	"28079017_12_8"	24.000	"V"	"2026-08-25 22:00:00"
28	79	16	28079016	8	"28079016_8_8"	10.000	"V"	"2026-08-25 22:00:00"
28	79	16	28079016	14	"28079016_14_6"	87.000	"V"	"2026-08-25 22:00:00"
28	79	16	28079016	7	"28079016_7_8"	0.000	"V"	"2026-08-25 22:00:00"
28	79	16	28079016	12	"28079016_12_8"	10.000	"V"	"2026-08-25 22:00:00"
28	79	11	28079011	8	"28079011_8_8"	17.000	"V"	"2026-08-25 22:00:00"
28	79	11	28079011	7	"28079011_7_8"	2.000	"V"	"2026-08-25 22:00:00"
28	79	11	28079011	12	"28079011_12_8"	20.000	"V"	"2026-08-25 22:00:00"
28	79	8	28079008	9	"28079008_9_47"	9.000	"V"	"2026-08-25 21:00:00"
28	79	8	28079008	8	"28079008_8_8"	9.000	"V"	"2026-08-25 21:00:00"
28	79	8	28079008	7	"28079008_7_8"	0.000	"V"	"2026-08-25 21:00:00"
28	79	8	28079008	6	"28079008_6_48"	0.200	"V"	"2026-08-25 21:00:00"
28	79	8	28079008	35	"28079008_35_59"	0.300	"V"	"2026-08-25 21:00:00"
28	79	8	28079008	30	"28079008_30_59"	0.300	"V"	"2026-08-25 21:00:00"
28	79	8	28079008	20	"28079008_20_59"	1.800	"V"	"2026-08-25 21:00:00"
28	79	8	28079008	14	"28079008_14_6"	85.000	"V"	"2026-08-25 21:00:00"
28	79	8	28079008	12	"28079008_12_8"	9.000	"V"	"2026-08-25 21:00:00"
28	79	8	28079008	10	"28079008_10_47"	30.000	"V"	"2026-08-25 21:00:00"
28	79	8	28079008	1	"28079008_1_38"	2.000	"V"	"2026-08-25 21:00:00"
28	79	60	28079060	9	"28079060_9_A"	4.000	"V"	"2026-08-25 21:00:00"
28	79	60	28079060	8	"28079060_8_8"	9.000	"V"	"2026-08-25 21:00:00"
28	79	60	28079060	7	"28079060_7_8"	0.000	"V"	"2026-08-25 21:00:00"
28	79	60	28079060	14	"28079060_14_6"	90.000	"V"	"2026-08-25 21:00:00"
28	79	60	28079060	12	"28079060_12_8"	10.000	"V"	"2026-08-25 21:00:00"
28	79	60	28079060	10	"28079060_10_47"	9.000	"V"	"2026-08-25 21:00:00"
28	79	59	28079059	8	"28079059_8_8"	9.000	"V"	"2026-08-25 21:00:00"
28	79	59	28079059	7	"28079059_7_8"	1.000	"V"	"2026-08-25 21:00:00"
28	79	59	28079059	14	"28079059_14_6"	90.000	"V"	"2026-08-25 21:00:00"
28	79	59	28079059	12	"28079059_12_8"	10.000	"V"	"2026-08-25 21:00:00"
28	79	58	28079058	8	"28079058_8_8"	13.000	"V"	"2026-08-25 21:00:00"
28	79	58	28079058	7	"28079058_7_8"	2.000	"V"	"2026-08-25 21:00:00"
28	79	58	28079058	14	"28079058_14_6"	86.000	"V"	"2026-08-25 21:00:00"
28	79	58	28079058	12	"28079058_12_8"	16.000	"V"	"2026-08-25 21:00:00"
28	79	57	28079057	9	"28079057_9_A"	0.000	"V"	"2026-08-25 21:00:00"
28	79	57	28079057	8	"28079057_8_8"	8.000	"V"	"2026-08-25 21:00:00"
28	79	57	28079057	7	"28079057_7_8"	2.000	"V"	"2026-08-25 21:00:00"
28	79	57	28079057	12	"28079057_12_8"	10.000	"V"	"2026-08-25 21:00:00"
28	79	57	28079057	10	"28079057_10_47"	0.000	"V"	"2026-08-25 21:00:00"
28	79	56	28079056	9	"28079056_9_47"	14.000	"V"	"2026-08-25 21:00:00"
28	79	56	28079056	8	"28079056_8_8"	12.000	"V"	"2026-08-25 21:00:00"
28	79	56	28079056	7	"28079056_7_8"	1.000	"V"	"2026-08-25 21:00:00"
28	79	56	28079056	6	"28079056_6_48"	0.200	"V"	"2026-08-25 21:00:00"
28	79	56	28079056	12	"28079056_12_8"	13.000	"V"	"2026-08-25 21:00:00"
28	79	56	28079056	10	"28079056_10_47"	26.000	"V"	"2026-08-25 21:00:00"
28	79	54	28079054	9	"28079054_9_A"	6.000	"V"	"2026-08-25 21:00:00"
28	79	54	28079054	8	"28079054_8_8"	4.000	"V"	"2026-08-25 21:00:00"
28	79	54	28079054	7	"28079054_7_8"	1.000	"V"	"2026-08-25 21:00:00"
28	79	54	28079054	14	"28079054_14_6"	88.000	"V"	"2026-08-25 21:00:00"
28	79	54	28079054	12	"28079054_12_8"	6.000	"V"	"2026-08-25 21:00:00"
28	79	54	28079054	10	"28079054_10_A"	16.000	"V"	"2026-08-25 21:00:00"
28	79	50	28079050	9	"28079050_9_47"	0.000	"V"	"2026-08-25 21:00:00"
28	79	50	28079050	8	"28079050_8_8"	17.000	"V"	"2026-08-25 21:00:00"
28	79	50	28079050	7	"28079050_7_8"	5.000	"V"	"2026-08-25 21:00:00"
28	79	50	28079050	12	"28079050_12_8"	25.000	"V"	"2026-08-25 21:00:00"
28	79	50	28079050	10	"28079050_10_47"	0.000	"V"	"2026-08-25 21:00:00"
28	79	49	28079049	8	"28079049_8_8"	4.000	"V"	"2026-08-25 21:00:00"
28	79	49	28079049	7	"28079049_7_8"	0.000	"V"	"2026-08-25 21:00:00"
28	79	49	28079049	14	"28079049_14_6"	92.000	"V"	"2026-08-25 21:00:00"
28	79	49	28079049	12	"28079049_12_8"	4.000	"V"	"2026-08-25 21:00:00"
28	79	48	28079048	9	"28079048_9_47"	4.000	"V"	"2026-08-25 21:00:00"
28	79	48	28079048	8	"28079048_8_8"	4.000	"V"	"2026-08-25 21:00:00"
28	79	48	28079048	7	"28079048_7_8"	0.000	"V"	"2026-08-25 21:00:00"
28	79	48	28079048	12	"28079048_12_8"	4.000	"V"	"2026-08-25 21:00:00"
28	79	48	28079048	10	"28079048_10_47"	13.000	"V"	"2026-08-25 21:00:00"
28	79	47	28079047	9	"28079047_9_47"	6.000	"V"	"2026-08-25 21:00:00"
28	79	47	28079047	8	"28079047_8_8"	5.000	"V"	"2026-08-25 21:00:00"
28	79	47	28079047	7	"28079047_7_8"	1.000	"V"	"2026-08-25 21:00:00"
28	79	47	28079047	12	"28079047_12_8"	6.000	"V"	"2026-08-25 21:00:00"
28	79	47	28079047	10	"28079047_10_47"	15.000	"V"	"2026-08-25 21:00:00"
28	79	40	28079040	8	"28079040_8_8"	12.000	"V"	"2026-08-25 21:00:00"
28	79	40	28079040	7	"28079040_7_8"	2.000	"V"	"2026-08-25 21:00:00"
28	79	40	28079040	12	"28079040_12_8"	16.000	"V"	"2026-08-25 21:00:00"
28	79	40	28079040	10	"28079040_10_47"	20.000	"V"	"2026-08-25 21:00:00"
28	79	4	28079004	9	"28079004_9_A"	7.000	"V"	"2026-08-25 21:00:00"
28	79	4	28079004	8	"28079004_8_8"	10.000	"V"	"2026-08-25 21:00:00"
28	79	4	28079004	7	"28079004_7_8"	0.000	"V"	"2026-08-25 21:00:00"
28	79	4	28079004	6	"28079004_6_48"	0.200	"V"	"2026-08-25 21:00:00"
28	79	4	28079004	12	"28079004_12_8"	10.000	"V"	"2026-08-25 21:00:00"
28	79	4	28079004	10	"28079004_10_A"	27.000	"V"	"2026-08-25 21:00:00"
28	79	39	28079039	8	"28079039_8_8"	6.000	"V"	"2026-08-25 21:00:00"
28	79	39	28079039	7	"28079039_7_8"	0.000	"V"	"2026-08-25 21:00:00"
28	79	39	28079039	14	"28079039_14_6"	85.000	"V"	"2026-08-25 21:00:00"
28	79	39	28079039	12	"28079039_12_8"	6.000	"V"	"2026-08-25 21:00:00"
28	79	38	28079038	9	"28079038_9_47"	6.000	"V"	"2026-08-25 21:00:00"
28	79	38	28079038	8	"28079038_8_8"	10.000	"V"	"2026-08-25 21:00:00"
28	79	38	28079038	7	"28079038_7_8"	2.000	"V"	"2026-08-25 21:00:00"
28	79	38	28079038	35	"28079038_35_59"	0.100	"V"	"2026-08-25 21:00:00"
28	79	38	28079038	30	"28079038_30_59"	0.800	"V"	"2026-08-25 21:00:00"
28	79	38	28079038	20	"28079038_20_59"	1.300	"V"	"2026-08-25 21:00:00"
28	79	38	28079038	12	"28079038_12_8"	12.000	"V"	"2026-08-25 21:00:00"
28	79	38	28079038	10	"28079038_10_47"	13.000	"V"	"2026-08-25 21:00:00"
28	79	36	28079036	8	"28079036_8_8"	9.000	"V"	"2026-08-25 21:00:00"
28	79	36	28079036	7	"28079036_7_8"	1.000	"V"	"2026-08-25 21:00:00"
28	79	36	28079036	12	"28079036_12_8"	10.000	"V"	"2026-08-25 21:00:00"
28	79	36	28079036	10	"28079036_10_47"	12.000	"V"	"2026-08-25 21:00:00"
28	79	36	28079036	1	"28079036_1_38"	2.000	"V"	"2026-08-25 21:00:00"
28	79	35	28079035	8	"28079035_8_8"	14.000	"V"	"2026-08-25 21:00:00"
28	79	35	28079035	7	"28079035_7_8"	3.000	"V"	"2026-08-25 21:00:00"
28	79	35	28079035	6	"28079035_6_48"	0.300	"V"	"2026-08-25 21:00:00"
28	79	35	28079035	14	"28079035_14_6"	84.000	"V"	"2026-08-25 21:00:00"
28	79	35	28079035	12	"28079035_12_8"	18.000	"V"	"2026-08-25 21:00:00"
28	79	35	28079035	1	"28079035_1_38"	4.000	"V"	"2026-08-25 21:00:00"
28	79	27	28079027	8	"28079027_8_8"	6.000	"V"	"2026-08-25 21:00:00"
28	79	27	28079027	7	"28079027_7_8"	1.000	"V"	"2026-08-25 21:00:00"
28	79	27	28079027	14	"28079027_14_6"	91.000	"V"	"2026-08-25 21:00:00"
28	79	27	28079027	12	"28079027_12_8"	8.000	"V"	"2026-08-25 21:00:00"
28	79	24	28079024	9	"28079024_9_47"	0.000	"V"	"2026-08-25 21:00:00"
28	79	24	28079024	8	"28079024_8_8"	0.000	"V"	"2026-08-25 21:00:00"
28	79	24	28079024	7	"28079024_7_8"	1.000	"V"	"2026-08-25 21:00:00"
28	79	24	28079024	14	"28079024_14_6"	107.000	"V"	"2026-08-25 21:00:00"
28	79	24	28079024	12	"28079024_12_8"	1.000	"V"	"2026-08-25 21:00:00"
28	79	24	28079024	10	"28079024_10_47"	0.000	"V"	"2026-08-25 21:00:00"
28	79	18	28079018	8	"28079018_8_8"	11.000	"V"	"2026-08-25 21:00:00"
28	79	18	28079018	7	"28079018_7_8"	1.000	"V"	"2026-08-25 21:00:00"
28	79	18	28079018	35	"28079018_35_59"	0.400	"V"	"2026-08-25 21:00:00"
28	79	18	28079018	30	"28079018_30_59"	0.200	"V"	"2026-08-25 21:00:00"
28	79	18	28079018	20	"28079018_20_59"	0.500	"V"	"2026-08-25 21:00:00"
28	79	18	28079018	14	"28079018_14_6"	81.000	"V"	"2026-08-25 21:00:00"
28	79	18	28079018	10	"28079018_10_47"	24.000	"V"	"2026-08-25 21:00:00"
28	79	18	28079018	12	"28079018_12_8"	12.000	"V"	"2026-08-25 21:00:00"
28	79	17	28079017	8	"28079017_8_8"	13.000	"V"	"2026-08-25 21:00:00"
28	79	17	28079017	14	"28079017_14_6"	84.000	"V"	"2026-08-25 21:00:00"
28	79	17	28079017	7	"28079017_7_8"	2.000	"V"	"2026-08-25 21:00:00"
28	79	17	28079017	12	"28079017_12_8"	16.000	"V"	"2026-08-25 21:00:00"
28	79	16	28079016	8	"28079016_8_8"	10.000	"V"	"2026-08-25 21:00:00"
28	79	16	28079016	7	"28079016_7_8"	1.000	"V"	"2026-08-25 21:00:00"
28	79	16	28079016	14	"28079016_14_6"	86.000	"V"	"2026-08-25 21:00:00"
28	79	16	28079016	12	"28079016_12_8"	11.000	"V"	"2026-08-25 21:00:00"
28	79	11	28079011	8	"28079011_8_8"	13.000	"V"	"2026-08-25 21:00:00"
28	79	11	28079011	7	"28079011_7_8"	2.000	"V"	"2026-08-25 21:00:00"
28	79	11	28079011	12	"28079011_12_8"	16.000	"V"	"2026-08-25 21:00:00"
28	79	8	28079008	9	"28079008_9_47"	11.000	"V"	"2026-08-25 20:00:00"
28	79	8	28079008	8	"28079008_8_8"	9.000	"V"	"2026-08-25 20:00:00"
28	79	8	28079008	7	"28079008_7_8"	0.000	"V"	"2026-08-25 20:00:00"
28	79	8	28079008	6	"28079008_6_48"	0.200	"V"	"2026-08-25 20:00:00"
28	79	8	28079008	35	"28079008_35_59"	0.100	"V"	"2026-08-25 20:00:00"
28	79	8	28079008	30	"28079008_30_59"	0.200	"V"	"2026-08-25 20:00:00"
28	79	8	28079008	20	"28079008_20_59"	0.900	"V"	"2026-08-25 20:00:00"
28	79	8	28079008	14	"28079008_14_6"	87.000	"V"	"2026-08-25 20:00:00"
28	79	8	28079008	12	"28079008_12_8"	9.000	"V"	"2026-08-25 20:00:00"
28	79	8	28079008	10	"28079008_10_47"	27.000	"V"	"2026-08-25 20:00:00"
28	79	8	28079008	1	"28079008_1_38"	2.000	"V"	"2026-08-25 20:00:00"
28	79	60	28079060	9	"28079060_9_A"	4.000	"V"	"2026-08-25 20:00:00"
28	79	60	28079060	8	"28079060_8_8"	6.000	"V"	"2026-08-25 20:00:00"
28	79	60	28079060	7	"28079060_7_8"	0.000	"V"	"2026-08-25 20:00:00"
28	79	60	28079060	14	"28079060_14_6"	96.000	"V"	"2026-08-25 20:00:00"
28	79	60	28079060	12	"28079060_12_8"	6.000	"V"	"2026-08-25 20:00:00"
28	79	60	28079060	10	"28079060_10_47"	8.000	"V"	"2026-08-25 20:00:00"
28	79	59	28079059	8	"28079059_8_8"	5.000	"V"	"2026-08-25 20:00:00"
28	79	59	28079059	7	"28079059_7_8"	1.000	"V"	"2026-08-25 20:00:00"
28	79	59	28079059	14	"28079059_14_6"	95.000	"V"	"2026-08-25 20:00:00"
28	79	59	28079059	12	"28079059_12_8"	7.000	"V"	"2026-08-25 20:00:00"
28	79	58	28079058	8	"28079058_8_8"	6.000	"V"	"2026-08-25 20:00:00"
28	79	58	28079058	7	"28079058_7_8"	1.000	"V"	"2026-08-25 20:00:00"
28	79	58	28079058	14	"28079058_14_6"	97.000	"V"	"2026-08-25 20:00:00"
28	79	58	28079058	12	"28079058_12_8"	8.000	"V"	"2026-08-25 20:00:00"
28	79	57	28079057	9	"28079057_9_A"	0.000	"V"	"2026-08-25 20:00:00"
28	79	57	28079057	8	"28079057_8_8"	5.000	"V"	"2026-08-25 20:00:00"
28	79	57	28079057	7	"28079057_7_8"	2.000	"V"	"2026-08-25 20:00:00"
28	79	57	28079057	12	"28079057_12_8"	7.000	"V"	"2026-08-25 20:00:00"
28	79	57	28079057	10	"28079057_10_47"	0.000	"V"	"2026-08-25 20:00:00"
28	79	56	28079056	9	"28079056_9_47"	7.000	"V"	"2026-08-25 20:00:00"
28	79	56	28079056	8	"28079056_8_8"	14.000	"V"	"2026-08-25 20:00:00"
28	79	56	28079056	7	"28079056_7_8"	7.000	"V"	"2026-08-25 20:00:00"
28	79	56	28079056	6	"28079056_6_48"	0.200	"V"	"2026-08-25 20:00:00"
28	79	56	28079056	12	"28079056_12_8"	24.000	"V"	"2026-08-25 20:00:00"
28	79	56	28079056	10	"28079056_10_47"	15.000	"V"	"2026-08-25 20:00:00"
28	79	54	28079054	9	"28079054_9_A"	6.000	"V"	"2026-08-25 20:00:00"
28	79	54	28079054	8	"28079054_8_8"	3.000	"V"	"2026-08-25 20:00:00"
28	79	54	28079054	7	"28079054_7_8"	2.000	"V"	"2026-08-25 20:00:00"
28	79	54	28079054	14	"28079054_14_6"	91.000	"V"	"2026-08-25 20:00:00"
28	79	54	28079054	12	"28079054_12_8"	6.000	"V"	"2026-08-25 20:00:00"
28	79	54	28079054	10	"28079054_10_A"	13.000	"V"	"2026-08-25 20:00:00"
28	79	50	28079050	9	"28079050_9_47"	0.000	"V"	"2026-08-25 20:00:00"
28	79	50	28079050	8	"28079050_8_8"	12.000	"V"	"2026-08-25 20:00:00"
28	79	50	28079050	7	"28079050_7_8"	3.000	"V"	"2026-08-25 20:00:00"
28	79	50	28079050	12	"28079050_12_8"	17.000	"V"	"2026-08-25 20:00:00"
28	79	50	28079050	10	"28079050_10_47"	0.000	"V"	"2026-08-25 20:00:00"
28	79	49	28079049	8	"28079049_8_8"	4.000	"V"	"2026-08-25 20:00:00"
28	79	49	28079049	7	"28079049_7_8"	0.000	"V"	"2026-08-25 20:00:00"
28	79	49	28079049	14	"28079049_14_6"	93.000	"V"	"2026-08-25 20:00:00"
28	79	49	28079049	12	"28079049_12_8"	5.000	"V"	"2026-08-25 20:00:00"
28	79	48	28079048	9	"28079048_9_47"	2.000	"V"	"2026-08-25 20:00:00"
28	79	48	28079048	8	"28079048_8_8"	2.000	"V"	"2026-08-25 20:00:00"
28	79	48	28079048	7	"28079048_7_8"	0.000	"V"	"2026-08-25 20:00:00"
28	79	48	28079048	12	"28079048_12_8"	2.000	"V"	"2026-08-25 20:00:00"
28	79	48	28079048	10	"28079048_10_47"	8.000	"V"	"2026-08-25 20:00:00"
28	79	47	28079047	9	"28079047_9_47"	4.000	"V"	"2026-08-25 20:00:00"
28	79	47	28079047	8	"28079047_8_8"	5.000	"V"	"2026-08-25 20:00:00"
28	79	47	28079047	7	"28079047_7_8"	1.000	"V"	"2026-08-25 20:00:00"
28	79	47	28079047	12	"28079047_12_8"	6.000	"V"	"2026-08-25 20:00:00"
28	79	47	28079047	10	"28079047_10_47"	10.000	"V"	"2026-08-25 20:00:00"
28	79	40	28079040	8	"28079040_8_8"	12.000	"V"	"2026-08-25 20:00:00"
28	79	40	28079040	7	"28079040_7_8"	8.000	"V"	"2026-08-25 20:00:00"
28	79	40	28079040	12	"28079040_12_8"	23.000	"V"	"2026-08-25 20:00:00"
28	79	40	28079040	10	"28079040_10_47"	15.000	"V"	"2026-08-25 20:00:00"
28	79	4	28079004	9	"28079004_9_A"	6.000	"V"	"2026-08-25 20:00:00"
28	79	4	28079004	8	"28079004_8_8"	8.000	"V"	"2026-08-25 20:00:00"
28	79	4	28079004	7	"28079004_7_8"	1.000	"V"	"2026-08-25 20:00:00"
28	79	4	28079004	6	"28079004_6_48"	0.200	"V"	"2026-08-25 20:00:00"
28	79	4	28079004	12	"28079004_12_8"	10.000	"V"	"2026-08-25 20:00:00"
28	79	4	28079004	10	"28079004_10_A"	19.000	"V"	"2026-08-25 20:00:00"
28	79	39	28079039	8	"28079039_8_8"	4.000	"V"	"2026-08-25 20:00:00"
28	79	39	28079039	7	"28079039_7_8"	0.000	"V"	"2026-08-25 20:00:00"
28	79	39	28079039	14	"28079039_14_6"	90.000	"V"	"2026-08-25 20:00:00"
28	79	39	28079039	12	"28079039_12_8"	5.000	"V"	"2026-08-25 20:00:00"
28	79	38	28079038	9	"28079038_9_47"	7.000	"V"	"2026-08-25 20:00:00"
28	79	38	28079038	8	"28079038_8_8"	11.000	"V"	"2026-08-25 20:00:00"
28	79	38	28079038	7	"28079038_7_8"	3.000	"V"	"2026-08-25 20:00:00"
28	79	38	28079038	35	"28079038_35_59"	0.100	"V"	"2026-08-25 20:00:00"
28	79	38	28079038	30	"28079038_30_59"	0.500	"V"	"2026-08-25 20:00:00"
28	79	38	28079038	20	"28079038_20_59"	0.800	"V"	"2026-08-25 20:00:00"
28	79	38	28079038	12	"28079038_12_8"	15.000	"V"	"2026-08-25 20:00:00"
28	79	38	28079038	10	"28079038_10_47"	13.000	"V"	"2026-08-25 20:00:00"
28	79	36	28079036	8	"28079036_8_8"	6.000	"V"	"2026-08-25 20:00:00"
28	79	36	28079036	7	"28079036_7_8"	0.000	"V"	"2026-08-25 20:00:00"
28	79	36	28079036	12	"28079036_12_8"	6.000	"V"	"2026-08-25 20:00:00"
28	79	36	28079036	10	"28079036_10_47"	10.000	"V"	"2026-08-25 20:00:00"
28	79	36	28079036	1	"28079036_1_38"	2.000	"V"	"2026-08-25 20:00:00"
28	79	35	28079035	8	"28079035_8_8"	8.000	"V"	"2026-08-25 20:00:00"
28	79	35	28079035	7	"28079035_7_8"	2.000	"V"	"2026-08-25 20:00:00"
28	79	35	28079035	6	"28079035_6_48"	0.200	"V"	"2026-08-25 20:00:00"
28	79	35	28079035	14	"28079035_14_6"	91.000	"V"	"2026-08-25 20:00:00"
28	79	35	28079035	12	"28079035_12_8"	11.000	"V"	"2026-08-25 20:00:00"
28	79	35	28079035	1	"28079035_1_38"	4.000	"V"	"2026-08-25 20:00:00"
28	79	27	28079027	8	"28079027_8_8"	6.000	"V"	"2026-08-25 20:00:00"
28	79	27	28079027	7	"28079027_7_8"	1.000	"V"	"2026-08-25 20:00:00"
28	79	27	28079027	14	"28079027_14_6"	95.000	"V"	"2026-08-25 20:00:00"
28	79	27	28079027	12	"28079027_12_8"	7.000	"V"	"2026-08-25 20:00:00"
28	79	24	28079024	9	"28079024_9_47"	0.000	"V"	"2026-08-25 20:00:00"
28	79	24	28079024	8	"28079024_8_8"	0.000	"V"	"2026-08-25 20:00:00"
28	79	24	28079024	7	"28079024_7_8"	1.000	"V"	"2026-08-25 20:00:00"
28	79	24	28079024	14	"28079024_14_6"	104.000	"V"	"2026-08-25 20:00:00"
28	79	24	28079024	12	"28079024_12_8"	1.000	"V"	"2026-08-25 20:00:00"
28	79	24	28079024	10	"28079024_10_47"	0.000	"V"	"2026-08-25 20:00:00"
28	79	18	28079018	8	"28079018_8_8"	7.000	"V"	"2026-08-25 20:00:00"
28	79	18	28079018	7	"28079018_7_8"	1.000	"V"	"2026-08-25 20:00:00"
28	79	18	28079018	35	"28079018_35_59"	0.300	"V"	"2026-08-25 20:00:00"
28	79	18	28079018	30	"28079018_30_59"	0.100	"V"	"2026-08-25 20:00:00"
28	79	18	28079018	20	"28079018_20_59"	0.200	"V"	"2026-08-25 20:00:00"
28	79	18	28079018	14	"28079018_14_6"	85.000	"V"	"2026-08-25 20:00:00"
28	79	18	28079018	12	"28079018_12_8"	9.000	"V"	"2026-08-25 20:00:00"
28	79	18	28079018	10	"28079018_10_47"	10.000	"V"	"2026-08-25 20:00:00"
28	79	17	28079017	8	"28079017_8_8"	9.000	"V"	"2026-08-25 20:00:00"
28	79	17	28079017	14	"28079017_14_6"	89.000	"V"	"2026-08-25 20:00:00"
28	79	17	28079017	7	"28079017_7_8"	2.000	"V"	"2026-08-25 20:00:00"
28	79	17	28079017	12	"28079017_12_8"	12.000	"V"	"2026-08-25 20:00:00"
28	79	16	28079016	8	"28079016_8_8"	8.000	"V"	"2026-08-25 20:00:00"
28	79	16	28079016	14	"28079016_14_6"	89.000	"V"	"2026-08-25 20:00:00"
28	79	16	28079016	7	"28079016_7_8"	1.000	"V"	"2026-08-25 20:00:00"
28	79	16	28079016	12	"28079016_12_8"	9.000	"V"	"2026-08-25 20:00:00"
28	79	11	28079011	8	"28079011_8_8"	10.000	"V"	"2026-08-25 20:00:00"
28	79	11	28079011	7	"28079011_7_8"	1.000	"V"	"2026-08-25 20:00:00"
28	79	11	28079011	12	"28079011_12_8"	12.000	"V"	"2026-08-25 20:00:00"
28	79	8	28079008	9	"28079008_9_47"	10.000	"V"	"2026-08-25 19:00:00"
28	79	8	28079008	8	"28079008_8_8"	8.000	"V"	"2026-08-25 19:00:00"
28	79	8	28079008	7	"28079008_7_8"	0.000	"V"	"2026-08-25 19:00:00"
28	79	8	28079008	6	"28079008_6_48"	0.200	"V"	"2026-08-25 19:00:00"
28	79	8	28079008	35	"28079008_35_59"	0.100	"V"	"2026-08-25 19:00:00"
28	79	8	28079008	30	"28079008_30_59"	0.200	"V"	"2026-08-25 19:00:00"
28	79	8	28079008	20	"28079008_20_59"	0.800	"V"	"2026-08-25 19:00:00"
28	79	8	28079008	14	"28079008_14_6"	92.000	"V"	"2026-08-25 19:00:00"
28	79	8	28079008	12	"28079008_12_8"	8.000	"V"	"2026-08-25 19:00:00"
28	79	8	28079008	10	"28079008_10_47"	21.000	"V"	"2026-08-25 19:00:00"
28	79	8	28079008	1	"28079008_1_38"	2.000	"V"	"2026-08-25 19:00:00"
28	79	60	28079060	9	"28079060_9_A"	3.000	"V"	"2026-08-25 19:00:00"
28	79	60	28079060	8	"28079060_8_8"	4.000	"V"	"2026-08-25 19:00:00"
28	79	60	28079060	7	"28079060_7_8"	0.000	"V"	"2026-08-25 19:00:00"
28	79	60	28079060	14	"28079060_14_6"	99.000	"V"	"2026-08-25 19:00:00"
28	79	60	28079060	12	"28079060_12_8"	4.000	"V"	"2026-08-25 19:00:00"
28	79	60	28079060	10	"28079060_10_47"	7.000	"V"	"2026-08-25 19:00:00"
28	79	59	28079059	8	"28079059_8_8"	4.000	"V"	"2026-08-25 19:00:00"
28	79	59	28079059	7	"28079059_7_8"	1.000	"V"	"2026-08-25 19:00:00"
28	79	59	28079059	14	"28079059_14_6"	99.000	"V"	"2026-08-25 19:00:00"
28	79	59	28079059	12	"28079059_12_8"	6.000	"V"	"2026-08-25 19:00:00"
28	79	58	28079058	8	"28079058_8_8"	3.000	"V"	"2026-08-25 19:00:00"
28	79	58	28079058	7	"28079058_7_8"	0.000	"V"	"2026-08-25 19:00:00"
28	79	58	28079058	14	"28079058_14_6"	101.000	"V"	"2026-08-25 19:00:00"
28	79	58	28079058	12	"28079058_12_8"	3.000	"V"	"2026-08-25 19:00:00"
28	79	57	28079057	9	"28079057_9_A"	0.000	"V"	"2026-08-25 19:00:00"
28	79	57	28079057	8	"28079057_8_8"	3.000	"V"	"2026-08-25 19:00:00"
28	79	57	28079057	7	"28079057_7_8"	1.000	"V"	"2026-08-25 19:00:00"
28	79	57	28079057	12	"28079057_12_8"	5.000	"V"	"2026-08-25 19:00:00"
28	79	57	28079057	10	"28079057_10_47"	0.000	"V"	"2026-08-25 19:00:00"
28	79	56	28079056	9	"28079056_9_47"	7.000	"V"	"2026-08-25 19:00:00"
28	79	56	28079056	8	"28079056_8_8"	14.000	"V"	"2026-08-25 19:00:00"
28	79	56	28079056	6	"28079056_6_48"	0.200	"V"	"2026-08-25 19:00:00"
28	79	56	28079056	12	"28079056_12_8"	23.000	"V"	"2026-08-25 19:00:00"
28	79	56	28079056	10	"28079056_10_47"	20.000	"V"	"2026-08-25 19:00:00"
28	79	54	28079054	9	"28079054_9_A"	8.000	"V"	"2026-08-25 19:00:00"
28	79	54	28079054	8	"28079054_8_8"	2.000	"V"	"2026-08-25 19:00:00"
28	79	54	28079054	7	"28079054_7_8"	2.000	"V"	"2026-08-25 19:00:00"
28	79	54	28079054	14	"28079054_14_6"	95.000	"V"	"2026-08-25 19:00:00"
28	79	54	28079054	12	"28079054_12_8"	5.000	"V"	"2026-08-25 19:00:00"
28	79	54	28079054	10	"28079054_10_A"	15.000	"V"	"2026-08-25 19:00:00"
28	79	50	28079050	9	"28079050_9_47"	0.000	"V"	"2026-08-25 19:00:00"
28	79	50	28079050	8	"28079050_8_8"	10.000	"V"	"2026-08-25 19:00:00"
28	79	50	28079050	7	"28079050_7_8"	4.000	"V"	"2026-08-25 19:00:00"
28	79	50	28079050	12	"28079050_12_8"	16.000	"V"	"2026-08-25 19:00:00"
28	79	50	28079050	10	"28079050_10_47"	0.000	"V"	"2026-08-25 19:00:00"
28	79	49	28079049	8	"28079049_8_8"	2.000	"V"	"2026-08-25 19:00:00"
28	79	49	28079049	7	"28079049_7_8"	0.000	"V"	"2026-08-25 19:00:00"
28	79	49	28079049	14	"28079049_14_6"	96.000	"V"	"2026-08-25 19:00:00"
28	79	49	28079049	12	"28079049_12_8"	3.000	"V"	"2026-08-25 19:00:00"
28	79	48	28079048	9	"28079048_9_47"	3.000	"V"	"2026-08-25 19:00:00"
28	79	48	28079048	8	"28079048_8_8"	2.000	"V"	"2026-08-25 19:00:00"
28	79	48	28079048	7	"28079048_7_8"	0.000	"V"	"2026-08-25 19:00:00"
28	79	48	28079048	12	"28079048_12_8"	2.000	"V"	"2026-08-25 19:00:00"
28	79	48	28079048	10	"28079048_10_47"	9.000	"V"	"2026-08-25 19:00:00"
28	79	47	28079047	9	"28079047_9_47"	0.000	"N"	"2026-08-25 19:00:00"
28	79	47	28079047	8	"28079047_8_8"	2.000	"V"	"2026-08-25 19:00:00"
28	79	47	28079047	7	"28079047_7_8"	1.000	"V"	"2026-08-25 19:00:00"
28	79	47	28079047	12	"28079047_12_8"	3.000	"V"	"2026-08-25 19:00:00"
28	79	47	28079047	10	"28079047_10_47"	0.000	"N"	"2026-08-25 19:00:00"
28	79	40	28079040	8	"28079040_8_8"	8.000	"V"	"2026-08-25 19:00:00"
28	79	40	28079040	7	"28079040_7_8"	2.000	"V"	"2026-08-25 19:00:00"
28	79	40	28079040	12	"28079040_12_8"	12.000	"V"	"2026-08-25 19:00:00"
28	79	40	28079040	10	"28079040_10_47"	17.000	"V"	"2026-08-25 19:00:00"
28	79	4	28079004	9	"28079004_9_A"	5.000	"V"	"2026-08-25 19:00:00"
28	79	4	28079004	8	"28079004_8_8"	7.000	"V"	"2026-08-25 19:00:00"
28	79	4	28079004	7	"28079004_7_8"	1.000	"V"	"2026-08-25 19:00:00"
28	79	4	28079004	6	"28079004_6_48"	0.200	"V"	"2026-08-25 19:00:00"
28	79	4	28079004	12	"28079004_12_8"	9.000	"V"	"2026-08-25 19:00:00"
28	79	4	28079004	10	"28079004_10_A"	13.000	"V"	"2026-08-25 19:00:00"
28	79	39	28079039	8	"28079039_8_8"	1.000	"V"	"2026-08-25 19:00:00"
28	79	39	28079039	7	"28079039_7_8"	0.000	"V"	"2026-08-25 19:00:00"
28	79	39	28079039	14	"28079039_14_6"	94.000	"V"	"2026-08-25 19:00:00"
28	79	39	28079039	12	"28079039_12_8"	1.000	"V"	"2026-08-25 19:00:00"
28	79	38	28079038	9	"28079038_9_47"	6.000	"V"	"2026-08-25 19:00:00"
28	79	38	28079038	8	"28079038_8_8"	8.000	"V"	"2026-08-25 19:00:00"
28	79	38	28079038	7	"28079038_7_8"	2.000	"V"	"2026-08-25 19:00:00"
28	79	38	28079038	35	"28079038_35_59"	0.100	"V"	"2026-08-25 19:00:00"
28	79	38	28079038	30	"28079038_30_59"	0.600	"V"	"2026-08-25 19:00:00"
28	79	38	28079038	20	"28079038_20_59"	0.800	"V"	"2026-08-25 19:00:00"
28	79	38	28079038	12	"28079038_12_8"	12.000	"V"	"2026-08-25 19:00:00"
28	79	38	28079038	10	"28079038_10_47"	14.000	"V"	"2026-08-25 19:00:00"
28	79	36	28079036	8	"28079036_8_8"	6.000	"V"	"2026-08-25 19:00:00"
28	79	36	28079036	7	"28079036_7_8"	0.000	"V"	"2026-08-25 19:00:00"
28	79	36	28079036	12	"28079036_12_8"	6.000	"V"	"2026-08-25 19:00:00"
28	79	36	28079036	10	"28079036_10_47"	9.000	"V"	"2026-08-25 19:00:00"
28	79	36	28079036	1	"28079036_1_38"	2.000	"V"	"2026-08-25 19:00:00"
28	79	35	28079035	8	"28079035_8_8"	7.000	"V"	"2026-08-25 19:00:00"
28	79	35	28079035	7	"28079035_7_8"	2.000	"V"	"2026-08-25 19:00:00"
28	79	35	28079035	6	"28079035_6_48"	0.200	"V"	"2026-08-25 19:00:00"
28	79	35	28079035	14	"28079035_14_6"	94.000	"V"	"2026-08-25 19:00:00"
28	79	35	28079035	12	"28079035_12_8"	9.000	"V"	"2026-08-25 19:00:00"
28	79	35	28079035	1	"28079035_1_38"	4.000	"V"	"2026-08-25 19:00:00"
28	79	27	28079027	8	"28079027_8_8"	5.000	"V"	"2026-08-25 19:00:00"
28	79	27	28079027	7	"28079027_7_8"	1.000	"V"	"2026-08-25 19:00:00"
28	79	27	28079027	14	"28079027_14_6"	99.000	"V"	"2026-08-25 19:00:00"
28	79	27	28079027	12	"28079027_12_8"	6.000	"V"	"2026-08-25 19:00:00"
28	79	24	28079024	9	"28079024_9_47"	0.000	"V"	"2026-08-25 19:00:00"
28	79	24	28079024	8	"28079024_8_8"	0.000	"V"	"2026-08-25 19:00:00"
28	79	24	28079024	7	"28079024_7_8"	1.000	"V"	"2026-08-25 19:00:00"
28	79	24	28079024	14	"28079024_14_6"	103.000	"V"	"2026-08-25 19:00:00"
28	79	24	28079024	12	"28079024_12_8"	1.000	"V"	"2026-08-25 19:00:00"
28	79	24	28079024	10	"28079024_10_47"	0.000	"V"	"2026-08-25 19:00:00"
28	79	18	28079018	8	"28079018_8_8"	5.000	"V"	"2026-08-25 19:00:00"
28	79	56	28079056	7	"28079056_7_8"	6.000	"V"	"2026-08-25 19:00:00"
28	79	18	28079018	7	"28079018_7_8"	0.000	"V"	"2026-08-25 19:00:00"
28	79	18	28079018	35	"28079018_35_59"	0.200	"V"	"2026-08-25 19:00:00"
28	79	18	28079018	30	"28079018_30_59"	0.100	"V"	"2026-08-25 19:00:00"
28	79	18	28079018	20	"28079018_20_59"	0.500	"V"	"2026-08-25 19:00:00"
28	79	18	28079018	14	"28079018_14_6"	90.000	"V"	"2026-08-25 19:00:00"
28	79	18	28079018	12	"28079018_12_8"	6.000	"V"	"2026-08-25 19:00:00"
28	79	18	28079018	10	"28079018_10_47"	10.000	"V"	"2026-08-25 19:00:00"
28	79	17	28079017	8	"28079017_8_8"	6.000	"V"	"2026-08-25 19:00:00"
28	79	17	28079017	14	"28079017_14_6"	93.000	"V"	"2026-08-25 19:00:00"
28	79	17	28079017	7	"28079017_7_8"	2.000	"V"	"2026-08-25 19:00:00"
28	79	17	28079017	12	"28079017_12_8"	9.000	"V"	"2026-08-25 19:00:00"
28	79	16	28079016	8	"28079016_8_8"	6.000	"V"	"2026-08-25 19:00:00"
28	79	16	28079016	14	"28079016_14_6"	95.000	"V"	"2026-08-25 19:00:00"
28	79	16	28079016	7	"28079016_7_8"	1.000	"V"	"2026-08-25 19:00:00"
28	79	16	28079016	12	"28079016_12_8"	7.000	"V"	"2026-08-25 19:00:00"
28	79	11	28079011	8	"28079011_8_8"	8.000	"V"	"2026-08-25 19:00:00"
28	79	11	28079011	7	"28079011_7_8"	1.000	"V"	"2026-08-25 19:00:00"
28	79	11	28079011	12	"28079011_12_8"	10.000	"V"	"2026-08-25 19:00:00"
28	79	8	28079008	9	"28079008_9_47"	6.000	"V"	"2026-08-25 18:00:00"
28	79	8	28079008	8	"28079008_8_8"	9.000	"V"	"2026-08-25 18:00:00"
28	79	8	28079008	7	"28079008_7_8"	0.000	"V"	"2026-08-25 18:00:00"
28	79	8	28079008	6	"28079008_6_48"	0.200	"V"	"2026-08-25 18:00:00"
28	79	8	28079008	35	"28079008_35_59"	0.100	"V"	"2026-08-25 18:00:00"
28	79	8	28079008	30	"28079008_30_59"	0.200	"V"	"2026-08-25 18:00:00"
28	79	8	28079008	20	"28079008_20_59"	1.000	"V"	"2026-08-25 18:00:00"
28	79	8	28079008	14	"28079008_14_6"	94.000	"V"	"2026-08-25 18:00:00"
28	79	8	28079008	12	"28079008_12_8"	9.000	"V"	"2026-08-25 18:00:00"
28	79	8	28079008	10	"28079008_10_47"	13.000	"V"	"2026-08-25 18:00:00"
28	79	8	28079008	1	"28079008_1_38"	2.000	"V"	"2026-08-25 18:00:00"
28	79	60	28079060	9	"28079060_9_A"	3.000	"V"	"2026-08-25 18:00:00"
28	79	60	28079060	8	"28079060_8_8"	3.000	"V"	"2026-08-25 18:00:00"
28	79	60	28079060	7	"28079060_7_8"	0.000	"V"	"2026-08-25 18:00:00"
28	79	60	28079060	14	"28079060_14_6"	100.000	"V"	"2026-08-25 18:00:00"
28	79	60	28079060	12	"28079060_12_8"	3.000	"V"	"2026-08-25 18:00:00"
28	79	60	28079060	10	"28079060_10_47"	7.000	"V"	"2026-08-25 18:00:00"
28	79	59	28079059	8	"28079059_8_8"	3.000	"V"	"2026-08-25 18:00:00"
28	79	59	28079059	7	"28079059_7_8"	2.000	"V"	"2026-08-25 18:00:00"
28	79	59	28079059	14	"28079059_14_6"	98.000	"V"	"2026-08-25 18:00:00"
28	79	59	28079059	12	"28079059_12_8"	6.000	"V"	"2026-08-25 18:00:00"
28	79	58	28079058	8	"28079058_8_8"	2.000	"V"	"2026-08-25 18:00:00"
28	79	58	28079058	7	"28079058_7_8"	0.000	"V"	"2026-08-25 18:00:00"
28	79	58	28079058	14	"28079058_14_6"	101.000	"V"	"2026-08-25 18:00:00"
28	79	58	28079058	12	"28079058_12_8"	2.000	"V"	"2026-08-25 18:00:00"
28	79	57	28079057	9	"28079057_9_A"	0.000	"V"	"2026-08-25 18:00:00"
28	79	57	28079057	8	"28079057_8_8"	2.000	"V"	"2026-08-25 18:00:00"
28	79	57	28079057	7	"28079057_7_8"	1.000	"V"	"2026-08-25 18:00:00"
28	79	57	28079057	12	"28079057_12_8"	4.000	"V"	"2026-08-25 18:00:00"
28	79	57	28079057	10	"28079057_10_47"	0.000	"V"	"2026-08-25 18:00:00"
28	79	56	28079056	9	"28079056_9_47"	13.000	"V"	"2026-08-25 18:00:00"
28	79	56	28079056	8	"28079056_8_8"	7.000	"V"	"2026-08-25 18:00:00"
28	79	56	28079056	7	"28079056_7_8"	3.000	"V"	"2026-08-25 18:00:00"
28	79	56	28079056	6	"28079056_6_48"	0.100	"V"	"2026-08-25 18:00:00"
28	79	56	28079056	12	"28079056_12_8"	11.000	"V"	"2026-08-25 18:00:00"
28	79	56	28079056	10	"28079056_10_47"	32.000	"V"	"2026-08-25 18:00:00"
28	79	54	28079054	9	"28079054_9_A"	5.000	"V"	"2026-08-25 18:00:00"
28	79	54	28079054	8	"28079054_8_8"	0.000	"V"	"2026-08-25 18:00:00"
28	79	54	28079054	7	"28079054_7_8"	1.000	"V"	"2026-08-25 18:00:00"
28	79	54	28079054	14	"28079054_14_6"	97.000	"V"	"2026-08-25 18:00:00"
28	79	54	28079054	12	"28079054_12_8"	3.000	"V"	"2026-08-25 18:00:00"
28	79	54	28079054	10	"28079054_10_A"	15.000	"V"	"2026-08-25 18:00:00"
28	79	50	28079050	9	"28079050_9_47"	0.000	"V"	"2026-08-25 18:00:00"
28	79	50	28079050	8	"28079050_8_8"	6.000	"V"	"2026-08-25 18:00:00"
28	79	50	28079050	7	"28079050_7_8"	2.000	"V"	"2026-08-25 18:00:00"
28	79	50	28079050	12	"28079050_12_8"	9.000	"V"	"2026-08-25 18:00:00"
28	79	50	28079050	10	"28079050_10_47"	0.000	"V"	"2026-08-25 18:00:00"
28	79	49	28079049	8	"28079049_8_8"	3.000	"V"	"2026-08-25 18:00:00"
28	79	49	28079049	7	"28079049_7_8"	0.000	"V"	"2026-08-25 18:00:00"
28	79	49	28079049	14	"28079049_14_6"	96.000	"V"	"2026-08-25 18:00:00"
28	79	49	28079049	12	"28079049_12_8"	3.000	"V"	"2026-08-25 18:00:00"
28	79	48	28079048	9	"28079048_9_47"	6.000	"V"	"2026-08-25 18:00:00"
28	79	48	28079048	8	"28079048_8_8"	2.000	"V"	"2026-08-25 18:00:00"
28	79	48	28079048	7	"28079048_7_8"	0.000	"V"	"2026-08-25 18:00:00"
28	79	48	28079048	12	"28079048_12_8"	2.000	"V"	"2026-08-25 18:00:00"
28	79	48	28079048	10	"28079048_10_47"	12.000	"V"	"2026-08-25 18:00:00"
28	79	47	28079047	9	"28079047_9_47"	0.000	"N"	"2026-08-25 18:00:00"
28	79	47	28079047	8	"28079047_8_8"	2.000	"V"	"2026-08-25 18:00:00"
28	79	47	28079047	7	"28079047_7_8"	1.000	"V"	"2026-08-25 18:00:00"
28	79	47	28079047	12	"28079047_12_8"	3.000	"V"	"2026-08-25 18:00:00"
28	79	47	28079047	10	"28079047_10_47"	0.000	"N"	"2026-08-25 18:00:00"
28	79	40	28079040	8	"28079040_8_8"	7.000	"V"	"2026-08-25 18:00:00"
28	79	40	28079040	7	"28079040_7_8"	2.000	"V"	"2026-08-25 18:00:00"
28	79	40	28079040	12	"28079040_12_8"	9.000	"V"	"2026-08-25 18:00:00"
28	79	40	28079040	10	"28079040_10_47"	25.000	"V"	"2026-08-25 18:00:00"
28	79	4	28079004	9	"28079004_9_A"	4.000	"V"	"2026-08-25 18:00:00"
28	79	4	28079004	8	"28079004_8_8"	5.000	"V"	"2026-08-25 18:00:00"
28	79	4	28079004	7	"28079004_7_8"	1.000	"V"	"2026-08-25 18:00:00"
28	79	4	28079004	6	"28079004_6_48"	0.200	"V"	"2026-08-25 18:00:00"
28	79	4	28079004	12	"28079004_12_8"	6.000	"V"	"2026-08-25 18:00:00"
28	79	4	28079004	10	"28079004_10_A"	12.000	"V"	"2026-08-25 18:00:00"
28	79	39	28079039	8	"28079039_8_8"	1.000	"V"	"2026-08-25 18:00:00"
28	79	39	28079039	7	"28079039_7_8"	0.000	"V"	"2026-08-25 18:00:00"
28	79	39	28079039	14	"28079039_14_6"	95.000	"V"	"2026-08-25 18:00:00"
28	79	39	28079039	12	"28079039_12_8"	2.000	"V"	"2026-08-25 18:00:00"
28	79	38	28079038	9	"28079038_9_47"	3.000	"V"	"2026-08-25 18:00:00"
28	79	38	28079038	8	"28079038_8_8"	5.000	"V"	"2026-08-25 18:00:00"
28	79	38	28079038	7	"28079038_7_8"	1.000	"V"	"2026-08-25 18:00:00"
28	79	38	28079038	35	"28079038_35_59"	0.100	"V"	"2026-08-25 18:00:00"
28	79	38	28079038	30	"28079038_30_59"	0.400	"V"	"2026-08-25 18:00:00"
28	79	38	28079038	20	"28079038_20_59"	0.600	"V"	"2026-08-25 18:00:00"
28	79	38	28079038	12	"28079038_12_8"	7.000	"V"	"2026-08-25 18:00:00"
28	79	38	28079038	10	"28079038_10_47"	11.000	"V"	"2026-08-25 18:00:00"
28	79	36	28079036	8	"28079036_8_8"	4.000	"V"	"2026-08-25 18:00:00"
28	79	36	28079036	7	"28079036_7_8"	0.000	"V"	"2026-08-25 18:00:00"
28	79	36	28079036	12	"28079036_12_8"	5.000	"V"	"2026-08-25 18:00:00"
28	79	36	28079036	10	"28079036_10_47"	11.000	"V"	"2026-08-25 18:00:00"
28	79	36	28079036	1	"28079036_1_38"	2.000	"V"	"2026-08-25 18:00:00"
28	79	35	28079035	8	"28079035_8_8"	6.000	"V"	"2026-08-25 18:00:00"
28	79	35	28079035	7	"28079035_7_8"	2.000	"V"	"2026-08-25 18:00:00"
28	79	35	28079035	6	"28079035_6_48"	0.200	"V"	"2026-08-25 18:00:00"
28	79	35	28079035	14	"28079035_14_6"	95.000	"V"	"2026-08-25 18:00:00"
28	79	35	28079035	12	"28079035_12_8"	9.000	"V"	"2026-08-25 18:00:00"
28	79	35	28079035	1	"28079035_1_38"	4.000	"V"	"2026-08-25 18:00:00"
28	79	27	28079027	8	"28079027_8_8"	4.000	"V"	"2026-08-25 18:00:00"
28	79	27	28079027	7	"28079027_7_8"	1.000	"V"	"2026-08-25 18:00:00"
28	79	27	28079027	14	"28079027_14_6"	99.000	"V"	"2026-08-25 18:00:00"
28	79	27	28079027	12	"28079027_12_8"	6.000	"V"	"2026-08-25 18:00:00"
28	79	24	28079024	9	"28079024_9_47"	0.000	"V"	"2026-08-25 18:00:00"
28	79	24	28079024	8	"28079024_8_8"	0.000	"V"	"2026-08-25 18:00:00"
28	79	24	28079024	7	"28079024_7_8"	1.000	"V"	"2026-08-25 18:00:00"
28	79	24	28079024	14	"28079024_14_6"	100.000	"V"	"2026-08-25 18:00:00"
28	79	24	28079024	12	"28079024_12_8"	1.000	"V"	"2026-08-25 18:00:00"
28	79	24	28079024	10	"28079024_10_47"	0.000	"V"	"2026-08-25 18:00:00"
28	79	18	28079018	8	"28079018_8_8"	5.000	"V"	"2026-08-25 18:00:00"
28	79	18	28079018	7	"28079018_7_8"	1.000	"V"	"2026-08-25 18:00:00"
28	79	18	28079018	35	"28079018_35_59"	0.000	"V"	"2026-08-25 18:00:00"
28	79	18	28079018	30	"28079018_30_59"	0.100	"V"	"2026-08-25 18:00:00"
28	79	18	28079018	20	"28079018_20_59"	0.600	"V"	"2026-08-25 18:00:00"
28	79	18	28079018	14	"28079018_14_6"	91.000	"V"	"2026-08-25 18:00:00"
28	79	18	28079018	12	"28079018_12_8"	6.000	"V"	"2026-08-25 18:00:00"
28	79	18	28079018	10	"28079018_10_47"	7.000	"V"	"2026-08-25 18:00:00"
28	79	17	28079017	8	"28079017_8_8"	4.000	"V"	"2026-08-25 18:00:00"
28	79	17	28079017	14	"28079017_14_6"	94.000	"V"	"2026-08-25 18:00:00"
28	79	17	28079017	7	"28079017_7_8"	1.000	"V"	"2026-08-25 18:00:00"
28	79	17	28079017	12	"28079017_12_8"	6.000	"V"	"2026-08-25 18:00:00"
28	79	16	28079016	8	"28079016_8_8"	5.000	"V"	"2026-08-25 18:00:00"
28	79	16	28079016	14	"28079016_14_6"	94.000	"V"	"2026-08-25 18:00:00"
28	79	16	28079016	7	"28079016_7_8"	1.000	"V"	"2026-08-25 18:00:00"
28	79	16	28079016	12	"28079016_12_8"	6.000	"V"	"2026-08-25 18:00:00"
28	79	11	28079011	8	"28079011_8_8"	8.000	"V"	"2026-08-25 18:00:00"
28	79	11	28079011	7	"28079011_7_8"	2.000	"V"	"2026-08-25 18:00:00"
28	79	11	28079011	12	"28079011_12_8"	12.000	"V"	"2026-08-25 18:00:00"
28	79	8	28079008	9	"28079008_9_47"	5.000	"V"	"2026-08-25 17:00:00"
28	79	8	28079008	8	"28079008_8_8"	9.000	"V"	"2026-08-25 17:00:00"
28	79	8	28079008	7	"28079008_7_8"	0.000	"V"	"2026-08-25 17:00:00"
28	79	8	28079008	6	"28079008_6_48"	0.200	"V"	"2026-08-25 17:00:00"
28	79	8	28079008	35	"28079008_35_59"	0.100	"V"	"2026-08-25 17:00:00"
28	79	8	28079008	30	"28079008_30_59"	0.100	"V"	"2026-08-25 17:00:00"
28	79	8	28079008	20	"28079008_20_59"	0.800	"V"	"2026-08-25 17:00:00"
28	79	8	28079008	14	"28079008_14_6"	92.000	"V"	"2026-08-25 17:00:00"
28	79	8	28079008	12	"28079008_12_8"	9.000	"V"	"2026-08-25 17:00:00"
28	79	8	28079008	10	"28079008_10_47"	13.000	"V"	"2026-08-25 17:00:00"
28	79	8	28079008	1	"28079008_1_38"	2.000	"V"	"2026-08-25 17:00:00"
28	79	60	28079060	9	"28079060_9_A"	4.000	"V"	"2026-08-25 17:00:00"
28	79	60	28079060	8	"28079060_8_8"	3.000	"V"	"2026-08-25 17:00:00"
28	79	60	28079060	7	"28079060_7_8"	0.000	"V"	"2026-08-25 17:00:00"
28	79	60	28079060	14	"28079060_14_6"	98.000	"V"	"2026-08-25 17:00:00"
28	79	60	28079060	12	"28079060_12_8"	3.000	"V"	"2026-08-25 17:00:00"
28	79	60	28079060	10	"28079060_10_47"	9.000	"V"	"2026-08-25 17:00:00"
28	79	59	28079059	8	"28079059_8_8"	3.000	"V"	"2026-08-25 17:00:00"
28	79	59	28079059	7	"28079059_7_8"	1.000	"V"	"2026-08-25 17:00:00"
28	79	59	28079059	14	"28079059_14_6"	98.000	"V"	"2026-08-25 17:00:00"
28	79	59	28079059	12	"28079059_12_8"	5.000	"V"	"2026-08-25 17:00:00"
28	79	58	28079058	8	"28079058_8_8"	1.000	"V"	"2026-08-25 17:00:00"
28	79	58	28079058	7	"28079058_7_8"	0.000	"V"	"2026-08-25 17:00:00"
28	79	58	28079058	14	"28079058_14_6"	100.000	"V"	"2026-08-25 17:00:00"
28	79	58	28079058	12	"28079058_12_8"	1.000	"V"	"2026-08-25 17:00:00"
28	79	57	28079057	9	"28079057_9_A"	0.000	"V"	"2026-08-25 17:00:00"
28	79	57	28079057	8	"28079057_8_8"	1.000	"V"	"2026-08-25 17:00:00"
28	79	57	28079057	7	"28079057_7_8"	1.000	"V"	"2026-08-25 17:00:00"
28	79	57	28079057	12	"28079057_12_8"	3.000	"V"	"2026-08-25 17:00:00"
28	79	57	28079057	10	"28079057_10_47"	0.000	"V"	"2026-08-25 17:00:00"
28	79	56	28079056	9	"28079056_9_47"	9.000	"V"	"2026-08-25 17:00:00"
28	79	56	28079056	8	"28079056_8_8"	8.000	"V"	"2026-08-25 17:00:00"
28	79	56	28079056	7	"28079056_7_8"	4.000	"V"	"2026-08-25 17:00:00"
28	79	56	28079056	6	"28079056_6_48"	0.100	"V"	"2026-08-25 17:00:00"
28	79	56	28079056	12	"28079056_12_8"	14.000	"V"	"2026-08-25 17:00:00"
28	79	56	28079056	10	"28079056_10_47"	28.000	"V"	"2026-08-25 17:00:00"
28	79	54	28079054	9	"28079054_9_A"	8.000	"V"	"2026-08-25 17:00:00"
28	79	54	28079054	8	"28079054_8_8"	1.000	"V"	"2026-08-25 17:00:00"
28	79	54	28079054	7	"28079054_7_8"	1.000	"V"	"2026-08-25 17:00:00"
28	79	54	28079054	14	"28079054_14_6"	96.000	"V"	"2026-08-25 17:00:00"
28	79	54	28079054	12	"28079054_12_8"	3.000	"V"	"2026-08-25 17:00:00"
28	79	54	28079054	10	"28079054_10_A"	17.000	"V"	"2026-08-25 17:00:00"
28	79	50	28079050	9	"28079050_9_47"	0.000	"V"	"2026-08-25 17:00:00"
28	79	50	28079050	8	"28079050_8_8"	6.000	"V"	"2026-08-25 17:00:00"
28	79	50	28079050	7	"28079050_7_8"	3.000	"V"	"2026-08-25 17:00:00"
28	79	50	28079050	12	"28079050_12_8"	10.000	"V"	"2026-08-25 17:00:00"
28	79	50	28079050	10	"28079050_10_47"	0.000	"V"	"2026-08-25 17:00:00"
28	79	49	28079049	8	"28079049_8_8"	2.000	"V"	"2026-08-25 17:00:00"
28	79	49	28079049	7	"28079049_7_8"	0.000	"V"	"2026-08-25 17:00:00"
28	79	49	28079049	14	"28079049_14_6"	95.000	"V"	"2026-08-25 17:00:00"
28	79	49	28079049	12	"28079049_12_8"	3.000	"V"	"2026-08-25 17:00:00"
28	79	48	28079048	9	"28079048_9_47"	7.000	"V"	"2026-08-25 17:00:00"
28	79	48	28079048	8	"28079048_8_8"	1.000	"V"	"2026-08-25 17:00:00"
28	79	48	28079048	7	"28079048_7_8"	0.000	"V"	"2026-08-25 17:00:00"
28	79	48	28079048	12	"28079048_12_8"	1.000	"V"	"2026-08-25 17:00:00"
28	79	48	28079048	10	"28079048_10_47"	17.000	"V"	"2026-08-25 17:00:00"
28	79	47	28079047	9	"28079047_9_47"	0.000	"N"	"2026-08-25 17:00:00"
28	79	47	28079047	8	"28079047_8_8"	3.000	"V"	"2026-08-25 17:00:00"
28	79	47	28079047	7	"28079047_7_8"	1.000	"V"	"2026-08-25 17:00:00"
28	79	47	28079047	12	"28079047_12_8"	5.000	"V"	"2026-08-25 17:00:00"
28	79	47	28079047	10	"28079047_10_47"	0.000	"N"	"2026-08-25 17:00:00"
28	79	40	28079040	8	"28079040_8_8"	6.000	"V"	"2026-08-25 17:00:00"
28	79	40	28079040	7	"28079040_7_8"	1.000	"V"	"2026-08-25 17:00:00"
28	79	40	28079040	12	"28079040_12_8"	8.000	"V"	"2026-08-25 17:00:00"
28	79	40	28079040	10	"28079040_10_47"	29.000	"V"	"2026-08-25 17:00:00"
28	79	4	28079004	9	"28079004_9_A"	4.000	"V"	"2026-08-25 17:00:00"
28	79	4	28079004	8	"28079004_8_8"	6.000	"V"	"2026-08-25 17:00:00"
28	79	4	28079004	7	"28079004_7_8"	1.000	"V"	"2026-08-25 17:00:00"
28	79	4	28079004	6	"28079004_6_48"	0.200	"V"	"2026-08-25 17:00:00"
28	79	4	28079004	12	"28079004_12_8"	7.000	"V"	"2026-08-25 17:00:00"
28	79	4	28079004	10	"28079004_10_A"	11.000	"V"	"2026-08-25 17:00:00"
28	79	39	28079039	8	"28079039_8_8"	0.000	"V"	"2026-08-25 17:00:00"
28	79	39	28079039	7	"28079039_7_8"	0.000	"V"	"2026-08-25 17:00:00"
28	79	39	28079039	14	"28079039_14_6"	94.000	"V"	"2026-08-25 17:00:00"
28	79	39	28079039	12	"28079039_12_8"	0.000	"V"	"2026-08-25 17:00:00"
28	79	38	28079038	9	"28079038_9_47"	4.000	"V"	"2026-08-25 17:00:00"
28	79	38	28079038	8	"28079038_8_8"	5.000	"V"	"2026-08-25 17:00:00"
28	79	38	28079038	7	"28079038_7_8"	1.000	"V"	"2026-08-25 17:00:00"
28	79	38	28079038	35	"28079038_35_59"	0.000	"V"	"2026-08-25 17:00:00"
28	79	38	28079038	30	"28079038_30_59"	0.500	"V"	"2026-08-25 17:00:00"
28	79	38	28079038	20	"28079038_20_59"	0.700	"V"	"2026-08-25 17:00:00"
28	79	38	28079038	12	"28079038_12_8"	7.000	"V"	"2026-08-25 17:00:00"
28	79	38	28079038	10	"28079038_10_47"	12.000	"V"	"2026-08-25 17:00:00"
28	79	36	28079036	8	"28079036_8_8"	4.000	"V"	"2026-08-25 17:00:00"
28	79	36	28079036	7	"28079036_7_8"	1.000	"V"	"2026-08-25 17:00:00"
28	79	36	28079036	12	"28079036_12_8"	5.000	"V"	"2026-08-25 17:00:00"
28	79	36	28079036	10	"28079036_10_47"	10.000	"V"	"2026-08-25 17:00:00"
28	79	36	28079036	1	"28079036_1_38"	2.000	"V"	"2026-08-25 17:00:00"
28	79	35	28079035	8	"28079035_8_8"	6.000	"V"	"2026-08-25 17:00:00"
28	79	35	28079035	7	"28079035_7_8"	2.000	"V"	"2026-08-25 17:00:00"
28	79	35	28079035	6	"28079035_6_48"	0.200	"V"	"2026-08-25 17:00:00"
28	79	35	28079035	14	"28079035_14_6"	93.000	"V"	"2026-08-25 17:00:00"
28	79	35	28079035	12	"28079035_12_8"	9.000	"V"	"2026-08-25 17:00:00"
28	79	35	28079035	1	"28079035_1_38"	4.000	"V"	"2026-08-25 17:00:00"
28	79	27	28079027	8	"28079027_8_8"	4.000	"V"	"2026-08-25 17:00:00"
28	79	27	28079027	7	"28079027_7_8"	1.000	"V"	"2026-08-25 17:00:00"
28	79	27	28079027	14	"28079027_14_6"	99.000	"V"	"2026-08-25 17:00:00"
28	79	27	28079027	12	"28079027_12_8"	6.000	"V"	"2026-08-25 17:00:00"
28	79	24	28079024	9	"28079024_9_47"	0.000	"V"	"2026-08-25 17:00:00"
28	79	24	28079024	8	"28079024_8_8"	0.000	"V"	"2026-08-25 17:00:00"
28	79	24	28079024	7	"28079024_7_8"	1.000	"V"	"2026-08-25 17:00:00"
28	79	24	28079024	14	"28079024_14_6"	100.000	"V"	"2026-08-25 17:00:00"
28	79	24	28079024	12	"28079024_12_8"	1.000	"V"	"2026-08-25 17:00:00"
28	79	24	28079024	10	"28079024_10_47"	0.000	"V"	"2026-08-25 17:00:00"
28	79	18	28079018	8	"28079018_8_8"	5.000	"V"	"2026-08-25 17:00:00"
28	79	18	28079018	7	"28079018_7_8"	1.000	"V"	"2026-08-25 17:00:00"
28	79	18	28079018	35	"28079018_35_59"	0.200	"V"	"2026-08-25 17:00:00"
28	79	18	28079018	30	"28079018_30_59"	0.100	"V"	"2026-08-25 17:00:00"
28	79	18	28079018	20	"28079018_20_59"	0.300	"V"	"2026-08-25 17:00:00"
28	79	18	28079018	14	"28079018_14_6"	89.000	"V"	"2026-08-25 17:00:00"
28	79	18	28079018	12	"28079018_12_8"	6.000	"V"	"2026-08-25 17:00:00"
28	79	18	28079018	10	"28079018_10_47"	12.000	"V"	"2026-08-25 17:00:00"
28	79	17	28079017	8	"28079017_8_8"	4.000	"V"	"2026-08-25 17:00:00"
28	79	17	28079017	14	"28079017_14_6"	92.000	"V"	"2026-08-25 17:00:00"
28	79	17	28079017	7	"28079017_7_8"	2.000	"V"	"2026-08-25 17:00:00"
28	79	17	28079017	12	"28079017_12_8"	6.000	"V"	"2026-08-25 17:00:00"
28	79	16	28079016	8	"28079016_8_8"	7.000	"V"	"2026-08-25 17:00:00"
28	79	16	28079016	14	"28079016_14_6"	92.000	"V"	"2026-08-25 17:00:00"
28	79	16	28079016	7	"28079016_7_8"	2.000	"V"	"2026-08-25 17:00:00"
28	79	16	28079016	12	"28079016_12_8"	10.000	"V"	"2026-08-25 17:00:00"
28	79	11	28079011	8	"28079011_8_8"	7.000	"V"	"2026-08-25 17:00:00"
28	79	11	28079011	7	"28079011_7_8"	2.000	"V"	"2026-08-25 17:00:00"
28	79	11	28079011	12	"28079011_12_8"	10.000	"V"	"2026-08-25 17:00:00"
28	79	8	28079008	9	"28079008_9_47"	6.000	"V"	"2026-08-25 16:00:00"
28	79	8	28079008	8	"28079008_8_8"	8.000	"V"	"2026-08-25 16:00:00"
28	79	8	28079008	7	"28079008_7_8"	0.000	"V"	"2026-08-25 16:00:00"
28	79	8	28079008	6	"28079008_6_48"	0.200	"V"	"2026-08-25 16:00:00"
28	79	8	28079008	35	"28079008_35_59"	0.200	"V"	"2026-08-25 16:00:00"
28	79	8	28079008	30	"28079008_30_59"	0.200	"V"	"2026-08-25 16:00:00"
28	79	8	28079008	20	"28079008_20_59"	0.900	"V"	"2026-08-25 16:00:00"
28	79	8	28079008	14	"28079008_14_6"	91.000	"V"	"2026-08-25 16:00:00"
28	79	8	28079008	12	"28079008_12_8"	9.000	"V"	"2026-08-25 16:00:00"
28	79	8	28079008	10	"28079008_10_47"	17.000	"V"	"2026-08-25 16:00:00"
28	79	8	28079008	1	"28079008_1_38"	2.000	"V"	"2026-08-25 16:00:00"
28	79	60	28079060	9	"28079060_9_A"	3.000	"V"	"2026-08-25 16:00:00"
28	79	60	28079060	8	"28079060_8_8"	3.000	"V"	"2026-08-25 16:00:00"
28	79	60	28079060	7	"28079060_7_8"	0.000	"V"	"2026-08-25 16:00:00"
28	79	60	28079060	12	"28079060_12_8"	4.000	"V"	"2026-08-25 16:00:00"
28	79	60	28079060	10	"28079060_10_47"	8.000	"V"	"2026-08-25 16:00:00"
28	79	59	28079059	8	"28079059_8_8"	3.000	"V"	"2026-08-25 16:00:00"
28	79	59	28079059	7	"28079059_7_8"	2.000	"V"	"2026-08-25 16:00:00"
28	79	59	28079059	14	"28079059_14_6"	96.000	"V"	"2026-08-25 16:00:00"
28	79	59	28079059	12	"28079059_12_8"	5.000	"V"	"2026-08-25 16:00:00"
28	79	58	28079058	8	"28079058_8_8"	1.000	"V"	"2026-08-25 16:00:00"
28	79	58	28079058	7	"28079058_7_8"	0.000	"V"	"2026-08-25 16:00:00"
28	79	58	28079058	14	"28079058_14_6"	99.000	"V"	"2026-08-25 16:00:00"
28	79	58	28079058	12	"28079058_12_8"	1.000	"V"	"2026-08-25 16:00:00"
28	79	57	28079057	9	"28079057_9_A"	0.000	"V"	"2026-08-25 16:00:00"
28	79	57	28079057	8	"28079057_8_8"	2.000	"V"	"2026-08-25 16:00:00"
28	79	57	28079057	7	"28079057_7_8"	1.000	"V"	"2026-08-25 16:00:00"
28	79	57	28079057	12	"28079057_12_8"	4.000	"V"	"2026-08-25 16:00:00"
28	79	57	28079057	10	"28079057_10_47"	0.000	"V"	"2026-08-25 16:00:00"
28	79	56	28079056	9	"28079056_9_47"	4.000	"V"	"2026-08-25 16:00:00"
28	79	56	28079056	8	"28079056_8_8"	6.000	"V"	"2026-08-25 16:00:00"
28	79	56	28079056	7	"28079056_7_8"	3.000	"V"	"2026-08-25 16:00:00"
28	79	56	28079056	6	"28079056_6_48"	0.100	"V"	"2026-08-25 16:00:00"
28	79	56	28079056	12	"28079056_12_8"	11.000	"V"	"2026-08-25 16:00:00"
28	79	56	28079056	10	"28079056_10_47"	17.000	"V"	"2026-08-25 16:00:00"
28	79	54	28079054	9	"28079054_9_A"	12.000	"V"	"2026-08-25 16:00:00"
28	79	54	28079054	8	"28079054_8_8"	1.000	"V"	"2026-08-25 16:00:00"
28	79	54	28079054	7	"28079054_7_8"	2.000	"V"	"2026-08-25 16:00:00"
28	79	54	28079054	14	"28079054_14_6"	93.000	"V"	"2026-08-25 16:00:00"
28	79	54	28079054	12	"28079054_12_8"	3.000	"V"	"2026-08-25 16:00:00"
28	79	54	28079054	10	"28079054_10_A"	21.000	"V"	"2026-08-25 16:00:00"
28	79	50	28079050	9	"28079050_9_47"	0.000	"V"	"2026-08-25 16:00:00"
28	79	50	28079050	8	"28079050_8_8"	7.000	"V"	"2026-08-25 16:00:00"
28	79	50	28079050	7	"28079050_7_8"	3.000	"V"	"2026-08-25 16:00:00"
28	79	50	28079050	12	"28079050_12_8"	11.000	"V"	"2026-08-25 16:00:00"
28	79	50	28079050	10	"28079050_10_47"	0.000	"V"	"2026-08-25 16:00:00"
28	79	49	28079049	8	"28079049_8_8"	2.000	"V"	"2026-08-25 16:00:00"
28	79	49	28079049	7	"28079049_7_8"	0.000	"V"	"2026-08-25 16:00:00"
28	79	49	28079049	14	"28079049_14_6"	94.000	"V"	"2026-08-25 16:00:00"
28	79	49	28079049	12	"28079049_12_8"	3.000	"V"	"2026-08-25 16:00:00"
28	79	48	28079048	9	"28079048_9_47"	4.000	"V"	"2026-08-25 16:00:00"
28	79	48	28079048	8	"28079048_8_8"	2.000	"V"	"2026-08-25 16:00:00"
28	79	48	28079048	7	"28079048_7_8"	0.000	"V"	"2026-08-25 16:00:00"
28	79	48	28079048	12	"28079048_12_8"	2.000	"V"	"2026-08-25 16:00:00"
28	79	48	28079048	10	"28079048_10_47"	12.000	"V"	"2026-08-25 16:00:00"
28	79	47	28079047	9	"28079047_9_47"	0.000	"N"	"2026-08-25 16:00:00"
28	79	47	28079047	8	"28079047_8_8"	3.000	"V"	"2026-08-25 16:00:00"
28	79	47	28079047	7	"28079047_7_8"	1.000	"V"	"2026-08-25 16:00:00"
28	79	47	28079047	12	"28079047_12_8"	4.000	"V"	"2026-08-25 16:00:00"
28	79	47	28079047	10	"28079047_10_47"	0.000	"N"	"2026-08-25 16:00:00"
28	79	40	28079040	8	"28079040_8_8"	7.000	"V"	"2026-08-25 16:00:00"
28	79	40	28079040	7	"28079040_7_8"	2.000	"V"	"2026-08-25 16:00:00"
28	79	40	28079040	12	"28079040_12_8"	10.000	"V"	"2026-08-25 16:00:00"
28	79	40	28079040	10	"28079040_10_47"	15.000	"V"	"2026-08-25 16:00:00"
28	79	4	28079004	9	"28079004_9_A"	4.000	"V"	"2026-08-25 16:00:00"
28	79	4	28079004	8	"28079004_8_8"	6.000	"V"	"2026-08-25 16:00:00"
28	79	4	28079004	7	"28079004_7_8"	1.000	"V"	"2026-08-25 16:00:00"
28	79	4	28079004	6	"28079004_6_48"	0.200	"V"	"2026-08-25 16:00:00"
28	79	4	28079004	12	"28079004_12_8"	8.000	"V"	"2026-08-25 16:00:00"
28	79	4	28079004	10	"28079004_10_A"	11.000	"V"	"2026-08-25 16:00:00"
28	79	39	28079039	8	"28079039_8_8"	1.000	"V"	"2026-08-25 16:00:00"
28	79	39	28079039	7	"28079039_7_8"	0.000	"V"	"2026-08-25 16:00:00"
28	79	39	28079039	14	"28079039_14_6"	91.000	"V"	"2026-08-25 16:00:00"
28	79	39	28079039	12	"28079039_12_8"	1.000	"V"	"2026-08-25 16:00:00"
28	79	38	28079038	9	"28079038_9_47"	5.000	"V"	"2026-08-25 16:00:00"
28	79	38	28079038	8	"28079038_8_8"	6.000	"V"	"2026-08-25 16:00:00"
28	79	38	28079038	7	"28079038_7_8"	1.000	"V"	"2026-08-25 16:00:00"
28	79	38	28079038	35	"28079038_35_59"	0.100	"V"	"2026-08-25 16:00:00"
28	79	38	28079038	30	"28079038_30_59"	0.500	"V"	"2026-08-25 16:00:00"
28	79	38	28079038	20	"28079038_20_59"	0.900	"V"	"2026-08-25 16:00:00"
28	79	38	28079038	12	"28079038_12_8"	8.000	"V"	"2026-08-25 16:00:00"
28	79	38	28079038	10	"28079038_10_47"	12.000	"V"	"2026-08-25 16:00:00"
28	79	36	28079036	8	"28079036_8_8"	4.000	"V"	"2026-08-25 16:00:00"
28	79	36	28079036	7	"28079036_7_8"	0.000	"V"	"2026-08-25 16:00:00"
28	79	36	28079036	12	"28079036_12_8"	4.000	"V"	"2026-08-25 16:00:00"
28	79	36	28079036	10	"28079036_10_47"	10.000	"V"	"2026-08-25 16:00:00"
28	79	36	28079036	1	"28079036_1_38"	2.000	"V"	"2026-08-25 16:00:00"
28	79	35	28079035	8	"28079035_8_8"	5.000	"V"	"2026-08-25 16:00:00"
28	79	35	28079035	7	"28079035_7_8"	2.000	"V"	"2026-08-25 16:00:00"
28	79	35	28079035	6	"28079035_6_48"	0.200	"V"	"2026-08-25 16:00:00"
28	79	35	28079035	14	"28079035_14_6"	92.000	"V"	"2026-08-25 16:00:00"
28	79	35	28079035	12	"28079035_12_8"	8.000	"V"	"2026-08-25 16:00:00"
28	79	35	28079035	1	"28079035_1_38"	4.000	"V"	"2026-08-25 16:00:00"
28	79	27	28079027	8	"28079027_8_8"	5.000	"V"	"2026-08-25 16:00:00"
28	79	27	28079027	7	"28079027_7_8"	1.000	"V"	"2026-08-25 16:00:00"
28	79	27	28079027	14	"28079027_14_6"	95.000	"V"	"2026-08-25 16:00:00"
28	79	27	28079027	12	"28079027_12_8"	7.000	"V"	"2026-08-25 16:00:00"
28	79	24	28079024	9	"28079024_9_47"	2.000	"V"	"2026-08-25 16:00:00"
28	79	24	28079024	8	"28079024_8_8"	0.000	"V"	"2026-08-25 16:00:00"
28	79	24	28079024	7	"28079024_7_8"	1.000	"V"	"2026-08-25 16:00:00"
28	79	24	28079024	14	"28079024_14_6"	98.000	"V"	"2026-08-25 16:00:00"
28	79	24	28079024	12	"28079024_12_8"	1.000	"V"	"2026-08-25 16:00:00"
28	79	24	28079024	10	"28079024_10_47"	6.000	"V"	"2026-08-25 16:00:00"
28	79	18	28079018	8	"28079018_8_8"	4.000	"V"	"2026-08-25 16:00:00"
28	79	18	28079018	7	"28079018_7_8"	1.000	"V"	"2026-08-25 16:00:00"
28	79	18	28079018	35	"28079018_35_59"	0.400	"V"	"2026-08-25 16:00:00"
28	79	18	28079018	30	"28079018_30_59"	0.000	"V"	"2026-08-25 16:00:00"
28	79	18	28079018	20	"28079018_20_59"	0.400	"V"	"2026-08-25 16:00:00"
28	79	18	28079018	14	"28079018_14_6"	88.000	"V"	"2026-08-25 16:00:00"
28	79	60	28079060	14	"28079060_14_6"	95.000	"V"	"2026-08-25 16:00:00"
28	79	18	28079018	12	"28079018_12_8"	5.000	"V"	"2026-08-25 16:00:00"
28	79	18	28079018	10	"28079018_10_47"	21.000	"V"	"2026-08-25 16:00:00"
28	79	17	28079017	8	"28079017_8_8"	3.000	"V"	"2026-08-25 16:00:00"
28	79	17	28079017	14	"28079017_14_6"	90.000	"V"	"2026-08-25 16:00:00"
28	79	17	28079017	7	"28079017_7_8"	1.000	"V"	"2026-08-25 16:00:00"
28	79	17	28079017	12	"28079017_12_8"	5.000	"V"	"2026-08-25 16:00:00"
28	79	16	28079016	8	"28079016_8_8"	4.000	"V"	"2026-08-25 16:00:00"
28	79	16	28079016	14	"28079016_14_6"	93.000	"V"	"2026-08-25 16:00:00"
28	79	16	28079016	7	"28079016_7_8"	1.000	"V"	"2026-08-25 16:00:00"
28	79	16	28079016	12	"28079016_12_8"	6.000	"V"	"2026-08-25 16:00:00"
28	79	11	28079011	8	"28079011_8_8"	10.000	"V"	"2026-08-25 16:00:00"
28	79	11	28079011	7	"28079011_7_8"	3.000	"V"	"2026-08-25 16:00:00"
28	79	11	28079011	12	"28079011_12_8"	14.000	"V"	"2026-08-25 16:00:00"
28	79	8	28079008	9	"28079008_9_47"	0.000	"V"	"2026-08-25 15:00:00"
28	79	8	28079008	8	"28079008_8_8"	8.000	"V"	"2026-08-25 15:00:00"
28	79	8	28079008	7	"28079008_7_8"	0.000	"V"	"2026-08-25 15:00:00"
28	79	8	28079008	6	"28079008_6_48"	0.200	"V"	"2026-08-25 15:00:00"
28	79	8	28079008	35	"28079008_35_59"	0.200	"V"	"2026-08-25 15:00:00"
28	79	8	28079008	30	"28079008_30_59"	0.200	"V"	"2026-08-25 15:00:00"
28	79	8	28079008	20	"28079008_20_59"	0.900	"V"	"2026-08-25 15:00:00"
28	79	8	28079008	14	"28079008_14_6"	88.000	"V"	"2026-08-25 15:00:00"
28	79	8	28079008	12	"28079008_12_8"	8.000	"V"	"2026-08-25 15:00:00"
28	79	8	28079008	10	"28079008_10_47"	1.000	"V"	"2026-08-25 15:00:00"
28	79	8	28079008	1	"28079008_1_38"	2.000	"V"	"2026-08-25 15:00:00"
28	79	60	28079060	9	"28079060_9_A"	3.000	"V"	"2026-08-25 15:00:00"
28	79	60	28079060	8	"28079060_8_8"	3.000	"V"	"2026-08-25 15:00:00"
28	79	60	28079060	7	"28079060_7_8"	0.000	"V"	"2026-08-25 15:00:00"
28	79	60	28079060	14	"28079060_14_6"	95.000	"V"	"2026-08-25 15:00:00"
28	79	60	28079060	12	"28079060_12_8"	4.000	"V"	"2026-08-25 15:00:00"
28	79	60	28079060	10	"28079060_10_47"	7.000	"V"	"2026-08-25 15:00:00"
28	79	59	28079059	8	"28079059_8_8"	4.000	"V"	"2026-08-25 15:00:00"
28	79	59	28079059	7	"28079059_7_8"	1.000	"V"	"2026-08-25 15:00:00"
28	79	59	28079059	14	"28079059_14_6"	93.000	"V"	"2026-08-25 15:00:00"
28	79	59	28079059	12	"28079059_12_8"	6.000	"V"	"2026-08-25 15:00:00"
28	79	58	28079058	8	"28079058_8_8"	1.000	"V"	"2026-08-25 15:00:00"
28	79	58	28079058	7	"28079058_7_8"	0.000	"V"	"2026-08-25 15:00:00"
28	79	58	28079058	14	"28079058_14_6"	96.000	"V"	"2026-08-25 15:00:00"
28	79	58	28079058	12	"28079058_12_8"	2.000	"V"	"2026-08-25 15:00:00"
28	79	57	28079057	9	"28079057_9_A"	0.000	"V"	"2026-08-25 15:00:00"
28	79	57	28079057	8	"28079057_8_8"	2.000	"V"	"2026-08-25 15:00:00"
28	79	57	28079057	7	"28079057_7_8"	1.000	"V"	"2026-08-25 15:00:00"
28	79	57	28079057	12	"28079057_12_8"	4.000	"V"	"2026-08-25 15:00:00"
28	79	57	28079057	10	"28079057_10_47"	0.000	"V"	"2026-08-25 15:00:00"
28	79	56	28079056	9	"28079056_9_47"	12.000	"V"	"2026-08-25 15:00:00"
28	79	56	28079056	8	"28079056_8_8"	7.000	"V"	"2026-08-25 15:00:00"
28	79	56	28079056	7	"28079056_7_8"	4.000	"V"	"2026-08-25 15:00:00"
28	79	56	28079056	6	"28079056_6_48"	0.100	"V"	"2026-08-25 15:00:00"
28	79	56	28079056	12	"28079056_12_8"	13.000	"V"	"2026-08-25 15:00:00"
28	79	56	28079056	10	"28079056_10_47"	21.000	"V"	"2026-08-25 15:00:00"
28	79	54	28079054	9	"28079054_9_A"	4.000	"V"	"2026-08-25 15:00:00"
28	79	54	28079054	8	"28079054_8_8"	1.000	"V"	"2026-08-25 15:00:00"
28	79	54	28079054	7	"28079054_7_8"	2.000	"V"	"2026-08-25 15:00:00"
28	79	54	28079054	14	"28079054_14_6"	88.000	"V"	"2026-08-25 15:00:00"
28	79	54	28079054	12	"28079054_12_8"	4.000	"V"	"2026-08-25 15:00:00"
28	79	54	28079054	10	"28079054_10_A"	12.000	"V"	"2026-08-25 15:00:00"
28	79	50	28079050	9	"28079050_9_47"	0.000	"N"	"2026-08-25 15:00:00"
28	79	50	28079050	8	"28079050_8_8"	8.000	"V"	"2026-08-25 15:00:00"
28	79	50	28079050	7	"28079050_7_8"	2.000	"V"	"2026-08-25 15:00:00"
28	79	50	28079050	12	"28079050_12_8"	11.000	"V"	"2026-08-25 15:00:00"
28	79	50	28079050	10	"28079050_10_47"	0.000	"N"	"2026-08-25 15:00:00"
28	79	49	28079049	8	"28079049_8_8"	3.000	"V"	"2026-08-25 15:00:00"
28	79	49	28079049	7	"28079049_7_8"	0.000	"V"	"2026-08-25 15:00:00"
28	79	49	28079049	14	"28079049_14_6"	91.000	"V"	"2026-08-25 15:00:00"
28	79	49	28079049	12	"28079049_12_8"	3.000	"V"	"2026-08-25 15:00:00"
28	79	48	28079048	9	"28079048_9_47"	5.000	"V"	"2026-08-25 15:00:00"
28	79	48	28079048	8	"28079048_8_8"	2.000	"V"	"2026-08-25 15:00:00"
28	79	48	28079048	7	"28079048_7_8"	0.000	"V"	"2026-08-25 15:00:00"
28	79	48	28079048	12	"28079048_12_8"	2.000	"V"	"2026-08-25 15:00:00"
28	79	48	28079048	10	"28079048_10_47"	11.000	"V"	"2026-08-25 15:00:00"
28	79	47	28079047	9	"28079047_9_47"	0.000	"N"	"2026-08-25 15:00:00"
28	79	47	28079047	8	"28079047_8_8"	2.000	"V"	"2026-08-25 15:00:00"
28	79	47	28079047	7	"28079047_7_8"	1.000	"V"	"2026-08-25 15:00:00"
28	79	47	28079047	12	"28079047_12_8"	4.000	"V"	"2026-08-25 15:00:00"
28	79	47	28079047	10	"28079047_10_47"	0.000	"N"	"2026-08-25 15:00:00"
28	79	40	28079040	8	"28079040_8_8"	0.000	"N"	"2026-08-25 15:00:00"
28	79	40	28079040	7	"28079040_7_8"	0.000	"N"	"2026-08-25 15:00:00"
28	79	40	28079040	12	"28079040_12_8"	0.000	"N"	"2026-08-25 15:00:00"
28	79	40	28079040	10	"28079040_10_47"	0.000	"N"	"2026-08-25 15:00:00"
28	79	4	28079004	9	"28079004_9_A"	4.000	"V"	"2026-08-25 15:00:00"
28	79	4	28079004	8	"28079004_8_8"	6.000	"V"	"2026-08-25 15:00:00"
28	79	4	28079004	7	"28079004_7_8"	1.000	"V"	"2026-08-25 15:00:00"
28	79	4	28079004	6	"28079004_6_48"	0.200	"V"	"2026-08-25 15:00:00"
28	79	4	28079004	12	"28079004_12_8"	8.000	"V"	"2026-08-25 15:00:00"
28	79	4	28079004	10	"28079004_10_A"	12.000	"V"	"2026-08-25 15:00:00"
28	79	39	28079039	8	"28079039_8_8"	1.000	"V"	"2026-08-25 15:00:00"
28	79	39	28079039	7	"28079039_7_8"	0.000	"V"	"2026-08-25 15:00:00"
28	79	39	28079039	14	"28079039_14_6"	90.000	"V"	"2026-08-25 15:00:00"
28	79	39	28079039	12	"28079039_12_8"	1.000	"V"	"2026-08-25 15:00:00"
28	79	38	28079038	9	"28079038_9_47"	7.000	"V"	"2026-08-25 15:00:00"
28	79	38	28079038	8	"28079038_8_8"	4.000	"V"	"2026-08-25 15:00:00"
28	79	38	28079038	7	"28079038_7_8"	1.000	"V"	"2026-08-25 15:00:00"
28	79	38	28079038	35	"28079038_35_59"	0.300	"V"	"2026-08-25 15:00:00"
28	79	38	28079038	30	"28079038_30_59"	0.600	"V"	"2026-08-25 15:00:00"
28	79	38	28079038	20	"28079038_20_59"	9.100	"V"	"2026-08-25 15:00:00"
28	79	38	28079038	12	"28079038_12_8"	6.000	"V"	"2026-08-25 15:00:00"
28	79	38	28079038	10	"28079038_10_47"	15.000	"V"	"2026-08-25 15:00:00"
28	79	36	28079036	8	"28079036_8_8"	4.000	"V"	"2026-08-25 15:00:00"
28	79	36	28079036	7	"28079036_7_8"	1.000	"V"	"2026-08-25 15:00:00"
28	79	36	28079036	12	"28079036_12_8"	5.000	"V"	"2026-08-25 15:00:00"
28	79	36	28079036	10	"28079036_10_47"	10.000	"V"	"2026-08-25 15:00:00"
28	79	36	28079036	1	"28079036_1_38"	2.000	"V"	"2026-08-25 15:00:00"
28	79	35	28079035	8	"28079035_8_8"	4.000	"V"	"2026-08-25 15:00:00"
28	79	35	28079035	7	"28079035_7_8"	2.000	"V"	"2026-08-25 15:00:00"
28	79	35	28079035	6	"28079035_6_48"	0.200	"V"	"2026-08-25 15:00:00"
28	79	35	28079035	14	"28079035_14_6"	91.000	"V"	"2026-08-25 15:00:00"
28	79	35	28079035	12	"28079035_12_8"	7.000	"V"	"2026-08-25 15:00:00"
28	79	35	28079035	1	"28079035_1_38"	4.000	"V"	"2026-08-25 15:00:00"
28	79	27	28079027	8	"28079027_8_8"	5.000	"V"	"2026-08-25 15:00:00"
28	79	27	28079027	7	"28079027_7_8"	1.000	"V"	"2026-08-25 15:00:00"
28	79	27	28079027	14	"28079027_14_6"	94.000	"V"	"2026-08-25 15:00:00"
28	79	27	28079027	12	"28079027_12_8"	7.000	"V"	"2026-08-25 15:00:00"
28	79	24	28079024	9	"28079024_9_47"	0.000	"V"	"2026-08-25 15:00:00"
28	79	24	28079024	8	"28079024_8_8"	0.000	"V"	"2026-08-25 15:00:00"
28	79	24	28079024	7	"28079024_7_8"	1.000	"V"	"2026-08-25 15:00:00"
28	79	24	28079024	14	"28079024_14_6"	97.000	"V"	"2026-08-25 15:00:00"
28	79	24	28079024	12	"28079024_12_8"	2.000	"V"	"2026-08-25 15:00:00"
28	79	24	28079024	10	"28079024_10_47"	2.000	"V"	"2026-08-25 15:00:00"
28	79	18	28079018	8	"28079018_8_8"	4.000	"V"	"2026-08-25 15:00:00"
28	79	18	28079018	7	"28079018_7_8"	1.000	"V"	"2026-08-25 15:00:00"
28	79	18	28079018	35	"28079018_35_59"	1.000	"V"	"2026-08-25 15:00:00"
28	79	18	28079018	30	"28079018_30_59"	0.100	"V"	"2026-08-25 15:00:00"
28	79	18	28079018	20	"28079018_20_59"	1.700	"V"	"2026-08-25 15:00:00"
28	79	18	28079018	14	"28079018_14_6"	86.000	"V"	"2026-08-25 15:00:00"
28	79	18	28079018	12	"28079018_12_8"	5.000	"V"	"2026-08-25 15:00:00"
28	79	18	28079018	10	"28079018_10_47"	32.000	"V"	"2026-08-25 15:00:00"
28	79	17	28079017	8	"28079017_8_8"	4.000	"V"	"2026-08-25 15:00:00"
28	79	17	28079017	14	"28079017_14_6"	87.000	"V"	"2026-08-25 15:00:00"
28	79	17	28079017	7	"28079017_7_8"	1.000	"V"	"2026-08-25 15:00:00"
28	79	17	28079017	12	"28079017_12_8"	6.000	"V"	"2026-08-25 15:00:00"
28	79	16	28079016	8	"28079016_8_8"	5.000	"V"	"2026-08-25 15:00:00"
28	79	16	28079016	14	"28079016_14_6"	90.000	"V"	"2026-08-25 15:00:00"
28	79	16	28079016	7	"28079016_7_8"	1.000	"V"	"2026-08-25 15:00:00"
28	79	16	28079016	12	"28079016_12_8"	6.000	"V"	"2026-08-25 15:00:00"
28	79	11	28079011	8	"28079011_8_8"	7.000	"V"	"2026-08-25 15:00:00"
28	79	11	28079011	7	"28079011_7_8"	1.000	"V"	"2026-08-25 15:00:00"
28	79	11	28079011	12	"28079011_12_8"	9.000	"V"	"2026-08-25 15:00:00"
28	79	8	28079008	9	"28079008_9_47"	1.000	"V"	"2026-08-25 14:00:00"
28	79	8	28079008	8	"28079008_8_8"	9.000	"V"	"2026-08-25 14:00:00"
28	79	8	28079008	7	"28079008_7_8"	0.000	"V"	"2026-08-25 14:00:00"
28	79	8	28079008	6	"28079008_6_48"	0.200	"V"	"2026-08-25 14:00:00"
28	79	8	28079008	35	"28079008_35_59"	0.200	"V"	"2026-08-25 14:00:00"
28	79	8	28079008	30	"28079008_30_59"	0.200	"V"	"2026-08-25 14:00:00"
28	79	8	28079008	20	"28079008_20_59"	1.000	"V"	"2026-08-25 14:00:00"
28	79	8	28079008	14	"28079008_14_6"	85.000	"V"	"2026-08-25 14:00:00"
28	79	8	28079008	12	"28079008_12_8"	9.000	"V"	"2026-08-25 14:00:00"
28	79	8	28079008	1	"28079008_1_38"	2.000	"V"	"2026-08-25 14:00:00"
28	79	60	28079060	9	"28079060_9_A"	3.000	"V"	"2026-08-25 14:00:00"
28	79	60	28079060	8	"28079060_8_8"	3.000	"V"	"2026-08-25 14:00:00"
28	79	60	28079060	7	"28079060_7_8"	1.000	"V"	"2026-08-25 14:00:00"
28	79	60	28079060	14	"28079060_14_6"	91.000	"V"	"2026-08-25 14:00:00"
28	79	60	28079060	12	"28079060_12_8"	4.000	"V"	"2026-08-25 14:00:00"
28	79	60	28079060	10	"28079060_10_47"	7.000	"V"	"2026-08-25 14:00:00"
28	79	59	28079059	8	"28079059_8_8"	4.000	"V"	"2026-08-25 14:00:00"
28	79	59	28079059	7	"28079059_7_8"	2.000	"V"	"2026-08-25 14:00:00"
28	79	59	28079059	14	"28079059_14_6"	90.000	"V"	"2026-08-25 14:00:00"
28	79	59	28079059	12	"28079059_12_8"	7.000	"V"	"2026-08-25 14:00:00"
28	79	58	28079058	8	"28079058_8_8"	2.000	"V"	"2026-08-25 14:00:00"
28	79	58	28079058	7	"28079058_7_8"	1.000	"V"	"2026-08-25 14:00:00"
28	79	58	28079058	14	"28079058_14_6"	93.000	"V"	"2026-08-25 14:00:00"
28	79	58	28079058	12	"28079058_12_8"	3.000	"V"	"2026-08-25 14:00:00"
28	79	57	28079057	9	"28079057_9_A"	0.000	"N"	"2026-08-25 14:00:00"
28	79	57	28079057	8	"28079057_8_8"	2.000	"V"	"2026-08-25 14:00:00"
28	79	57	28079057	7	"28079057_7_8"	1.000	"V"	"2026-08-25 14:00:00"
28	79	57	28079057	12	"28079057_12_8"	4.000	"V"	"2026-08-25 14:00:00"
28	79	57	28079057	10	"28079057_10_47"	0.000	"N"	"2026-08-25 14:00:00"
28	79	56	28079056	9	"28079056_9_47"	0.000	"N"	"2026-08-25 14:00:00"
28	79	56	28079056	8	"28079056_8_8"	5.000	"V"	"2026-08-25 14:00:00"
28	79	56	28079056	7	"28079056_7_8"	3.000	"V"	"2026-08-25 14:00:00"
28	79	56	28079056	6	"28079056_6_48"	0.100	"V"	"2026-08-25 14:00:00"
28	79	56	28079056	12	"28079056_12_8"	9.000	"V"	"2026-08-25 14:00:00"
28	79	56	28079056	10	"28079056_10_47"	0.000	"N"	"2026-08-25 14:00:00"
28	79	54	28079054	9	"28079054_9_A"	4.000	"V"	"2026-08-25 14:00:00"
28	79	54	28079054	8	"28079054_8_8"	2.000	"V"	"2026-08-25 14:00:00"
28	79	54	28079054	7	"28079054_7_8"	2.000	"V"	"2026-08-25 14:00:00"
28	79	54	28079054	14	"28079054_14_6"	85.000	"V"	"2026-08-25 14:00:00"
28	79	54	28079054	12	"28079054_12_8"	5.000	"V"	"2026-08-25 14:00:00"
28	79	54	28079054	10	"28079054_10_A"	16.000	"V"	"2026-08-25 14:00:00"
28	79	50	28079050	9	"28079050_9_47"	0.000	"N"	"2026-08-25 14:00:00"
28	79	50	28079050	8	"28079050_8_8"	7.000	"V"	"2026-08-25 14:00:00"
28	79	50	28079050	7	"28079050_7_8"	2.000	"V"	"2026-08-25 14:00:00"
28	79	50	28079050	12	"28079050_12_8"	11.000	"V"	"2026-08-25 14:00:00"
28	79	50	28079050	10	"28079050_10_47"	0.000	"N"	"2026-08-25 14:00:00"
28	79	49	28079049	8	"28079049_8_8"	3.000	"V"	"2026-08-25 14:00:00"
28	79	49	28079049	7	"28079049_7_8"	0.000	"V"	"2026-08-25 14:00:00"
28	79	49	28079049	14	"28079049_14_6"	89.000	"V"	"2026-08-25 14:00:00"
28	79	49	28079049	12	"28079049_12_8"	3.000	"V"	"2026-08-25 14:00:00"
28	79	48	28079048	9	"28079048_9_47"	5.000	"V"	"2026-08-25 14:00:00"
28	79	48	28079048	8	"28079048_8_8"	4.000	"V"	"2026-08-25 14:00:00"
28	79	48	28079048	7	"28079048_7_8"	1.000	"V"	"2026-08-25 14:00:00"
28	79	48	28079048	12	"28079048_12_8"	5.000	"V"	"2026-08-25 14:00:00"
28	79	48	28079048	10	"28079048_10_47"	16.000	"V"	"2026-08-25 14:00:00"
28	79	47	28079047	9	"28079047_9_47"	0.000	"N"	"2026-08-25 14:00:00"
28	79	47	28079047	8	"28079047_8_8"	2.000	"V"	"2026-08-25 14:00:00"
28	79	47	28079047	7	"28079047_7_8"	1.000	"V"	"2026-08-25 14:00:00"
28	79	47	28079047	12	"28079047_12_8"	4.000	"V"	"2026-08-25 14:00:00"
28	79	47	28079047	10	"28079047_10_47"	0.000	"N"	"2026-08-25 14:00:00"
28	79	40	28079040	8	"28079040_8_8"	0.000	"N"	"2026-08-25 14:00:00"
28	79	40	28079040	7	"28079040_7_8"	0.000	"N"	"2026-08-25 14:00:00"
28	79	40	28079040	12	"28079040_12_8"	0.000	"N"	"2026-08-25 14:00:00"
28	79	40	28079040	10	"28079040_10_47"	0.000	"N"	"2026-08-25 14:00:00"
28	79	4	28079004	9	"28079004_9_A"	4.000	"V"	"2026-08-25 14:00:00"
28	79	4	28079004	8	"28079004_8_8"	7.000	"V"	"2026-08-25 14:00:00"
28	79	4	28079004	7	"28079004_7_8"	1.000	"V"	"2026-08-25 14:00:00"
28	79	4	28079004	6	"28079004_6_48"	0.200	"V"	"2026-08-25 14:00:00"
28	79	4	28079004	12	"28079004_12_8"	9.000	"V"	"2026-08-25 14:00:00"
28	79	4	28079004	10	"28079004_10_A"	13.000	"V"	"2026-08-25 14:00:00"
28	79	39	28079039	8	"28079039_8_8"	1.000	"V"	"2026-08-25 14:00:00"
28	79	39	28079039	7	"28079039_7_8"	0.000	"V"	"2026-08-25 14:00:00"
28	79	39	28079039	14	"28079039_14_6"	86.000	"V"	"2026-08-25 14:00:00"
28	79	39	28079039	12	"28079039_12_8"	1.000	"V"	"2026-08-25 14:00:00"
28	79	38	28079038	9	"28079038_9_47"	5.000	"V"	"2026-08-25 14:00:00"
28	79	38	28079038	8	"28079038_8_8"	6.000	"V"	"2026-08-25 14:00:00"
28	79	38	28079038	7	"28079038_7_8"	2.000	"V"	"2026-08-25 14:00:00"
28	79	38	28079038	35	"28079038_35_59"	0.100	"V"	"2026-08-25 14:00:00"
28	79	38	28079038	30	"28079038_30_59"	0.600	"V"	"2026-08-25 14:00:00"
28	79	38	28079038	20	"28079038_20_59"	7.600	"V"	"2026-08-25 14:00:00"
28	79	38	28079038	12	"28079038_12_8"	8.000	"V"	"2026-08-25 14:00:00"
28	79	38	28079038	10	"28079038_10_47"	12.000	"V"	"2026-08-25 14:00:00"
28	79	36	28079036	8	"28079036_8_8"	5.000	"V"	"2026-08-25 14:00:00"
28	79	36	28079036	7	"28079036_7_8"	1.000	"V"	"2026-08-25 14:00:00"
28	79	36	28079036	12	"28079036_12_8"	6.000	"V"	"2026-08-25 14:00:00"
28	79	36	28079036	10	"28079036_10_47"	9.000	"V"	"2026-08-25 14:00:00"
28	79	36	28079036	1	"28079036_1_38"	2.000	"V"	"2026-08-25 14:00:00"
28	79	35	28079035	8	"28079035_8_8"	6.000	"V"	"2026-08-25 14:00:00"
28	79	35	28079035	7	"28079035_7_8"	3.000	"V"	"2026-08-25 14:00:00"
28	79	35	28079035	6	"28079035_6_48"	0.200	"V"	"2026-08-25 14:00:00"
28	79	35	28079035	14	"28079035_14_6"	88.000	"V"	"2026-08-25 14:00:00"
28	79	35	28079035	12	"28079035_12_8"	10.000	"V"	"2026-08-25 14:00:00"
28	79	35	28079035	1	"28079035_1_38"	3.000	"V"	"2026-08-25 14:00:00"
28	79	27	28079027	8	"28079027_8_8"	5.000	"V"	"2026-08-25 14:00:00"
28	79	27	28079027	7	"28079027_7_8"	2.000	"V"	"2026-08-25 14:00:00"
28	79	27	28079027	14	"28079027_14_6"	90.000	"V"	"2026-08-25 14:00:00"
28	79	27	28079027	12	"28079027_12_8"	7.000	"V"	"2026-08-25 14:00:00"
28	79	24	28079024	9	"28079024_9_47"	1.000	"V"	"2026-08-25 14:00:00"
28	79	24	28079024	8	"28079024_8_8"	0.000	"V"	"2026-08-25 14:00:00"
28	79	24	28079024	7	"28079024_7_8"	1.000	"V"	"2026-08-25 14:00:00"
28	79	24	28079024	14	"28079024_14_6"	93.000	"V"	"2026-08-25 14:00:00"
28	79	24	28079024	12	"28079024_12_8"	2.000	"V"	"2026-08-25 14:00:00"
28	79	24	28079024	10	"28079024_10_47"	3.000	"V"	"2026-08-25 14:00:00"
28	79	18	28079018	8	"28079018_8_8"	5.000	"V"	"2026-08-25 14:00:00"
28	79	18	28079018	7	"28079018_7_8"	1.000	"V"	"2026-08-25 14:00:00"
28	79	18	28079018	35	"28079018_35_59"	0.300	"V"	"2026-08-25 14:00:00"
28	79	18	28079018	30	"28079018_30_59"	0.000	"V"	"2026-08-25 14:00:00"
28	79	18	28079018	20	"28079018_20_59"	0.600	"V"	"2026-08-25 14:00:00"
28	79	18	28079018	14	"28079018_14_6"	83.000	"V"	"2026-08-25 14:00:00"
28	79	18	28079018	12	"28079018_12_8"	7.000	"V"	"2026-08-25 14:00:00"
28	79	18	28079018	10	"28079018_10_47"	33.000	"V"	"2026-08-25 14:00:00"
28	79	17	28079017	8	"28079017_8_8"	3.000	"V"	"2026-08-25 14:00:00"
28	79	8	28079008	10	"28079008_10_47"	13.000	"V"	"2026-08-25 14:00:00"
28	79	17	28079017	7	"28079017_7_8"	1.000	"V"	"2026-08-25 14:00:00"
28	79	17	28079017	14	"28079017_14_6"	86.000	"V"	"2026-08-25 14:00:00"
28	79	17	28079017	12	"28079017_12_8"	6.000	"V"	"2026-08-25 14:00:00"
28	79	16	28079016	8	"28079016_8_8"	5.000	"V"	"2026-08-25 14:00:00"
28	79	16	28079016	7	"28079016_7_8"	1.000	"V"	"2026-08-25 14:00:00"
28	79	16	28079016	14	"28079016_14_6"	87.000	"V"	"2026-08-25 14:00:00"
28	79	16	28079016	12	"28079016_12_8"	7.000	"V"	"2026-08-25 14:00:00"
28	79	11	28079011	8	"28079011_8_8"	7.000	"V"	"2026-08-25 14:00:00"
28	79	11	28079011	7	"28079011_7_8"	1.000	"V"	"2026-08-25 14:00:00"
28	79	11	28079011	12	"28079011_12_8"	9.000	"V"	"2026-08-25 14:00:00"
28	79	8	28079008	9	"28079008_9_47"	0.000	"V"	"2026-08-25 13:00:00"
28	79	8	28079008	8	"28079008_8_8"	11.000	"V"	"2026-08-25 13:00:00"
28	79	8	28079008	7	"28079008_7_8"	0.000	"V"	"2026-08-25 13:00:00"
28	79	8	28079008	6	"28079008_6_48"	0.200	"V"	"2026-08-25 13:00:00"
28	79	8	28079008	35	"28079008_35_59"	0.200	"V"	"2026-08-25 13:00:00"
28	79	8	28079008	30	"28079008_30_59"	0.200	"V"	"2026-08-25 13:00:00"
28	79	8	28079008	20	"28079008_20_59"	1.400	"V"	"2026-08-25 13:00:00"
28	79	8	28079008	14	"28079008_14_6"	80.000	"V"	"2026-08-25 13:00:00"
28	79	8	28079008	12	"28079008_12_8"	12.000	"V"	"2026-08-25 13:00:00"
28	79	8	28079008	10	"28079008_10_47"	11.000	"V"	"2026-08-25 13:00:00"
28	79	8	28079008	1	"28079008_1_38"	2.000	"V"	"2026-08-25 13:00:00"
28	79	60	28079060	9	"28079060_9_A"	4.000	"V"	"2026-08-25 13:00:00"
28	79	60	28079060	8	"28079060_8_8"	3.000	"V"	"2026-08-25 13:00:00"
28	79	60	28079060	7	"28079060_7_8"	1.000	"V"	"2026-08-25 13:00:00"
28	79	60	28079060	14	"28079060_14_6"	87.000	"V"	"2026-08-25 13:00:00"
28	79	60	28079060	12	"28079060_12_8"	4.000	"V"	"2026-08-25 13:00:00"
28	79	60	28079060	10	"28079060_10_47"	9.000	"V"	"2026-08-25 13:00:00"
28	79	59	28079059	8	"28079059_8_8"	5.000	"V"	"2026-08-25 13:00:00"
28	79	59	28079059	7	"28079059_7_8"	2.000	"V"	"2026-08-25 13:00:00"
28	79	59	28079059	14	"28079059_14_6"	86.000	"V"	"2026-08-25 13:00:00"
28	79	59	28079059	12	"28079059_12_8"	9.000	"V"	"2026-08-25 13:00:00"
28	79	58	28079058	8	"28079058_8_8"	2.000	"V"	"2026-08-25 13:00:00"
28	79	58	28079058	7	"28079058_7_8"	0.000	"V"	"2026-08-25 13:00:00"
28	79	58	28079058	14	"28079058_14_6"	91.000	"V"	"2026-08-25 13:00:00"
28	79	58	28079058	12	"28079058_12_8"	2.000	"V"	"2026-08-25 13:00:00"
28	79	57	28079057	9	"28079057_9_A"	0.000	"N"	"2026-08-25 13:00:00"
28	79	57	28079057	8	"28079057_8_8"	2.000	"V"	"2026-08-25 13:00:00"
28	79	57	28079057	7	"28079057_7_8"	2.000	"V"	"2026-08-25 13:00:00"
28	79	57	28079057	12	"28079057_12_8"	4.000	"V"	"2026-08-25 13:00:00"
28	79	57	28079057	10	"28079057_10_47"	0.000	"N"	"2026-08-25 13:00:00"
28	79	56	28079056	9	"28079056_9_47"	0.000	"N"	"2026-08-25 13:00:00"
28	79	56	28079056	8	"28079056_8_8"	6.000	"V"	"2026-08-25 13:00:00"
28	79	56	28079056	7	"28079056_7_8"	2.000	"V"	"2026-08-25 13:00:00"
28	79	56	28079056	6	"28079056_6_48"	0.100	"V"	"2026-08-25 13:00:00"
28	79	56	28079056	12	"28079056_12_8"	10.000	"V"	"2026-08-25 13:00:00"
28	79	56	28079056	10	"28079056_10_47"	0.000	"N"	"2026-08-25 13:00:00"
28	79	54	28079054	9	"28079054_9_A"	8.000	"V"	"2026-08-25 13:00:00"
28	79	54	28079054	8	"28079054_8_8"	3.000	"V"	"2026-08-25 13:00:00"
28	79	54	28079054	7	"28079054_7_8"	2.000	"V"	"2026-08-25 13:00:00"
28	79	54	28079054	14	"28079054_14_6"	81.000	"V"	"2026-08-25 13:00:00"
28	79	54	28079054	12	"28079054_12_8"	6.000	"V"	"2026-08-25 13:00:00"
28	79	54	28079054	10	"28079054_10_A"	21.000	"V"	"2026-08-25 13:00:00"
28	79	50	28079050	9	"28079050_9_47"	0.000	"N"	"2026-08-25 13:00:00"
28	79	50	28079050	8	"28079050_8_8"	9.000	"V"	"2026-08-25 13:00:00"
28	79	50	28079050	7	"28079050_7_8"	6.000	"V"	"2026-08-25 13:00:00"
28	79	50	28079050	12	"28079050_12_8"	17.000	"V"	"2026-08-25 13:00:00"
28	79	50	28079050	10	"28079050_10_47"	0.000	"N"	"2026-08-25 13:00:00"
28	79	49	28079049	8	"28079049_8_8"	4.000	"V"	"2026-08-25 13:00:00"
28	79	49	28079049	7	"28079049_7_8"	0.000	"V"	"2026-08-25 13:00:00"
28	79	49	28079049	14	"28079049_14_6"	85.000	"V"	"2026-08-25 13:00:00"
28	79	49	28079049	12	"28079049_12_8"	4.000	"V"	"2026-08-25 13:00:00"
28	79	48	28079048	9	"28079048_9_47"	6.000	"V"	"2026-08-25 13:00:00"
28	79	48	28079048	8	"28079048_8_8"	4.000	"V"	"2026-08-25 13:00:00"
28	79	48	28079048	7	"28079048_7_8"	0.000	"V"	"2026-08-25 13:00:00"
28	79	48	28079048	12	"28079048_12_8"	4.000	"V"	"2026-08-25 13:00:00"
28	79	48	28079048	10	"28079048_10_47"	15.000	"V"	"2026-08-25 13:00:00"
28	79	47	28079047	9	"28079047_9_47"	6.000	"V"	"2026-08-25 13:00:00"
28	79	47	28079047	8	"28079047_8_8"	3.000	"V"	"2026-08-25 13:00:00"
28	79	47	28079047	7	"28079047_7_8"	1.000	"V"	"2026-08-25 13:00:00"
28	79	47	28079047	12	"28079047_12_8"	5.000	"V"	"2026-08-25 13:00:00"
28	79	47	28079047	10	"28079047_10_47"	7.000	"V"	"2026-08-25 13:00:00"
28	79	40	28079040	8	"28079040_8_8"	7.000	"V"	"2026-08-25 13:00:00"
28	79	40	28079040	7	"28079040_7_8"	2.000	"V"	"2026-08-25 13:00:00"
28	79	40	28079040	12	"28079040_12_8"	9.000	"V"	"2026-08-25 13:00:00"
28	79	40	28079040	10	"28079040_10_47"	30.000	"V"	"2026-08-25 13:00:00"
28	79	4	28079004	9	"28079004_9_A"	4.000	"V"	"2026-08-25 13:00:00"
28	79	4	28079004	8	"28079004_8_8"	8.000	"V"	"2026-08-25 13:00:00"
28	79	4	28079004	7	"28079004_7_8"	1.000	"V"	"2026-08-25 13:00:00"
28	79	4	28079004	6	"28079004_6_48"	0.200	"V"	"2026-08-25 13:00:00"
28	79	4	28079004	12	"28079004_12_8"	9.000	"V"	"2026-08-25 13:00:00"
28	79	4	28079004	10	"28079004_10_A"	13.000	"V"	"2026-08-25 13:00:00"
28	79	39	28079039	8	"28079039_8_8"	1.000	"V"	"2026-08-25 13:00:00"
28	79	39	28079039	7	"28079039_7_8"	0.000	"V"	"2026-08-25 13:00:00"
28	79	39	28079039	14	"28079039_14_6"	83.000	"V"	"2026-08-25 13:00:00"
28	79	39	28079039	12	"28079039_12_8"	1.000	"V"	"2026-08-25 13:00:00"
28	79	38	28079038	9	"28079038_9_47"	7.000	"V"	"2026-08-25 13:00:00"
28	79	38	28079038	8	"28079038_8_8"	5.000	"V"	"2026-08-25 13:00:00"
28	79	38	28079038	7	"28079038_7_8"	1.000	"V"	"2026-08-25 13:00:00"
28	79	38	28079038	35	"28079038_35_59"	0.100	"V"	"2026-08-25 13:00:00"
28	79	38	28079038	30	"28079038_30_59"	0.600	"V"	"2026-08-25 13:00:00"
28	79	38	28079038	20	"28079038_20_59"	12.000	"V"	"2026-08-25 13:00:00"
28	79	38	28079038	12	"28079038_12_8"	6.000	"V"	"2026-08-25 13:00:00"
28	79	38	28079038	10	"28079038_10_47"	16.000	"V"	"2026-08-25 13:00:00"
28	79	36	28079036	8	"28079036_8_8"	4.000	"V"	"2026-08-25 13:00:00"
28	79	36	28079036	7	"28079036_7_8"	0.000	"V"	"2026-08-25 13:00:00"
28	79	36	28079036	12	"28079036_12_8"	4.000	"V"	"2026-08-25 13:00:00"
28	79	36	28079036	10	"28079036_10_47"	8.000	"V"	"2026-08-25 13:00:00"
28	79	36	28079036	1	"28079036_1_38"	2.000	"V"	"2026-08-25 13:00:00"
28	79	35	28079035	8	"28079035_8_8"	6.000	"V"	"2026-08-25 13:00:00"
28	79	35	28079035	7	"28079035_7_8"	2.000	"V"	"2026-08-25 13:00:00"
28	79	35	28079035	6	"28079035_6_48"	0.200	"V"	"2026-08-25 13:00:00"
28	79	35	28079035	14	"28079035_14_6"	84.000	"V"	"2026-08-25 13:00:00"
28	79	35	28079035	12	"28079035_12_8"	9.000	"V"	"2026-08-25 13:00:00"
28	79	35	28079035	1	"28079035_1_38"	4.000	"V"	"2026-08-25 13:00:00"
28	79	27	28079027	8	"28079027_8_8"	6.000	"V"	"2026-08-25 13:00:00"
28	79	27	28079027	7	"28079027_7_8"	2.000	"V"	"2026-08-25 13:00:00"
28	79	27	28079027	14	"28079027_14_6"	86.000	"V"	"2026-08-25 13:00:00"
28	79	27	28079027	12	"28079027_12_8"	9.000	"V"	"2026-08-25 13:00:00"
28	79	24	28079024	9	"28079024_9_47"	7.000	"V"	"2026-08-25 13:00:00"
28	79	24	28079024	8	"28079024_8_8"	0.000	"V"	"2026-08-25 13:00:00"
28	79	24	28079024	7	"28079024_7_8"	1.000	"V"	"2026-08-25 13:00:00"
28	79	24	28079024	14	"28079024_14_6"	90.000	"V"	"2026-08-25 13:00:00"
28	79	24	28079024	12	"28079024_12_8"	2.000	"V"	"2026-08-25 13:00:00"
28	79	24	28079024	10	"28079024_10_47"	12.000	"V"	"2026-08-25 13:00:00"
28	79	18	28079018	8	"28079018_8_8"	5.000	"V"	"2026-08-25 13:00:00"
28	79	18	28079018	7	"28079018_7_8"	1.000	"V"	"2026-08-25 13:00:00"
28	79	18	28079018	35	"28079018_35_59"	0.400	"V"	"2026-08-25 13:00:00"
28	79	18	28079018	30	"28079018_30_59"	0.100	"V"	"2026-08-25 13:00:00"
28	79	18	28079018	20	"28079018_20_59"	0.300	"V"	"2026-08-25 13:00:00"
28	79	18	28079018	14	"28079018_14_6"	81.000	"V"	"2026-08-25 13:00:00"
28	79	18	28079018	12	"28079018_12_8"	6.000	"V"	"2026-08-25 13:00:00"
28	79	18	28079018	10	"28079018_10_47"	27.000	"V"	"2026-08-25 13:00:00"
28	79	17	28079017	8	"28079017_8_8"	5.000	"V"	"2026-08-25 13:00:00"
28	79	17	28079017	7	"28079017_7_8"	2.000	"V"	"2026-08-25 13:00:00"
28	79	17	28079017	14	"28079017_14_6"	80.000	"V"	"2026-08-25 13:00:00"
28	79	17	28079017	12	"28079017_12_8"	8.000	"V"	"2026-08-25 13:00:00"
28	79	16	28079016	8	"28079016_8_8"	7.000	"V"	"2026-08-25 13:00:00"
28	79	16	28079016	7	"28079016_7_8"	2.000	"V"	"2026-08-25 13:00:00"
28	79	16	28079016	14	"28079016_14_6"	82.000	"V"	"2026-08-25 13:00:00"
28	79	16	28079016	12	"28079016_12_8"	9.000	"V"	"2026-08-25 13:00:00"
28	79	11	28079011	8	"28079011_8_8"	9.000	"V"	"2026-08-25 13:00:00"
28	79	11	28079011	7	"28079011_7_8"	2.000	"V"	"2026-08-25 13:00:00"
28	79	11	28079011	12	"28079011_12_8"	12.000	"V"	"2026-08-25 13:00:00"
28	79	8	28079008	9	"28079008_9_47"	1.000	"V"	"2026-08-25 12:00:00"
28	79	8	28079008	8	"28079008_8_8"	12.000	"V"	"2026-08-25 12:00:00"
28	79	8	28079008	7	"28079008_7_8"	0.000	"V"	"2026-08-25 12:00:00"
28	79	8	28079008	6	"28079008_6_48"	0.200	"V"	"2026-08-25 12:00:00"
28	79	8	28079008	35	"28079008_35_59"	0.300	"V"	"2026-08-25 12:00:00"
28	79	8	28079008	30	"28079008_30_59"	0.200	"V"	"2026-08-25 12:00:00"
28	79	8	28079008	20	"28079008_20_59"	2.200	"V"	"2026-08-25 12:00:00"
28	79	8	28079008	14	"28079008_14_6"	75.000	"V"	"2026-08-25 12:00:00"
28	79	8	28079008	12	"28079008_12_8"	13.000	"V"	"2026-08-25 12:00:00"
28	79	8	28079008	10	"28079008_10_47"	14.000	"V"	"2026-08-25 12:00:00"
28	79	8	28079008	1	"28079008_1_38"	2.000	"V"	"2026-08-25 12:00:00"
28	79	60	28079060	9	"28079060_9_A"	5.000	"V"	"2026-08-25 12:00:00"
28	79	60	28079060	8	"28079060_8_8"	6.000	"V"	"2026-08-25 12:00:00"
28	79	60	28079060	7	"28079060_7_8"	1.000	"V"	"2026-08-25 12:00:00"
28	79	60	28079060	14	"28079060_14_6"	78.000	"V"	"2026-08-25 12:00:00"
28	79	60	28079060	12	"28079060_12_8"	7.000	"V"	"2026-08-25 12:00:00"
28	79	60	28079060	10	"28079060_10_47"	11.000	"V"	"2026-08-25 12:00:00"
28	79	59	28079059	8	"28079059_8_8"	7.000	"V"	"2026-08-25 12:00:00"
28	79	59	28079059	7	"28079059_7_8"	2.000	"V"	"2026-08-25 12:00:00"
28	79	59	28079059	14	"28079059_14_6"	79.000	"V"	"2026-08-25 12:00:00"
28	79	59	28079059	12	"28079059_12_8"	10.000	"V"	"2026-08-25 12:00:00"
28	79	58	28079058	8	"28079058_8_8"	3.000	"V"	"2026-08-25 12:00:00"
28	79	58	28079058	7	"28079058_7_8"	0.000	"V"	"2026-08-25 12:00:00"
28	79	58	28079058	14	"28079058_14_6"	82.000	"V"	"2026-08-25 12:00:00"
28	79	58	28079058	12	"28079058_12_8"	4.000	"V"	"2026-08-25 12:00:00"
28	79	57	28079057	9	"28079057_9_A"	21.000	"V"	"2026-08-25 12:00:00"
28	79	57	28079057	8	"28079057_8_8"	4.000	"V"	"2026-08-25 12:00:00"
28	79	57	28079057	7	"28079057_7_8"	2.000	"V"	"2026-08-25 12:00:00"
28	79	57	28079057	12	"28079057_12_8"	7.000	"V"	"2026-08-25 12:00:00"
28	79	57	28079057	10	"28079057_10_47"	24.000	"V"	"2026-08-25 12:00:00"
28	79	56	28079056	9	"28079056_9_47"	1.000	"V"	"2026-08-25 12:00:00"
28	79	56	28079056	8	"28079056_8_8"	6.000	"V"	"2026-08-25 12:00:00"
28	79	56	28079056	7	"28079056_7_8"	3.000	"V"	"2026-08-25 12:00:00"
28	79	56	28079056	6	"28079056_6_48"	0.100	"V"	"2026-08-25 12:00:00"
28	79	56	28079056	12	"28079056_12_8"	10.000	"V"	"2026-08-25 12:00:00"
28	79	56	28079056	10	"28079056_10_47"	0.000	"V"	"2026-08-25 12:00:00"
28	79	54	28079054	9	"28079054_9_A"	9.000	"V"	"2026-08-25 12:00:00"
28	79	54	28079054	8	"28079054_8_8"	3.000	"V"	"2026-08-25 12:00:00"
28	79	54	28079054	7	"28079054_7_8"	2.000	"V"	"2026-08-25 12:00:00"
28	79	54	28079054	14	"28079054_14_6"	78.000	"V"	"2026-08-25 12:00:00"
28	79	54	28079054	12	"28079054_12_8"	6.000	"V"	"2026-08-25 12:00:00"
28	79	54	28079054	10	"28079054_10_A"	21.000	"V"	"2026-08-25 12:00:00"
28	79	50	28079050	9	"28079050_9_47"	35.000	"V"	"2026-08-25 12:00:00"
28	79	50	28079050	8	"28079050_8_8"	9.000	"V"	"2026-08-25 12:00:00"
28	79	50	28079050	7	"28079050_7_8"	6.000	"V"	"2026-08-25 12:00:00"
28	79	50	28079050	12	"28079050_12_8"	18.000	"V"	"2026-08-25 12:00:00"
28	79	50	28079050	10	"28079050_10_47"	37.000	"V"	"2026-08-25 12:00:00"
28	79	49	28079049	8	"28079049_8_8"	6.000	"V"	"2026-08-25 12:00:00"
28	79	49	28079049	7	"28079049_7_8"	1.000	"V"	"2026-08-25 12:00:00"
28	79	49	28079049	14	"28079049_14_6"	81.000	"V"	"2026-08-25 12:00:00"
28	79	49	28079049	12	"28079049_12_8"	7.000	"V"	"2026-08-25 12:00:00"
28	79	48	28079048	9	"28079048_9_47"	4.000	"V"	"2026-08-25 12:00:00"
28	79	48	28079048	8	"28079048_8_8"	4.000	"V"	"2026-08-25 12:00:00"
28	79	48	28079048	7	"28079048_7_8"	0.000	"V"	"2026-08-25 12:00:00"
28	79	48	28079048	12	"28079048_12_8"	5.000	"V"	"2026-08-25 12:00:00"
28	79	48	28079048	10	"28079048_10_47"	15.000	"V"	"2026-08-25 12:00:00"
28	79	47	28079047	9	"28079047_9_47"	9.000	"V"	"2026-08-25 12:00:00"
28	79	47	28079047	8	"28079047_8_8"	3.000	"V"	"2026-08-25 12:00:00"
28	79	47	28079047	7	"28079047_7_8"	1.000	"V"	"2026-08-25 12:00:00"
28	79	47	28079047	12	"28079047_12_8"	5.000	"V"	"2026-08-25 12:00:00"
28	79	47	28079047	10	"28079047_10_47"	16.000	"V"	"2026-08-25 12:00:00"
28	79	40	28079040	8	"28079040_8_8"	7.000	"V"	"2026-08-25 12:00:00"
28	79	40	28079040	7	"28079040_7_8"	2.000	"V"	"2026-08-25 12:00:00"
28	79	40	28079040	12	"28079040_12_8"	10.000	"V"	"2026-08-25 12:00:00"
28	79	40	28079040	10	"28079040_10_47"	21.000	"V"	"2026-08-25 12:00:00"
28	79	4	28079004	9	"28079004_9_A"	5.000	"V"	"2026-08-25 12:00:00"
28	79	4	28079004	8	"28079004_8_8"	10.000	"V"	"2026-08-25 12:00:00"
28	79	4	28079004	7	"28079004_7_8"	1.000	"V"	"2026-08-25 12:00:00"
28	79	4	28079004	6	"28079004_6_48"	0.200	"V"	"2026-08-25 12:00:00"
28	79	4	28079004	12	"28079004_12_8"	12.000	"V"	"2026-08-25 12:00:00"
28	79	4	28079004	10	"28079004_10_A"	13.000	"V"	"2026-08-25 12:00:00"
28	79	39	28079039	8	"28079039_8_8"	2.000	"V"	"2026-08-25 12:00:00"
28	79	39	28079039	7	"28079039_7_8"	0.000	"V"	"2026-08-25 12:00:00"
28	79	39	28079039	14	"28079039_14_6"	76.000	"V"	"2026-08-25 12:00:00"
28	79	39	28079039	12	"28079039_12_8"	2.000	"V"	"2026-08-25 12:00:00"
28	79	38	28079038	9	"28079038_9_47"	12.000	"V"	"2026-08-25 12:00:00"
28	79	38	28079038	8	"28079038_8_8"	7.000	"V"	"2026-08-25 12:00:00"
28	79	38	28079038	7	"28079038_7_8"	2.000	"V"	"2026-08-25 12:00:00"
28	79	38	28079038	35	"28079038_35_59"	0.100	"V"	"2026-08-25 12:00:00"
28	79	38	28079038	30	"28079038_30_59"	0.600	"V"	"2026-08-25 12:00:00"
28	79	38	28079038	20	"28079038_20_59"	3.400	"V"	"2026-08-25 12:00:00"
28	79	38	28079038	12	"28079038_12_8"	9.000	"V"	"2026-08-25 12:00:00"
28	79	38	28079038	10	"28079038_10_47"	22.000	"V"	"2026-08-25 12:00:00"
28	79	36	28079036	8	"28079036_8_8"	6.000	"V"	"2026-08-25 12:00:00"
28	79	36	28079036	7	"28079036_7_8"	0.000	"V"	"2026-08-25 12:00:00"
28	79	36	28079036	12	"28079036_12_8"	6.000	"V"	"2026-08-25 12:00:00"
28	79	36	28079036	10	"28079036_10_47"	10.000	"V"	"2026-08-25 12:00:00"
28	79	36	28079036	1	"28079036_1_38"	2.000	"V"	"2026-08-25 12:00:00"
28	79	35	28079035	8	"28079035_8_8"	7.000	"V"	"2026-08-25 12:00:00"
28	79	35	28079035	7	"28079035_7_8"	2.000	"V"	"2026-08-25 12:00:00"
28	79	35	28079035	6	"28079035_6_48"	0.200	"V"	"2026-08-25 12:00:00"
28	79	35	28079035	14	"28079035_14_6"	79.000	"V"	"2026-08-25 12:00:00"
28	79	35	28079035	12	"28079035_12_8"	10.000	"V"	"2026-08-25 12:00:00"
28	79	35	28079035	1	"28079035_1_38"	3.000	"V"	"2026-08-25 12:00:00"
28	79	27	28079027	8	"28079027_8_8"	7.000	"V"	"2026-08-25 12:00:00"
28	79	27	28079027	7	"28079027_7_8"	2.000	"V"	"2026-08-25 12:00:00"
28	79	27	28079027	14	"28079027_14_6"	80.000	"V"	"2026-08-25 12:00:00"
28	79	27	28079027	12	"28079027_12_8"	10.000	"V"	"2026-08-25 12:00:00"
28	79	24	28079024	9	"28079024_9_47"	14.000	"V"	"2026-08-25 12:00:00"
28	79	24	28079024	8	"28079024_8_8"	1.000	"V"	"2026-08-25 12:00:00"
28	79	24	28079024	7	"28079024_7_8"	1.000	"V"	"2026-08-25 12:00:00"
28	79	24	28079024	14	"28079024_14_6"	84.000	"V"	"2026-08-25 12:00:00"
28	79	24	28079024	12	"28079024_12_8"	3.000	"V"	"2026-08-25 12:00:00"
28	79	24	28079024	10	"28079024_10_47"	19.000	"V"	"2026-08-25 12:00:00"
28	79	18	28079018	8	"28079018_8_8"	6.000	"V"	"2026-08-25 12:00:00"
28	79	18	28079018	7	"28079018_7_8"	1.000	"V"	"2026-08-25 12:00:00"
28	79	18	28079018	35	"28079018_35_59"	0.300	"V"	"2026-08-25 12:00:00"
28	79	18	28079018	30	"28079018_30_59"	0.200	"V"	"2026-08-25 12:00:00"
28	79	18	28079018	20	"28079018_20_59"	0.600	"V"	"2026-08-25 12:00:00"
28	79	18	28079018	14	"28079018_14_6"	76.000	"V"	"2026-08-25 12:00:00"
28	79	18	28079018	12	"28079018_12_8"	7.000	"V"	"2026-08-25 12:00:00"
28	79	18	28079018	10	"28079018_10_47"	35.000	"V"	"2026-08-25 12:00:00"
28	79	17	28079017	8	"28079017_8_8"	5.000	"V"	"2026-08-25 12:00:00"
28	79	17	28079017	7	"28079017_7_8"	2.000	"V"	"2026-08-25 12:00:00"
28	79	17	28079017	14	"28079017_14_6"	78.000	"V"	"2026-08-25 12:00:00"
28	79	17	28079017	12	"28079017_12_8"	8.000	"V"	"2026-08-25 12:00:00"
28	79	16	28079016	8	"28079016_8_8"	7.000	"V"	"2026-08-25 12:00:00"
28	79	16	28079016	7	"28079016_7_8"	2.000	"V"	"2026-08-25 12:00:00"
28	79	16	28079016	14	"28079016_14_6"	78.000	"V"	"2026-08-25 12:00:00"
28	79	16	28079016	12	"28079016_12_8"	10.000	"V"	"2026-08-25 12:00:00"
28	79	11	28079011	8	"28079011_8_8"	9.000	"V"	"2026-08-25 12:00:00"
28	79	11	28079011	7	"28079011_7_8"	1.000	"V"	"2026-08-25 12:00:00"
28	79	11	28079011	12	"28079011_12_8"	11.000	"V"	"2026-08-25 12:00:00"
28	79	8	28079008	9	"28079008_9_47"	2.000	"V"	"2026-08-25 11:00:00"
28	79	8	28079008	8	"28079008_8_8"	14.000	"V"	"2026-08-25 11:00:00"
28	79	8	28079008	7	"28079008_7_8"	0.000	"V"	"2026-08-25 11:00:00"
28	79	8	28079008	6	"28079008_6_48"	0.200	"V"	"2026-08-25 11:00:00"
28	79	8	28079008	35	"28079008_35_59"	0.300	"V"	"2026-08-25 11:00:00"
28	79	8	28079008	30	"28079008_30_59"	0.300	"V"	"2026-08-25 11:00:00"
28	79	8	28079008	20	"28079008_20_59"	2.600	"V"	"2026-08-25 11:00:00"
28	79	8	28079008	14	"28079008_14_6"	59.000	"V"	"2026-08-25 11:00:00"
28	79	8	28079008	12	"28079008_12_8"	15.000	"V"	"2026-08-25 11:00:00"
28	79	8	28079008	10	"28079008_10_47"	15.000	"V"	"2026-08-25 11:00:00"
28	79	8	28079008	1	"28079008_1_38"	2.000	"V"	"2026-08-25 11:00:00"
28	79	60	28079060	9	"28079060_9_A"	6.000	"V"	"2026-08-25 11:00:00"
28	79	60	28079060	8	"28079060_8_8"	10.000	"V"	"2026-08-25 11:00:00"
28	79	60	28079060	7	"28079060_7_8"	2.000	"V"	"2026-08-25 11:00:00"
28	79	60	28079060	14	"28079060_14_6"	63.000	"V"	"2026-08-25 11:00:00"
28	79	60	28079060	12	"28079060_12_8"	13.000	"V"	"2026-08-25 11:00:00"
28	79	60	28079060	10	"28079060_10_47"	12.000	"V"	"2026-08-25 11:00:00"
28	79	59	28079059	8	"28079059_8_8"	10.000	"V"	"2026-08-25 11:00:00"
28	79	59	28079059	7	"28079059_7_8"	3.000	"V"	"2026-08-25 11:00:00"
28	79	59	28079059	14	"28079059_14_6"	65.000	"V"	"2026-08-25 11:00:00"
28	79	59	28079059	12	"28079059_12_8"	14.000	"V"	"2026-08-25 11:00:00"
28	79	58	28079058	8	"28079058_8_8"	6.000	"V"	"2026-08-25 11:00:00"
28	79	58	28079058	7	"28079058_7_8"	1.000	"V"	"2026-08-25 11:00:00"
28	79	58	28079058	14	"28079058_14_6"	68.000	"V"	"2026-08-25 11:00:00"
28	79	58	28079058	12	"28079058_12_8"	7.000	"V"	"2026-08-25 11:00:00"
28	79	57	28079057	9	"28079057_9_A"	31.000	"V"	"2026-08-25 11:00:00"
28	79	57	28079057	8	"28079057_8_8"	8.000	"V"	"2026-08-25 11:00:00"
28	79	57	28079057	7	"28079057_7_8"	3.000	"V"	"2026-08-25 11:00:00"
28	79	57	28079057	12	"28079057_12_8"	13.000	"V"	"2026-08-25 11:00:00"
28	79	57	28079057	10	"28079057_10_47"	43.000	"V"	"2026-08-25 11:00:00"
28	79	56	28079056	9	"28079056_9_47"	4.000	"V"	"2026-08-25 11:00:00"
28	79	56	28079056	8	"28079056_8_8"	8.000	"V"	"2026-08-25 11:00:00"
28	79	56	28079056	7	"28079056_7_8"	3.000	"V"	"2026-08-25 11:00:00"
28	79	56	28079056	6	"28079056_6_48"	0.100	"V"	"2026-08-25 11:00:00"
28	79	56	28079056	12	"28079056_12_8"	13.000	"V"	"2026-08-25 11:00:00"
28	79	56	28079056	10	"28079056_10_47"	15.000	"V"	"2026-08-25 11:00:00"
28	79	54	28079054	9	"28079054_9_A"	7.000	"V"	"2026-08-25 11:00:00"
28	79	54	28079054	8	"28079054_8_8"	7.000	"V"	"2026-08-25 11:00:00"
28	79	54	28079054	7	"28079054_7_8"	3.000	"V"	"2026-08-25 11:00:00"
28	79	54	28079054	14	"28079054_14_6"	66.000	"V"	"2026-08-25 11:00:00"
28	79	54	28079054	12	"28079054_12_8"	11.000	"V"	"2026-08-25 11:00:00"
28	79	54	28079054	10	"28079054_10_A"	20.000	"V"	"2026-08-25 11:00:00"
28	79	50	28079050	9	"28079050_9_47"	0.000	"N"	"2026-08-25 11:00:00"
28	79	50	28079050	8	"28079050_8_8"	11.000	"V"	"2026-08-25 11:00:00"
28	79	50	28079050	7	"28079050_7_8"	6.000	"V"	"2026-08-25 11:00:00"
28	79	50	28079050	12	"28079050_12_8"	20.000	"V"	"2026-08-25 11:00:00"
28	79	50	28079050	10	"28079050_10_47"	0.000	"N"	"2026-08-25 11:00:00"
28	79	49	28079049	8	"28079049_8_8"	9.000	"V"	"2026-08-25 11:00:00"
28	79	49	28079049	7	"28079049_7_8"	1.000	"V"	"2026-08-25 11:00:00"
28	79	49	28079049	14	"28079049_14_6"	0.000	"N"	"2026-08-25 11:00:00"
28	79	49	28079049	12	"28079049_12_8"	11.000	"V"	"2026-08-25 11:00:00"
28	79	48	28079048	9	"28079048_9_47"	7.000	"V"	"2026-08-25 11:00:00"
28	79	48	28079048	8	"28079048_8_8"	7.000	"V"	"2026-08-25 11:00:00"
28	79	48	28079048	7	"28079048_7_8"	1.000	"V"	"2026-08-25 11:00:00"
28	79	48	28079048	12	"28079048_12_8"	8.000	"V"	"2026-08-25 11:00:00"
28	79	48	28079048	10	"28079048_10_47"	18.000	"V"	"2026-08-25 11:00:00"
28	79	47	28079047	9	"28079047_9_47"	6.000	"V"	"2026-08-25 11:00:00"
28	79	47	28079047	8	"28079047_8_8"	7.000	"V"	"2026-08-25 11:00:00"
28	79	47	28079047	7	"28079047_7_8"	1.000	"V"	"2026-08-25 11:00:00"
28	79	47	28079047	12	"28079047_12_8"	8.000	"V"	"2026-08-25 11:00:00"
28	79	47	28079047	10	"28079047_10_47"	27.000	"V"	"2026-08-25 11:00:00"
28	79	40	28079040	8	"28079040_8_8"	11.000	"V"	"2026-08-25 11:00:00"
28	79	40	28079040	7	"28079040_7_8"	4.000	"V"	"2026-08-25 11:00:00"
28	79	40	28079040	12	"28079040_12_8"	18.000	"V"	"2026-08-25 11:00:00"
28	79	40	28079040	10	"28079040_10_47"	27.000	"V"	"2026-08-25 11:00:00"
28	79	4	28079004	9	"28079004_9_A"	6.000	"V"	"2026-08-25 11:00:00"
28	79	4	28079004	8	"28079004_8_8"	13.000	"V"	"2026-08-25 11:00:00"
28	79	4	28079004	7	"28079004_7_8"	2.000	"V"	"2026-08-25 11:00:00"
28	79	4	28079004	6	"28079004_6_48"	0.200	"V"	"2026-08-25 11:00:00"
28	79	4	28079004	12	"28079004_12_8"	16.000	"V"	"2026-08-25 11:00:00"
28	79	4	28079004	10	"28079004_10_A"	15.000	"V"	"2026-08-25 11:00:00"
28	79	39	28079039	8	"28079039_8_8"	6.000	"V"	"2026-08-25 11:00:00"
28	79	39	28079039	7	"28079039_7_8"	1.000	"V"	"2026-08-25 11:00:00"
28	79	39	28079039	14	"28079039_14_6"	60.000	"V"	"2026-08-25 11:00:00"
28	79	39	28079039	12	"28079039_12_8"	7.000	"V"	"2026-08-25 11:00:00"
28	79	38	28079038	9	"28079038_9_47"	9.000	"V"	"2026-08-25 11:00:00"
28	79	38	28079038	8	"28079038_8_8"	11.000	"V"	"2026-08-25 11:00:00"
28	79	38	28079038	35	"28079038_35_59"	0.000	"V"	"2026-08-25 11:00:00"
28	79	38	28079038	30	"28079038_30_59"	0.600	"V"	"2026-08-25 11:00:00"
28	79	38	28079038	20	"28079038_20_59"	6.900	"V"	"2026-08-25 11:00:00"
28	79	38	28079038	12	"28079038_12_8"	15.000	"V"	"2026-08-25 11:00:00"
28	79	38	28079038	10	"28079038_10_47"	24.000	"V"	"2026-08-25 11:00:00"
28	79	36	28079036	8	"28079036_8_8"	9.000	"V"	"2026-08-25 11:00:00"
28	79	36	28079036	7	"28079036_7_8"	0.000	"V"	"2026-08-25 11:00:00"
28	79	36	28079036	12	"28079036_12_8"	9.000	"V"	"2026-08-25 11:00:00"
28	79	36	28079036	10	"28079036_10_47"	13.000	"V"	"2026-08-25 11:00:00"
28	79	36	28079036	1	"28079036_1_38"	2.000	"V"	"2026-08-25 11:00:00"
28	79	35	28079035	8	"28079035_8_8"	12.000	"V"	"2026-08-25 11:00:00"
28	79	35	28079035	7	"28079035_7_8"	4.000	"V"	"2026-08-25 11:00:00"
28	79	35	28079035	6	"28079035_6_48"	0.200	"V"	"2026-08-25 11:00:00"
28	79	35	28079035	14	"28079035_14_6"	62.000	"V"	"2026-08-25 11:00:00"
28	79	35	28079035	12	"28079035_12_8"	19.000	"V"	"2026-08-25 11:00:00"
28	79	35	28079035	1	"28079035_1_38"	4.000	"V"	"2026-08-25 11:00:00"
28	79	27	28079027	8	"28079027_8_8"	11.000	"V"	"2026-08-25 11:00:00"
28	79	27	28079027	7	"28079027_7_8"	3.000	"V"	"2026-08-25 11:00:00"
28	79	27	28079027	14	"28079027_14_6"	65.000	"V"	"2026-08-25 11:00:00"
28	79	27	28079027	12	"28079027_12_8"	15.000	"V"	"2026-08-25 11:00:00"
28	79	24	28079024	9	"28079024_9_47"	24.000	"V"	"2026-08-25 11:00:00"
28	79	24	28079024	8	"28079024_8_8"	6.000	"V"	"2026-08-25 11:00:00"
28	79	24	28079024	7	"28079024_7_8"	1.000	"V"	"2026-08-25 11:00:00"
28	79	24	28079024	14	"28079024_14_6"	68.000	"V"	"2026-08-25 11:00:00"
28	79	24	28079024	12	"28079024_12_8"	7.000	"V"	"2026-08-25 11:00:00"
28	79	24	28079024	10	"28079024_10_47"	32.000	"V"	"2026-08-25 11:00:00"
28	79	18	28079018	8	"28079018_8_8"	8.000	"V"	"2026-08-25 11:00:00"
28	79	18	28079018	7	"28079018_7_8"	1.000	"V"	"2026-08-25 11:00:00"
28	79	18	28079018	35	"28079018_35_59"	0.500	"V"	"2026-08-25 11:00:00"
28	79	18	28079018	30	"28079018_30_59"	0.200	"V"	"2026-08-25 11:00:00"
28	79	18	28079018	20	"28079018_20_59"	0.600	"V"	"2026-08-25 11:00:00"
28	79	38	28079038	7	"28079038_7_8"	3.000	"V"	"2026-08-25 11:00:00"
28	79	18	28079018	14	"28079018_14_6"	64.000	"V"	"2026-08-25 11:00:00"
28	79	18	28079018	12	"28079018_12_8"	10.000	"V"	"2026-08-25 11:00:00"
28	79	18	28079018	10	"28079018_10_47"	41.000	"V"	"2026-08-25 11:00:00"
28	79	17	28079017	8	"28079017_8_8"	7.000	"V"	"2026-08-25 11:00:00"
28	79	17	28079017	7	"28079017_7_8"	3.000	"V"	"2026-08-25 11:00:00"
28	79	17	28079017	14	"28079017_14_6"	69.000	"V"	"2026-08-25 11:00:00"
28	79	17	28079017	12	"28079017_12_8"	11.000	"V"	"2026-08-25 11:00:00"
28	79	16	28079016	8	"28079016_8_8"	11.000	"V"	"2026-08-25 11:00:00"
28	79	16	28079016	7	"28079016_7_8"	2.000	"V"	"2026-08-25 11:00:00"
28	79	16	28079016	14	"28079016_14_6"	63.000	"V"	"2026-08-25 11:00:00"
28	79	16	28079016	12	"28079016_12_8"	14.000	"V"	"2026-08-25 11:00:00"
28	79	11	28079011	8	"28079011_8_8"	10.000	"V"	"2026-08-25 11:00:00"
28	79	11	28079011	7	"28079011_7_8"	2.000	"V"	"2026-08-25 11:00:00"
28	79	11	28079011	12	"28079011_12_8"	13.000	"V"	"2026-08-25 11:00:00"
28	79	8	28079008	9	"28079008_9_47"	1.000	"V"	"2026-08-25 10:00:00"
28	79	8	28079008	8	"28079008_8_8"	14.000	"V"	"2026-08-25 10:00:00"
28	79	8	28079008	7	"28079008_7_8"	1.000	"V"	"2026-08-25 10:00:00"
28	79	8	28079008	6	"28079008_6_48"	0.200	"V"	"2026-08-25 10:00:00"
28	79	8	28079008	35	"28079008_35_59"	0.400	"V"	"2026-08-25 10:00:00"
28	79	8	28079008	30	"28079008_30_59"	0.300	"V"	"2026-08-25 10:00:00"
28	79	8	28079008	20	"28079008_20_59"	1.900	"V"	"2026-08-25 10:00:00"
28	79	8	28079008	14	"28079008_14_6"	46.000	"V"	"2026-08-25 10:00:00"
28	79	8	28079008	12	"28079008_12_8"	15.000	"V"	"2026-08-25 10:00:00"
28	79	8	28079008	10	"28079008_10_47"	18.000	"V"	"2026-08-25 10:00:00"
28	79	8	28079008	1	"28079008_1_38"	2.000	"V"	"2026-08-25 10:00:00"
28	79	60	28079060	9	"28079060_9_A"	6.000	"V"	"2026-08-25 10:00:00"
28	79	60	28079060	8	"28079060_8_8"	11.000	"V"	"2026-08-25 10:00:00"
28	79	60	28079060	7	"28079060_7_8"	2.000	"V"	"2026-08-25 10:00:00"
28	79	60	28079060	14	"28079060_14_6"	54.000	"V"	"2026-08-25 10:00:00"
28	79	60	28079060	12	"28079060_12_8"	14.000	"V"	"2026-08-25 10:00:00"
28	79	60	28079060	10	"28079060_10_47"	12.000	"V"	"2026-08-25 10:00:00"
28	79	59	28079059	8	"28079059_8_8"	18.000	"V"	"2026-08-25 10:00:00"
28	79	59	28079059	7	"28079059_7_8"	5.000	"V"	"2026-08-25 10:00:00"
28	79	59	28079059	14	"28079059_14_6"	49.000	"V"	"2026-08-25 10:00:00"
28	79	59	28079059	12	"28079059_12_8"	25.000	"V"	"2026-08-25 10:00:00"
28	79	58	28079058	8	"28079058_8_8"	8.000	"V"	"2026-08-25 10:00:00"
28	79	58	28079058	7	"28079058_7_8"	1.000	"V"	"2026-08-25 10:00:00"
28	79	58	28079058	14	"28079058_14_6"	52.000	"V"	"2026-08-25 10:00:00"
28	79	58	28079058	12	"28079058_12_8"	9.000	"V"	"2026-08-25 10:00:00"
28	79	57	28079057	9	"28079057_9_A"	45.000	"V"	"2026-08-25 10:00:00"
28	79	57	28079057	8	"28079057_8_8"	14.000	"V"	"2026-08-25 10:00:00"
28	79	57	28079057	7	"28079057_7_8"	4.000	"V"	"2026-08-25 10:00:00"
28	79	57	28079057	12	"28079057_12_8"	20.000	"V"	"2026-08-25 10:00:00"
28	79	57	28079057	10	"28079057_10_47"	63.000	"V"	"2026-08-25 10:00:00"
28	79	56	28079056	9	"28079056_9_47"	11.000	"V"	"2026-08-25 10:00:00"
28	79	56	28079056	8	"28079056_8_8"	14.000	"V"	"2026-08-25 10:00:00"
28	79	56	28079056	7	"28079056_7_8"	4.000	"V"	"2026-08-25 10:00:00"
28	79	56	28079056	6	"28079056_6_48"	0.200	"V"	"2026-08-25 10:00:00"
28	79	56	28079056	12	"28079056_12_8"	21.000	"V"	"2026-08-25 10:00:00"
28	79	56	28079056	10	"28079056_10_47"	19.000	"V"	"2026-08-25 10:00:00"
28	79	54	28079054	9	"28079054_9_A"	2.000	"V"	"2026-08-25 10:00:00"
28	79	54	28079054	8	"28079054_8_8"	12.000	"V"	"2026-08-25 10:00:00"
28	79	54	28079054	7	"28079054_7_8"	4.000	"V"	"2026-08-25 10:00:00"
28	79	54	28079054	14	"28079054_14_6"	51.000	"V"	"2026-08-25 10:00:00"
28	79	54	28079054	12	"28079054_12_8"	17.000	"V"	"2026-08-25 10:00:00"
28	79	54	28079054	10	"28079054_10_A"	4.000	"V"	"2026-08-25 10:00:00"
28	79	50	28079050	9	"28079050_9_47"	64.000	"V"	"2026-08-25 10:00:00"
28	79	50	28079050	8	"28079050_8_8"	19.000	"V"	"2026-08-25 10:00:00"
28	79	50	28079050	7	"28079050_7_8"	10.000	"V"	"2026-08-25 10:00:00"
28	79	50	28079050	12	"28079050_12_8"	34.000	"V"	"2026-08-25 10:00:00"
28	79	50	28079050	10	"28079050_10_47"	88.000	"V"	"2026-08-25 10:00:00"
28	79	49	28079049	8	"28079049_8_8"	0.000	"N"	"2026-08-25 10:00:00"
28	79	49	28079049	7	"28079049_7_8"	0.000	"N"	"2026-08-25 10:00:00"
28	79	49	28079049	14	"28079049_14_6"	53.000	"V"	"2026-08-25 10:00:00"
28	79	49	28079049	12	"28079049_12_8"	0.000	"N"	"2026-08-25 10:00:00"
28	79	48	28079048	9	"28079048_9_47"	5.000	"V"	"2026-08-25 10:00:00"
28	79	48	28079048	8	"28079048_8_8"	9.000	"V"	"2026-08-25 10:00:00"
28	79	48	28079048	7	"28079048_7_8"	1.000	"V"	"2026-08-25 10:00:00"
28	79	48	28079048	12	"28079048_12_8"	10.000	"V"	"2026-08-25 10:00:00"
28	79	48	28079048	10	"28079048_10_47"	19.000	"V"	"2026-08-25 10:00:00"
28	79	47	28079047	9	"28079047_9_47"	7.000	"V"	"2026-08-25 10:00:00"
28	79	47	28079047	8	"28079047_8_8"	13.000	"V"	"2026-08-25 10:00:00"
28	79	47	28079047	7	"28079047_7_8"	2.000	"V"	"2026-08-25 10:00:00"
28	79	47	28079047	12	"28079047_12_8"	16.000	"V"	"2026-08-25 10:00:00"
28	79	47	28079047	10	"28079047_10_47"	32.000	"V"	"2026-08-25 10:00:00"
28	79	40	28079040	8	"28079040_8_8"	16.000	"V"	"2026-08-25 10:00:00"
28	79	40	28079040	7	"28079040_7_8"	4.000	"V"	"2026-08-25 10:00:00"
28	79	40	28079040	12	"28079040_12_8"	22.000	"V"	"2026-08-25 10:00:00"
28	79	40	28079040	10	"28079040_10_47"	34.000	"V"	"2026-08-25 10:00:00"
28	79	4	28079004	9	"28079004_9_A"	7.000	"V"	"2026-08-25 10:00:00"
28	79	4	28079004	8	"28079004_8_8"	12.000	"V"	"2026-08-25 10:00:00"
28	79	4	28079004	7	"28079004_7_8"	2.000	"V"	"2026-08-25 10:00:00"
28	79	4	28079004	6	"28079004_6_48"	0.200	"V"	"2026-08-25 10:00:00"
28	79	4	28079004	12	"28079004_12_8"	14.000	"V"	"2026-08-25 10:00:00"
28	79	4	28079004	10	"28079004_10_A"	17.000	"V"	"2026-08-25 10:00:00"
28	79	39	28079039	8	"28079039_8_8"	10.000	"V"	"2026-08-25 10:00:00"
28	79	39	28079039	7	"28079039_7_8"	1.000	"V"	"2026-08-25 10:00:00"
28	79	39	28079039	14	"28079039_14_6"	49.000	"V"	"2026-08-25 10:00:00"
28	79	39	28079039	12	"28079039_12_8"	12.000	"V"	"2026-08-25 10:00:00"
28	79	38	28079038	9	"28079038_9_47"	10.000	"V"	"2026-08-25 10:00:00"
28	79	38	28079038	8	"28079038_8_8"	16.000	"V"	"2026-08-25 10:00:00"
28	79	38	28079038	7	"28079038_7_8"	4.000	"V"	"2026-08-25 10:00:00"
28	79	38	28079038	35	"28079038_35_59"	0.100	"V"	"2026-08-25 10:00:00"
28	79	38	28079038	30	"28079038_30_59"	0.700	"V"	"2026-08-25 10:00:00"
28	79	38	28079038	20	"28079038_20_59"	2.800	"V"	"2026-08-25 10:00:00"
28	79	38	28079038	12	"28079038_12_8"	21.000	"V"	"2026-08-25 10:00:00"
28	79	38	28079038	10	"28079038_10_47"	21.000	"V"	"2026-08-25 10:00:00"
28	79	36	28079036	8	"28079036_8_8"	14.000	"V"	"2026-08-25 10:00:00"
28	79	36	28079036	7	"28079036_7_8"	1.000	"V"	"2026-08-25 10:00:00"
28	79	36	28079036	12	"28079036_12_8"	16.000	"V"	"2026-08-25 10:00:00"
28	79	36	28079036	10	"28079036_10_47"	16.000	"V"	"2026-08-25 10:00:00"
28	79	36	28079036	1	"28079036_1_38"	2.000	"V"	"2026-08-25 10:00:00"
28	79	35	28079035	8	"28079035_8_8"	14.000	"V"	"2026-08-25 10:00:00"
28	79	35	28079035	7	"28079035_7_8"	3.000	"V"	"2026-08-25 10:00:00"
28	79	35	28079035	6	"28079035_6_48"	0.300	"V"	"2026-08-25 10:00:00"
28	79	35	28079035	14	"28079035_14_6"	51.000	"V"	"2026-08-25 10:00:00"
28	79	35	28079035	12	"28079035_12_8"	18.000	"V"	"2026-08-25 10:00:00"
28	79	35	28079035	1	"28079035_1_38"	3.000	"V"	"2026-08-25 10:00:00"
28	79	27	28079027	8	"28079027_8_8"	19.000	"V"	"2026-08-25 10:00:00"
28	79	27	28079027	7	"28079027_7_8"	4.000	"V"	"2026-08-25 10:00:00"
28	79	27	28079027	14	"28079027_14_6"	48.000	"V"	"2026-08-25 10:00:00"
28	79	27	28079027	12	"28079027_12_8"	26.000	"V"	"2026-08-25 10:00:00"
28	79	24	28079024	9	"28079024_9_47"	26.000	"V"	"2026-08-25 10:00:00"
28	79	24	28079024	8	"28079024_8_8"	9.000	"V"	"2026-08-25 10:00:00"
28	79	24	28079024	14	"28079024_14_6"	51.000	"V"	"2026-08-25 10:00:00"
28	79	24	28079024	12	"28079024_12_8"	11.000	"V"	"2026-08-25 10:00:00"
28	79	24	28079024	10	"28079024_10_47"	35.000	"V"	"2026-08-25 10:00:00"
28	79	18	28079018	8	"28079018_8_8"	12.000	"V"	"2026-08-25 10:00:00"
28	79	18	28079018	7	"28079018_7_8"	3.000	"V"	"2026-08-25 10:00:00"
28	79	18	28079018	35	"28079018_35_59"	0.900	"V"	"2026-08-25 10:00:00"
28	79	18	28079018	30	"28079018_30_59"	0.100	"V"	"2026-08-25 10:00:00"
28	79	18	28079018	20	"28079018_20_59"	0.900	"V"	"2026-08-25 10:00:00"
28	79	18	28079018	14	"28079018_14_6"	50.000	"V"	"2026-08-25 10:00:00"
28	79	24	28079024	7	"28079024_7_8"	1.000	"V"	"2026-08-25 10:00:00"
28	79	18	28079018	12	"28079018_12_8"	17.000	"V"	"2026-08-25 10:00:00"
28	79	18	28079018	10	"28079018_10_47"	41.000	"V"	"2026-08-25 10:00:00"
28	79	17	28079017	8	"28079017_8_8"	12.000	"V"	"2026-08-25 10:00:00"
28	79	17	28079017	7	"28079017_7_8"	3.000	"V"	"2026-08-25 10:00:00"
28	79	17	28079017	14	"28079017_14_6"	53.000	"V"	"2026-08-25 10:00:00"
28	79	17	28079017	12	"28079017_12_8"	17.000	"V"	"2026-08-25 10:00:00"
28	79	16	28079016	8	"28079016_8_8"	17.000	"V"	"2026-08-25 10:00:00"
28	79	16	28079016	7	"28079016_7_8"	2.000	"V"	"2026-08-25 10:00:00"
28	79	16	28079016	14	"28079016_14_6"	50.000	"V"	"2026-08-25 10:00:00"
28	79	16	28079016	12	"28079016_12_8"	20.000	"V"	"2026-08-25 10:00:00"
28	79	11	28079011	8	"28079011_8_8"	16.000	"V"	"2026-08-25 10:00:00"
28	79	11	28079011	7	"28079011_7_8"	2.000	"V"	"2026-08-25 10:00:00"
28	79	11	28079011	12	"28079011_12_8"	19.000	"V"	"2026-08-25 10:00:00"
28	79	8	28079008	9	"28079008_9_47"	2.000	"V"	"2026-08-25 09:00:00"
28	79	8	28079008	8	"28079008_8_8"	12.000	"V"	"2026-08-25 09:00:00"
28	79	8	28079008	7	"28079008_7_8"	1.000	"V"	"2026-08-25 09:00:00"
28	79	8	28079008	6	"28079008_6_48"	0.200	"V"	"2026-08-25 09:00:00"
28	79	8	28079008	35	"28079008_35_59"	0.300	"V"	"2026-08-25 09:00:00"
28	79	8	28079008	30	"28079008_30_59"	0.300	"V"	"2026-08-25 09:00:00"
28	79	8	28079008	20	"28079008_20_59"	1.500	"V"	"2026-08-25 09:00:00"
28	79	8	28079008	14	"28079008_14_6"	38.000	"V"	"2026-08-25 09:00:00"
28	79	8	28079008	12	"28079008_12_8"	13.000	"V"	"2026-08-25 09:00:00"
28	79	8	28079008	10	"28079008_10_47"	18.000	"V"	"2026-08-25 09:00:00"
28	79	8	28079008	1	"28079008_1_38"	2.000	"V"	"2026-08-25 09:00:00"
28	79	60	28079060	9	"28079060_9_A"	5.000	"V"	"2026-08-25 09:00:00"
28	79	60	28079060	8	"28079060_8_8"	13.000	"V"	"2026-08-25 09:00:00"
28	79	60	28079060	7	"28079060_7_8"	1.000	"V"	"2026-08-25 09:00:00"
28	79	60	28079060	14	"28079060_14_6"	49.000	"V"	"2026-08-25 09:00:00"
28	79	60	28079060	12	"28079060_12_8"	14.000	"V"	"2026-08-25 09:00:00"
28	79	60	28079060	10	"28079060_10_47"	10.000	"V"	"2026-08-25 09:00:00"
28	79	59	28079059	8	"28079059_8_8"	25.000	"V"	"2026-08-25 09:00:00"
28	79	59	28079059	7	"28079059_7_8"	3.000	"V"	"2026-08-25 09:00:00"
28	79	59	28079059	14	"28079059_14_6"	42.000	"V"	"2026-08-25 09:00:00"
28	79	59	28079059	12	"28079059_12_8"	29.000	"V"	"2026-08-25 09:00:00"
28	79	58	28079058	8	"28079058_8_8"	8.000	"V"	"2026-08-25 09:00:00"
28	79	58	28079058	7	"28079058_7_8"	0.000	"V"	"2026-08-25 09:00:00"
28	79	58	28079058	14	"28079058_14_6"	41.000	"V"	"2026-08-25 09:00:00"
28	79	58	28079058	12	"28079058_12_8"	9.000	"V"	"2026-08-25 09:00:00"
28	79	57	28079057	9	"28079057_9_A"	40.000	"V"	"2026-08-25 09:00:00"
28	79	57	28079057	8	"28079057_8_8"	13.000	"V"	"2026-08-25 09:00:00"
28	79	57	28079057	7	"28079057_7_8"	2.000	"V"	"2026-08-25 09:00:00"
28	79	57	28079057	12	"28079057_12_8"	16.000	"V"	"2026-08-25 09:00:00"
28	79	57	28079057	10	"28079057_10_47"	54.000	"V"	"2026-08-25 09:00:00"
28	79	56	28079056	9	"28079056_9_47"	11.000	"V"	"2026-08-25 09:00:00"
28	79	56	28079056	8	"28079056_8_8"	23.000	"V"	"2026-08-25 09:00:00"
28	79	56	28079056	7	"28079056_7_8"	5.000	"V"	"2026-08-25 09:00:00"
28	79	56	28079056	6	"28079056_6_48"	0.200	"V"	"2026-08-25 09:00:00"
28	79	56	28079056	12	"28079056_12_8"	31.000	"V"	"2026-08-25 09:00:00"
28	79	56	28079056	10	"28079056_10_47"	24.000	"V"	"2026-08-25 09:00:00"
28	79	54	28079054	9	"28079054_9_A"	2.000	"V"	"2026-08-25 09:00:00"
28	79	54	28079054	8	"28079054_8_8"	0.000	"N"	"2026-08-25 09:00:00"
28	79	54	28079054	7	"28079054_7_8"	0.000	"N"	"2026-08-25 09:00:00"
28	79	54	28079054	14	"28079054_14_6"	0.000	"N"	"2026-08-25 09:00:00"
28	79	54	28079054	12	"28079054_12_8"	0.000	"N"	"2026-08-25 09:00:00"
28	79	54	28079054	10	"28079054_10_A"	5.000	"V"	"2026-08-25 09:00:00"
28	79	50	28079050	9	"28079050_9_47"	58.000	"V"	"2026-08-25 09:00:00"
28	79	50	28079050	8	"28079050_8_8"	18.000	"V"	"2026-08-25 09:00:00"
28	79	50	28079050	7	"28079050_7_8"	8.000	"V"	"2026-08-25 09:00:00"
28	79	50	28079050	12	"28079050_12_8"	31.000	"V"	"2026-08-25 09:00:00"
28	79	50	28079050	10	"28079050_10_47"	76.000	"V"	"2026-08-25 09:00:00"
28	79	49	28079049	8	"28079049_8_8"	0.000	"N"	"2026-08-25 09:00:00"
28	79	49	28079049	7	"28079049_7_8"	0.000	"N"	"2026-08-25 09:00:00"
28	79	49	28079049	14	"28079049_14_6"	44.000	"V"	"2026-08-25 09:00:00"
28	79	49	28079049	12	"28079049_12_8"	0.000	"N"	"2026-08-25 09:00:00"
28	79	48	28079048	9	"28079048_9_47"	2.000	"V"	"2026-08-25 09:00:00"
28	79	48	28079048	8	"28079048_8_8"	12.000	"V"	"2026-08-25 09:00:00"
28	79	48	28079048	7	"28079048_7_8"	1.000	"V"	"2026-08-25 09:00:00"
28	79	48	28079048	12	"28079048_12_8"	13.000	"V"	"2026-08-25 09:00:00"
28	79	48	28079048	10	"28079048_10_47"	10.000	"V"	"2026-08-25 09:00:00"
28	79	47	28079047	9	"28079047_9_47"	7.000	"V"	"2026-08-25 09:00:00"
28	79	47	28079047	8	"28079047_8_8"	17.000	"V"	"2026-08-25 09:00:00"
28	79	47	28079047	7	"28079047_7_8"	1.000	"V"	"2026-08-25 09:00:00"
28	79	47	28079047	12	"28079047_12_8"	19.000	"V"	"2026-08-25 09:00:00"
28	79	47	28079047	10	"28079047_10_47"	29.000	"V"	"2026-08-25 09:00:00"
28	79	40	28079040	8	"28079040_8_8"	32.000	"V"	"2026-08-25 09:00:00"
28	79	40	28079040	7	"28079040_7_8"	6.000	"V"	"2026-08-25 09:00:00"
28	79	40	28079040	12	"28079040_12_8"	41.000	"V"	"2026-08-25 09:00:00"
28	79	40	28079040	10	"28079040_10_47"	28.000	"V"	"2026-08-25 09:00:00"
28	79	4	28079004	9	"28079004_9_A"	6.000	"V"	"2026-08-25 09:00:00"
28	79	4	28079004	8	"28079004_8_8"	15.000	"V"	"2026-08-25 09:00:00"
28	79	4	28079004	7	"28079004_7_8"	1.000	"V"	"2026-08-25 09:00:00"
28	79	4	28079004	6	"28079004_6_48"	0.200	"V"	"2026-08-25 09:00:00"
28	79	4	28079004	12	"28079004_12_8"	17.000	"V"	"2026-08-25 09:00:00"
28	79	4	28079004	10	"28079004_10_A"	15.000	"V"	"2026-08-25 09:00:00"
28	79	39	28079039	8	"28079039_8_8"	12.000	"V"	"2026-08-25 09:00:00"
28	79	39	28079039	7	"28079039_7_8"	0.000	"V"	"2026-08-25 09:00:00"
28	79	39	28079039	14	"28079039_14_6"	43.000	"V"	"2026-08-25 09:00:00"
28	79	39	28079039	12	"28079039_12_8"	12.000	"V"	"2026-08-25 09:00:00"
28	79	38	28079038	9	"28079038_9_47"	8.000	"V"	"2026-08-25 09:00:00"
28	79	38	28079038	8	"28079038_8_8"	17.000	"V"	"2026-08-25 09:00:00"
28	79	38	28079038	7	"28079038_7_8"	2.000	"V"	"2026-08-25 09:00:00"
28	79	38	28079038	35	"28079038_35_59"	0.100	"V"	"2026-08-25 09:00:00"
28	79	38	28079038	30	"28079038_30_59"	0.800	"V"	"2026-08-25 09:00:00"
28	79	38	28079038	20	"28079038_20_59"	1.200	"V"	"2026-08-25 09:00:00"
28	79	38	28079038	12	"28079038_12_8"	20.000	"V"	"2026-08-25 09:00:00"
28	79	38	28079038	10	"28079038_10_47"	17.000	"V"	"2026-08-25 09:00:00"
28	79	36	28079036	8	"28079036_8_8"	24.000	"V"	"2026-08-25 09:00:00"
28	79	36	28079036	7	"28079036_7_8"	1.000	"V"	"2026-08-25 09:00:00"
28	79	36	28079036	12	"28079036_12_8"	25.000	"V"	"2026-08-25 09:00:00"
28	79	36	28079036	10	"28079036_10_47"	16.000	"V"	"2026-08-25 09:00:00"
28	79	36	28079036	1	"28079036_1_38"	2.000	"V"	"2026-08-25 09:00:00"
28	79	35	28079035	8	"28079035_8_8"	19.000	"V"	"2026-08-25 09:00:00"
28	79	35	28079035	7	"28079035_7_8"	3.000	"V"	"2026-08-25 09:00:00"
28	79	35	28079035	6	"28079035_6_48"	0.200	"V"	"2026-08-25 09:00:00"
28	79	35	28079035	14	"28079035_14_6"	43.000	"V"	"2026-08-25 09:00:00"
28	79	35	28079035	12	"28079035_12_8"	24.000	"V"	"2026-08-25 09:00:00"
28	79	35	28079035	1	"28079035_1_38"	3.000	"V"	"2026-08-25 09:00:00"
28	79	27	28079027	8	"28079027_8_8"	29.000	"V"	"2026-08-25 09:00:00"
28	79	27	28079027	7	"28079027_7_8"	5.000	"V"	"2026-08-25 09:00:00"
28	79	27	28079027	14	"28079027_14_6"	36.000	"V"	"2026-08-25 09:00:00"
28	79	27	28079027	12	"28079027_12_8"	37.000	"V"	"2026-08-25 09:00:00"
28	79	24	28079024	9	"28079024_9_47"	23.000	"V"	"2026-08-25 09:00:00"
28	79	24	28079024	8	"28079024_8_8"	8.000	"V"	"2026-08-25 09:00:00"
28	79	24	28079024	7	"28079024_7_8"	1.000	"V"	"2026-08-25 09:00:00"
28	79	24	28079024	14	"28079024_14_6"	44.000	"V"	"2026-08-25 09:00:00"
28	79	24	28079024	12	"28079024_12_8"	10.000	"V"	"2026-08-25 09:00:00"
28	79	24	28079024	10	"28079024_10_47"	33.000	"V"	"2026-08-25 09:00:00"
28	79	18	28079018	8	"28079018_8_8"	19.000	"V"	"2026-08-25 09:00:00"
28	79	18	28079018	7	"28079018_7_8"	2.000	"V"	"2026-08-25 09:00:00"
28	79	18	28079018	35	"28079018_35_59"	0.900	"V"	"2026-08-25 09:00:00"
28	79	18	28079018	30	"28079018_30_59"	0.200	"V"	"2026-08-25 09:00:00"
28	79	18	28079018	20	"28079018_20_59"	1.500	"V"	"2026-08-25 09:00:00"
28	79	18	28079018	14	"28079018_14_6"	39.000	"V"	"2026-08-25 09:00:00"
28	79	18	28079018	12	"28079018_12_8"	21.000	"V"	"2026-08-25 09:00:00"
28	79	18	28079018	10	"28079018_10_47"	43.000	"V"	"2026-08-25 09:00:00"
28	79	17	28079017	8	"28079017_8_8"	19.000	"V"	"2026-08-25 09:00:00"
28	79	17	28079017	7	"28079017_7_8"	2.000	"V"	"2026-08-25 09:00:00"
28	79	17	28079017	14	"28079017_14_6"	41.000	"V"	"2026-08-25 09:00:00"
28	79	17	28079017	12	"28079017_12_8"	22.000	"V"	"2026-08-25 09:00:00"
28	79	16	28079016	8	"28079016_8_8"	27.000	"V"	"2026-08-25 09:00:00"
28	79	16	28079016	7	"28079016_7_8"	3.000	"V"	"2026-08-25 09:00:00"
28	79	16	28079016	14	"28079016_14_6"	38.000	"V"	"2026-08-25 09:00:00"
28	79	16	28079016	12	"28079016_12_8"	31.000	"V"	"2026-08-25 09:00:00"
28	79	11	28079011	8	"28079011_8_8"	18.000	"V"	"2026-08-25 09:00:00"
28	79	11	28079011	7	"28079011_7_8"	1.000	"V"	"2026-08-25 09:00:00"
28	79	11	28079011	12	"28079011_12_8"	20.000	"V"	"2026-08-25 09:00:00"
28	79	8	28079008	9	"28079008_9_47"	1.000	"V"	"2026-08-25 08:00:00"
28	79	8	28079008	8	"28079008_8_8"	8.000	"V"	"2026-08-25 08:00:00"
28	79	8	28079008	7	"28079008_7_8"	0.000	"V"	"2026-08-25 08:00:00"
28	79	8	28079008	6	"28079008_6_48"	0.200	"V"	"2026-08-25 08:00:00"
28	79	8	28079008	35	"28079008_35_59"	0.200	"V"	"2026-08-25 08:00:00"
28	79	8	28079008	30	"28079008_30_59"	0.200	"V"	"2026-08-25 08:00:00"
28	79	8	28079008	20	"28079008_20_59"	0.900	"V"	"2026-08-25 08:00:00"
28	79	8	28079008	14	"28079008_14_6"	43.000	"V"	"2026-08-25 08:00:00"
28	79	8	28079008	12	"28079008_12_8"	9.000	"V"	"2026-08-25 08:00:00"
28	79	8	28079008	10	"28079008_10_47"	9.000	"V"	"2026-08-25 08:00:00"
28	79	8	28079008	1	"28079008_1_38"	2.000	"V"	"2026-08-25 08:00:00"
28	79	60	28079060	9	"28079060_9_A"	5.000	"V"	"2026-08-25 08:00:00"
28	79	60	28079060	8	"28079060_8_8"	11.000	"V"	"2026-08-25 08:00:00"
28	79	60	28079060	7	"28079060_7_8"	1.000	"V"	"2026-08-25 08:00:00"
28	79	60	28079060	14	"28079060_14_6"	51.000	"V"	"2026-08-25 08:00:00"
28	79	60	28079060	12	"28079060_12_8"	12.000	"V"	"2026-08-25 08:00:00"
28	79	60	28079060	10	"28079060_10_47"	8.000	"V"	"2026-08-25 08:00:00"
28	79	59	28079059	8	"28079059_8_8"	25.000	"V"	"2026-08-25 08:00:00"
28	79	59	28079059	7	"28079059_7_8"	3.000	"V"	"2026-08-25 08:00:00"
28	79	59	28079059	14	"28079059_14_6"	43.000	"V"	"2026-08-25 08:00:00"
28	79	59	28079059	12	"28079059_12_8"	29.000	"V"	"2026-08-25 08:00:00"
28	79	58	28079058	8	"28079058_8_8"	9.000	"V"	"2026-08-25 08:00:00"
28	79	58	28079058	7	"28079058_7_8"	0.000	"V"	"2026-08-25 08:00:00"
28	79	58	28079058	14	"28079058_14_6"	42.000	"V"	"2026-08-25 08:00:00"
28	79	58	28079058	12	"28079058_12_8"	10.000	"V"	"2026-08-25 08:00:00"
28	79	57	28079057	9	"28079057_9_A"	43.000	"V"	"2026-08-25 08:00:00"
28	79	57	28079057	8	"28079057_8_8"	12.000	"V"	"2026-08-25 08:00:00"
28	79	57	28079057	7	"28079057_7_8"	1.000	"V"	"2026-08-25 08:00:00"
28	79	57	28079057	12	"28079057_12_8"	14.000	"V"	"2026-08-25 08:00:00"
28	79	57	28079057	10	"28079057_10_47"	56.000	"V"	"2026-08-25 08:00:00"
28	79	56	28079056	9	"28079056_9_47"	12.000	"V"	"2026-08-25 08:00:00"
28	79	56	28079056	8	"28079056_8_8"	27.000	"V"	"2026-08-25 08:00:00"
28	79	56	28079056	7	"28079056_7_8"	6.000	"V"	"2026-08-25 08:00:00"
28	79	56	28079056	6	"28079056_6_48"	0.200	"V"	"2026-08-25 08:00:00"
28	79	56	28079056	12	"28079056_12_8"	37.000	"V"	"2026-08-25 08:00:00"
28	79	56	28079056	10	"28079056_10_47"	30.000	"V"	"2026-08-25 08:00:00"
28	79	54	28079054	9	"28079054_9_A"	5.000	"V"	"2026-08-25 08:00:00"
28	79	54	28079054	8	"28079054_8_8"	0.000	"N"	"2026-08-25 08:00:00"
28	79	54	28079054	7	"28079054_7_8"	0.000	"N"	"2026-08-25 08:00:00"
28	79	54	28079054	14	"28079054_14_6"	0.000	"N"	"2026-08-25 08:00:00"
28	79	54	28079054	12	"28079054_12_8"	0.000	"N"	"2026-08-25 08:00:00"
28	79	54	28079054	10	"28079054_10_A"	14.000	"V"	"2026-08-25 08:00:00"
28	79	50	28079050	9	"28079050_9_47"	58.000	"V"	"2026-08-25 08:00:00"
28	79	50	28079050	8	"28079050_8_8"	17.000	"V"	"2026-08-25 08:00:00"
28	79	50	28079050	7	"28079050_7_8"	7.000	"V"	"2026-08-25 08:00:00"
28	79	50	28079050	12	"28079050_12_8"	28.000	"V"	"2026-08-25 08:00:00"
28	79	50	28079050	10	"28079050_10_47"	76.000	"V"	"2026-08-25 08:00:00"
28	79	49	28079049	8	"28079049_8_8"	13.000	"V"	"2026-08-25 08:00:00"
28	79	49	28079049	7	"28079049_7_8"	1.000	"V"	"2026-08-25 08:00:00"
28	79	49	28079049	14	"28079049_14_6"	45.000	"V"	"2026-08-25 08:00:00"
28	79	49	28079049	12	"28079049_12_8"	14.000	"V"	"2026-08-25 08:00:00"
28	79	48	28079048	9	"28079048_9_47"	4.000	"V"	"2026-08-25 08:00:00"
28	79	48	28079048	8	"28079048_8_8"	10.000	"V"	"2026-08-25 08:00:00"
28	79	48	28079048	7	"28079048_7_8"	1.000	"V"	"2026-08-25 08:00:00"
28	79	48	28079048	12	"28079048_12_8"	12.000	"V"	"2026-08-25 08:00:00"
28	79	48	28079048	10	"28079048_10_47"	12.000	"V"	"2026-08-25 08:00:00"
28	79	47	28079047	9	"28079047_9_47"	6.000	"V"	"2026-08-25 08:00:00"
28	79	47	28079047	8	"28079047_8_8"	14.000	"V"	"2026-08-25 08:00:00"
28	79	47	28079047	7	"28079047_7_8"	1.000	"V"	"2026-08-25 08:00:00"
28	79	47	28079047	12	"28079047_12_8"	16.000	"V"	"2026-08-25 08:00:00"
28	79	47	28079047	10	"28079047_10_47"	29.000	"V"	"2026-08-25 08:00:00"
28	79	40	28079040	8	"28079040_8_8"	33.000	"V"	"2026-08-25 08:00:00"
28	79	40	28079040	7	"28079040_7_8"	2.000	"V"	"2026-08-25 08:00:00"
28	79	40	28079040	12	"28079040_12_8"	37.000	"V"	"2026-08-25 08:00:00"
28	79	40	28079040	10	"28079040_10_47"	24.000	"V"	"2026-08-25 08:00:00"
28	79	4	28079004	9	"28079004_9_A"	5.000	"V"	"2026-08-25 08:00:00"
28	79	4	28079004	8	"28079004_8_8"	11.000	"V"	"2026-08-25 08:00:00"
28	79	4	28079004	7	"28079004_7_8"	1.000	"V"	"2026-08-25 08:00:00"
28	79	4	28079004	6	"28079004_6_48"	0.200	"V"	"2026-08-25 08:00:00"
28	79	4	28079004	12	"28079004_12_8"	13.000	"V"	"2026-08-25 08:00:00"
28	79	4	28079004	10	"28079004_10_A"	15.000	"V"	"2026-08-25 08:00:00"
28	79	39	28079039	8	"28079039_8_8"	6.000	"V"	"2026-08-25 08:00:00"
28	79	39	28079039	7	"28079039_7_8"	0.000	"V"	"2026-08-25 08:00:00"
28	79	39	28079039	14	"28079039_14_6"	47.000	"V"	"2026-08-25 08:00:00"
28	79	39	28079039	12	"28079039_12_8"	6.000	"V"	"2026-08-25 08:00:00"
28	79	38	28079038	9	"28079038_9_47"	9.000	"V"	"2026-08-25 08:00:00"
28	79	38	28079038	8	"28079038_8_8"	14.000	"V"	"2026-08-25 08:00:00"
28	79	38	28079038	7	"28079038_7_8"	3.000	"V"	"2026-08-25 08:00:00"
28	79	38	28079038	35	"28079038_35_59"	0.000	"V"	"2026-08-25 08:00:00"
28	79	38	28079038	30	"28079038_30_59"	0.700	"V"	"2026-08-25 08:00:00"
28	79	38	28079038	20	"28079038_20_59"	0.900	"V"	"2026-08-25 08:00:00"
28	79	38	28079038	12	"28079038_12_8"	19.000	"V"	"2026-08-25 08:00:00"
28	79	38	28079038	10	"28079038_10_47"	14.000	"V"	"2026-08-25 08:00:00"
28	79	36	28079036	8	"28079036_8_8"	19.000	"V"	"2026-08-25 08:00:00"
28	79	36	28079036	7	"28079036_7_8"	0.000	"V"	"2026-08-25 08:00:00"
28	79	36	28079036	12	"28079036_12_8"	19.000	"V"	"2026-08-25 08:00:00"
28	79	36	28079036	10	"28079036_10_47"	10.000	"V"	"2026-08-25 08:00:00"
28	79	36	28079036	1	"28079036_1_38"	2.000	"V"	"2026-08-25 08:00:00"
28	79	35	28079035	8	"28079035_8_8"	16.000	"V"	"2026-08-25 08:00:00"
28	79	35	28079035	7	"28079035_7_8"	2.000	"V"	"2026-08-25 08:00:00"
28	79	35	28079035	6	"28079035_6_48"	0.200	"V"	"2026-08-25 08:00:00"
28	79	35	28079035	14	"28079035_14_6"	47.000	"V"	"2026-08-25 08:00:00"
28	79	35	28079035	12	"28079035_12_8"	20.000	"V"	"2026-08-25 08:00:00"
28	79	35	28079035	1	"28079035_1_38"	3.000	"V"	"2026-08-25 08:00:00"
28	79	27	28079027	8	"28079027_8_8"	18.000	"V"	"2026-08-25 08:00:00"
28	79	27	28079027	7	"28079027_7_8"	1.000	"V"	"2026-08-25 08:00:00"
28	79	27	28079027	14	"28079027_14_6"	46.000	"V"	"2026-08-25 08:00:00"
28	79	27	28079027	12	"28079027_12_8"	20.000	"V"	"2026-08-25 08:00:00"
28	79	24	28079024	9	"28079024_9_47"	24.000	"V"	"2026-08-25 08:00:00"
28	79	24	28079024	8	"28079024_8_8"	5.000	"V"	"2026-08-25 08:00:00"
28	79	24	28079024	7	"28079024_7_8"	1.000	"V"	"2026-08-25 08:00:00"
28	79	24	28079024	14	"28079024_14_6"	45.000	"V"	"2026-08-25 08:00:00"
28	79	24	28079024	12	"28079024_12_8"	7.000	"V"	"2026-08-25 08:00:00"
28	79	24	28079024	10	"28079024_10_47"	29.000	"V"	"2026-08-25 08:00:00"
28	79	18	28079018	8	"28079018_8_8"	16.000	"V"	"2026-08-25 08:00:00"
28	79	18	28079018	7	"28079018_7_8"	1.000	"V"	"2026-08-25 08:00:00"
28	79	18	28079018	35	"28079018_35_59"	0.800	"V"	"2026-08-25 08:00:00"
28	79	18	28079018	30	"28079018_30_59"	0.300	"V"	"2026-08-25 08:00:00"
28	79	18	28079018	20	"28079018_20_59"	2.900	"V"	"2026-08-25 08:00:00"
28	79	18	28079018	14	"28079018_14_6"	42.000	"V"	"2026-08-25 08:00:00"
28	79	18	28079018	12	"28079018_12_8"	17.000	"V"	"2026-08-25 08:00:00"
28	79	18	28079018	10	"28079018_10_47"	39.000	"V"	"2026-08-25 08:00:00"
28	79	17	28079017	8	"28079017_8_8"	17.000	"V"	"2026-08-25 08:00:00"
28	79	17	28079017	7	"28079017_7_8"	0.000	"V"	"2026-08-25 08:00:00"
28	79	17	28079017	14	"28079017_14_6"	43.000	"V"	"2026-08-25 08:00:00"
28	79	17	28079017	12	"28079017_12_8"	17.000	"V"	"2026-08-25 08:00:00"
28	79	16	28079016	8	"28079016_8_8"	21.000	"V"	"2026-08-25 08:00:00"
28	79	16	28079016	7	"28079016_7_8"	2.000	"V"	"2026-08-25 08:00:00"
28	79	16	28079016	14	"28079016_14_6"	43.000	"V"	"2026-08-25 08:00:00"
28	79	16	28079016	12	"28079016_12_8"	24.000	"V"	"2026-08-25 08:00:00"
28	79	11	28079011	8	"28079011_8_8"	12.000	"V"	"2026-08-25 08:00:00"
28	79	11	28079011	12	"28079011_12_8"	14.000	"V"	"2026-08-25 08:00:00"
28	79	11	28079011	7	"28079011_7_8"	1.000	"V"	"2026-08-25 08:00:00"
28	79	8	28079008	9	"28079008_9_47"	0.000	"V"	"2026-08-25 07:00:00"
28	79	8	28079008	8	"28079008_8_8"	6.000	"V"	"2026-08-25 07:00:00"
28	79	8	28079008	7	"28079008_7_8"	0.000	"V"	"2026-08-25 07:00:00"
28	79	8	28079008	6	"28079008_6_48"	0.200	"V"	"2026-08-25 07:00:00"
28	79	8	28079008	35	"28079008_35_59"	0.100	"V"	"2026-08-25 07:00:00"
28	79	8	28079008	30	"28079008_30_59"	0.100	"V"	"2026-08-25 07:00:00"
28	79	8	28079008	20	"28079008_20_59"	0.700	"V"	"2026-08-25 07:00:00"
28	79	8	28079008	14	"28079008_14_6"	53.000	"V"	"2026-08-25 07:00:00"
28	79	8	28079008	12	"28079008_12_8"	6.000	"V"	"2026-08-25 07:00:00"
28	79	8	28079008	10	"28079008_10_47"	4.000	"V"	"2026-08-25 07:00:00"
28	79	8	28079008	1	"28079008_1_38"	2.000	"V"	"2026-08-25 07:00:00"
28	79	60	28079060	9	"28079060_9_A"	4.000	"V"	"2026-08-25 07:00:00"
28	79	60	28079060	8	"28079060_8_8"	7.000	"V"	"2026-08-25 07:00:00"
28	79	60	28079060	7	"28079060_7_8"	0.000	"V"	"2026-08-25 07:00:00"
28	79	60	28079060	14	"28079060_14_6"	54.000	"V"	"2026-08-25 07:00:00"
28	79	60	28079060	12	"28079060_12_8"	8.000	"V"	"2026-08-25 07:00:00"
28	79	60	28079060	10	"28079060_10_47"	6.000	"V"	"2026-08-25 07:00:00"
28	79	59	28079059	8	"28079059_8_8"	8.000	"V"	"2026-08-25 07:00:00"
28	79	59	28079059	7	"28079059_7_8"	1.000	"V"	"2026-08-25 07:00:00"
28	79	59	28079059	14	"28079059_14_6"	64.000	"V"	"2026-08-25 07:00:00"
28	79	59	28079059	12	"28079059_12_8"	10.000	"V"	"2026-08-25 07:00:00"
28	79	58	28079058	8	"28079058_8_8"	8.000	"V"	"2026-08-25 07:00:00"
28	79	58	28079058	7	"28079058_7_8"	0.000	"V"	"2026-08-25 07:00:00"
28	79	58	28079058	14	"28079058_14_6"	47.000	"V"	"2026-08-25 07:00:00"
28	79	58	28079058	12	"28079058_12_8"	8.000	"V"	"2026-08-25 07:00:00"
28	79	57	28079057	9	"28079057_9_A"	56.000	"V"	"2026-08-25 07:00:00"
28	79	57	28079057	8	"28079057_8_8"	7.000	"V"	"2026-08-25 07:00:00"
28	79	57	28079057	7	"28079057_7_8"	1.000	"V"	"2026-08-25 07:00:00"
28	79	57	28079057	12	"28079057_12_8"	8.000	"V"	"2026-08-25 07:00:00"
28	79	57	28079057	10	"28079057_10_47"	76.000	"V"	"2026-08-25 07:00:00"
28	79	56	28079056	9	"28079056_9_47"	7.000	"V"	"2026-08-25 07:00:00"
28	79	56	28079056	8	"28079056_8_8"	22.000	"V"	"2026-08-25 07:00:00"
28	79	56	28079056	7	"28079056_7_8"	3.000	"V"	"2026-08-25 07:00:00"
28	79	56	28079056	6	"28079056_6_48"	0.100	"V"	"2026-08-25 07:00:00"
28	79	56	28079056	12	"28079056_12_8"	26.000	"V"	"2026-08-25 07:00:00"
28	79	56	28079056	10	"28079056_10_47"	18.000	"V"	"2026-08-25 07:00:00"
28	79	54	28079054	9	"28079054_9_A"	5.000	"V"	"2026-08-25 07:00:00"
28	79	54	28079054	8	"28079054_8_8"	13.000	"V"	"2026-08-25 07:00:00"
28	79	54	28079054	7	"28079054_7_8"	1.000	"V"	"2026-08-25 07:00:00"
28	79	54	28079054	14	"28079054_14_6"	43.000	"V"	"2026-08-25 07:00:00"
28	79	54	28079054	12	"28079054_12_8"	15.000	"V"	"2026-08-25 07:00:00"
28	79	54	28079054	10	"28079054_10_A"	10.000	"V"	"2026-08-25 07:00:00"
28	79	50	28079050	9	"28079050_9_47"	64.000	"V"	"2026-08-25 07:00:00"
28	79	50	28079050	8	"28079050_8_8"	9.000	"V"	"2026-08-25 07:00:00"
28	79	50	28079050	7	"28079050_7_8"	3.000	"V"	"2026-08-25 07:00:00"
28	79	50	28079050	12	"28079050_12_8"	14.000	"V"	"2026-08-25 07:00:00"
28	79	50	28079050	10	"28079050_10_47"	81.000	"V"	"2026-08-25 07:00:00"
28	79	49	28079049	8	"28079049_8_8"	8.000	"V"	"2026-08-25 07:00:00"
28	79	49	28079049	7	"28079049_7_8"	1.000	"V"	"2026-08-25 07:00:00"
28	79	49	28079049	14	"28079049_14_6"	54.000	"V"	"2026-08-25 07:00:00"
28	79	49	28079049	12	"28079049_12_8"	9.000	"V"	"2026-08-25 07:00:00"
28	79	48	28079048	9	"28079048_9_47"	3.000	"V"	"2026-08-25 07:00:00"
28	79	48	28079048	8	"28079048_8_8"	4.000	"V"	"2026-08-25 07:00:00"
28	79	48	28079048	7	"28079048_7_8"	0.000	"V"	"2026-08-25 07:00:00"
28	79	48	28079048	12	"28079048_12_8"	4.000	"V"	"2026-08-25 07:00:00"
28	79	48	28079048	10	"28079048_10_47"	8.000	"V"	"2026-08-25 07:00:00"
28	79	47	28079047	9	"28079047_9_47"	7.000	"V"	"2026-08-25 07:00:00"
28	79	47	28079047	8	"28079047_8_8"	9.000	"V"	"2026-08-25 07:00:00"
28	79	47	28079047	7	"28079047_7_8"	1.000	"V"	"2026-08-25 07:00:00"
28	79	47	28079047	12	"28079047_12_8"	10.000	"V"	"2026-08-25 07:00:00"
28	79	47	28079047	10	"28079047_10_47"	31.000	"V"	"2026-08-25 07:00:00"
28	79	40	28079040	8	"28079040_8_8"	15.000	"V"	"2026-08-25 07:00:00"
28	79	40	28079040	7	"28079040_7_8"	1.000	"V"	"2026-08-25 07:00:00"
28	79	40	28079040	12	"28079040_12_8"	17.000	"V"	"2026-08-25 07:00:00"
28	79	40	28079040	10	"28079040_10_47"	28.000	"V"	"2026-08-25 07:00:00"
28	79	4	28079004	9	"28079004_9_A"	4.000	"V"	"2026-08-25 07:00:00"
28	79	4	28079004	8	"28079004_8_8"	7.000	"V"	"2026-08-25 07:00:00"
28	79	4	28079004	7	"28079004_7_8"	0.000	"V"	"2026-08-25 07:00:00"
28	79	4	28079004	6	"28079004_6_48"	0.200	"V"	"2026-08-25 07:00:00"
28	79	4	28079004	12	"28079004_12_8"	8.000	"V"	"2026-08-25 07:00:00"
28	79	4	28079004	10	"28079004_10_A"	8.000	"V"	"2026-08-25 07:00:00"
28	79	39	28079039	8	"28079039_8_8"	3.000	"V"	"2026-08-25 07:00:00"
28	79	39	28079039	7	"28079039_7_8"	0.000	"V"	"2026-08-25 07:00:00"
28	79	39	28079039	14	"28079039_14_6"	51.000	"V"	"2026-08-25 07:00:00"
28	79	39	28079039	12	"28079039_12_8"	3.000	"V"	"2026-08-25 07:00:00"
28	79	38	28079038	9	"28079038_9_47"	8.000	"V"	"2026-08-25 07:00:00"
28	79	38	28079038	8	"28079038_8_8"	7.000	"V"	"2026-08-25 07:00:00"
28	79	38	28079038	7	"28079038_7_8"	0.000	"V"	"2026-08-25 07:00:00"
28	79	38	28079038	35	"28079038_35_59"	0.000	"V"	"2026-08-25 07:00:00"
28	79	38	28079038	30	"28079038_30_59"	0.400	"V"	"2026-08-25 07:00:00"
28	79	38	28079038	20	"28079038_20_59"	0.400	"V"	"2026-08-25 07:00:00"
28	79	38	28079038	12	"28079038_12_8"	7.000	"V"	"2026-08-25 07:00:00"
28	79	38	28079038	10	"28079038_10_47"	12.000	"V"	"2026-08-25 07:00:00"
28	79	36	28079036	8	"28079036_8_8"	9.000	"V"	"2026-08-25 07:00:00"
28	79	36	28079036	7	"28079036_7_8"	0.000	"V"	"2026-08-25 07:00:00"
28	79	36	28079036	12	"28079036_12_8"	9.000	"V"	"2026-08-25 07:00:00"
28	79	36	28079036	10	"28079036_10_47"	8.000	"V"	"2026-08-25 07:00:00"
28	79	36	28079036	1	"28079036_1_38"	2.000	"V"	"2026-08-25 07:00:00"
28	79	35	28079035	8	"28079035_8_8"	7.000	"V"	"2026-08-25 07:00:00"
28	79	35	28079035	7	"28079035_7_8"	1.000	"V"	"2026-08-25 07:00:00"
28	79	35	28079035	6	"28079035_6_48"	0.200	"V"	"2026-08-25 07:00:00"
28	79	35	28079035	14	"28079035_14_6"	58.000	"V"	"2026-08-25 07:00:00"
28	79	35	28079035	12	"28079035_12_8"	9.000	"V"	"2026-08-25 07:00:00"
28	79	35	28079035	1	"28079035_1_38"	3.000	"V"	"2026-08-25 07:00:00"
28	79	27	28079027	8	"28079027_8_8"	8.000	"V"	"2026-08-25 07:00:00"
28	79	27	28079027	7	"28079027_7_8"	1.000	"V"	"2026-08-25 07:00:00"
28	79	27	28079027	14	"28079027_14_6"	60.000	"V"	"2026-08-25 07:00:00"
28	79	27	28079027	12	"28079027_12_8"	9.000	"V"	"2026-08-25 07:00:00"
28	79	24	28079024	9	"28079024_9_47"	26.000	"V"	"2026-08-25 07:00:00"
28	79	24	28079024	8	"28079024_8_8"	3.000	"V"	"2026-08-25 07:00:00"
28	79	24	28079024	7	"28079024_7_8"	1.000	"V"	"2026-08-25 07:00:00"
28	79	24	28079024	14	"28079024_14_6"	51.000	"V"	"2026-08-25 07:00:00"
28	79	24	28079024	12	"28079024_12_8"	5.000	"V"	"2026-08-25 07:00:00"
28	79	24	28079024	10	"28079024_10_47"	30.000	"V"	"2026-08-25 07:00:00"
28	79	18	28079018	8	"28079018_8_8"	10.000	"V"	"2026-08-25 07:00:00"
28	79	18	28079018	7	"28079018_7_8"	0.000	"V"	"2026-08-25 07:00:00"
28	79	18	28079018	35	"28079018_35_59"	0.600	"V"	"2026-08-25 07:00:00"
28	79	18	28079018	30	"28079018_30_59"	0.200	"V"	"2026-08-25 07:00:00"
28	79	18	28079018	20	"28079018_20_59"	1.300	"V"	"2026-08-25 07:00:00"
28	79	18	28079018	14	"28079018_14_6"	53.000	"V"	"2026-08-25 07:00:00"
28	79	18	28079018	12	"28079018_12_8"	10.000	"V"	"2026-08-25 07:00:00"
28	79	18	28079018	10	"28079018_10_47"	35.000	"V"	"2026-08-25 07:00:00"
28	79	17	28079017	8	"28079017_8_8"	14.000	"V"	"2026-08-25 07:00:00"
28	79	17	28079017	7	"28079017_7_8"	1.000	"V"	"2026-08-25 07:00:00"
28	79	17	28079017	14	"28079017_14_6"	45.000	"V"	"2026-08-25 07:00:00"
28	79	17	28079017	12	"28079017_12_8"	16.000	"V"	"2026-08-25 07:00:00"
28	79	16	28079016	8	"28079016_8_8"	10.000	"V"	"2026-08-25 07:00:00"
28	79	16	28079016	7	"28079016_7_8"	1.000	"V"	"2026-08-25 07:00:00"
28	79	16	28079016	14	"28079016_14_6"	56.000	"V"	"2026-08-25 07:00:00"
28	79	16	28079016	12	"28079016_12_8"	12.000	"V"	"2026-08-25 07:00:00"
28	79	11	28079011	8	"28079011_8_8"	6.000	"V"	"2026-08-25 07:00:00"
28	79	11	28079011	7	"28079011_7_8"	0.000	"V"	"2026-08-25 07:00:00"
28	79	11	28079011	12	"28079011_12_8"	6.000	"V"	"2026-08-25 07:00:00"
28	79	8	28079008	9	"28079008_9_47"	0.000	"V"	"2026-08-25 06:00:00"
28	79	8	28079008	8	"28079008_8_8"	4.000	"V"	"2026-08-25 06:00:00"
28	79	8	28079008	6	"28079008_6_48"	0.100	"V"	"2026-08-25 06:00:00"
28	79	8	28079008	35	"28079008_35_59"	0.000	"V"	"2026-08-25 06:00:00"
28	79	8	28079008	30	"28079008_30_59"	0.100	"V"	"2026-08-25 06:00:00"
28	79	8	28079008	20	"28079008_20_59"	0.600	"V"	"2026-08-25 06:00:00"
28	79	8	28079008	14	"28079008_14_6"	59.000	"V"	"2026-08-25 06:00:00"
28	79	8	28079008	12	"28079008_12_8"	4.000	"V"	"2026-08-25 06:00:00"
28	79	8	28079008	10	"28079008_10_47"	2.000	"V"	"2026-08-25 06:00:00"
28	79	8	28079008	1	"28079008_1_38"	2.000	"V"	"2026-08-25 06:00:00"
28	79	60	28079060	9	"28079060_9_A"	3.000	"V"	"2026-08-25 06:00:00"
28	79	60	28079060	8	"28079060_8_8"	5.000	"V"	"2026-08-25 06:00:00"
28	79	60	28079060	7	"28079060_7_8"	0.000	"V"	"2026-08-25 06:00:00"
28	79	60	28079060	14	"28079060_14_6"	59.000	"V"	"2026-08-25 06:00:00"
28	79	60	28079060	12	"28079060_12_8"	5.000	"V"	"2026-08-25 06:00:00"
28	79	60	28079060	10	"28079060_10_47"	5.000	"V"	"2026-08-25 06:00:00"
28	79	59	28079059	8	"28079059_8_8"	6.000	"V"	"2026-08-25 06:00:00"
28	79	59	28079059	7	"28079059_7_8"	1.000	"V"	"2026-08-25 06:00:00"
28	79	59	28079059	14	"28079059_14_6"	63.000	"V"	"2026-08-25 06:00:00"
28	79	59	28079059	12	"28079059_12_8"	8.000	"V"	"2026-08-25 06:00:00"
28	79	58	28079058	8	"28079058_8_8"	4.000	"V"	"2026-08-25 06:00:00"
28	79	58	28079058	7	"28079058_7_8"	0.000	"V"	"2026-08-25 06:00:00"
28	79	58	28079058	14	"28079058_14_6"	57.000	"V"	"2026-08-25 06:00:00"
28	79	58	28079058	12	"28079058_12_8"	5.000	"V"	"2026-08-25 06:00:00"
28	79	57	28079057	9	"28079057_9_A"	51.000	"V"	"2026-08-25 06:00:00"
28	79	57	28079057	8	"28079057_8_8"	3.000	"V"	"2026-08-25 06:00:00"
28	79	57	28079057	7	"28079057_7_8"	0.000	"V"	"2026-08-25 06:00:00"
28	79	57	28079057	12	"28079057_12_8"	4.000	"V"	"2026-08-25 06:00:00"
28	79	57	28079057	10	"28079057_10_47"	71.000	"V"	"2026-08-25 06:00:00"
28	79	56	28079056	9	"28079056_9_47"	9.000	"V"	"2026-08-25 06:00:00"
28	79	56	28079056	8	"28079056_8_8"	11.000	"V"	"2026-08-25 06:00:00"
28	79	56	28079056	7	"28079056_7_8"	1.000	"V"	"2026-08-25 06:00:00"
28	79	56	28079056	6	"28079056_6_48"	0.100	"V"	"2026-08-25 06:00:00"
28	79	56	28079056	12	"28079056_12_8"	13.000	"V"	"2026-08-25 06:00:00"
28	79	56	28079056	10	"28079056_10_47"	30.000	"V"	"2026-08-25 06:00:00"
28	79	54	28079054	9	"28079054_9_A"	5.000	"V"	"2026-08-25 06:00:00"
28	79	54	28079054	8	"28079054_8_8"	4.000	"V"	"2026-08-25 06:00:00"
28	79	54	28079054	7	"28079054_7_8"	1.000	"V"	"2026-08-25 06:00:00"
28	79	54	28079054	14	"28079054_14_6"	53.000	"V"	"2026-08-25 06:00:00"
28	79	54	28079054	12	"28079054_12_8"	6.000	"V"	"2026-08-25 06:00:00"
28	79	54	28079054	10	"28079054_10_A"	11.000	"V"	"2026-08-25 06:00:00"
28	79	50	28079050	9	"28079050_9_47"	59.000	"V"	"2026-08-25 06:00:00"
28	79	50	28079050	8	"28079050_8_8"	5.000	"V"	"2026-08-25 06:00:00"
28	79	50	28079050	7	"28079050_7_8"	1.000	"V"	"2026-08-25 06:00:00"
28	79	50	28079050	12	"28079050_12_8"	7.000	"V"	"2026-08-25 06:00:00"
28	79	50	28079050	10	"28079050_10_47"	82.000	"V"	"2026-08-25 06:00:00"
28	79	49	28079049	8	"28079049_8_8"	6.000	"V"	"2026-08-25 06:00:00"
28	79	49	28079049	7	"28079049_7_8"	1.000	"V"	"2026-08-25 06:00:00"
28	79	49	28079049	14	"28079049_14_6"	56.000	"V"	"2026-08-25 06:00:00"
28	79	49	28079049	12	"28079049_12_8"	7.000	"V"	"2026-08-25 06:00:00"
28	79	48	28079048	9	"28079048_9_47"	4.000	"V"	"2026-08-25 06:00:00"
28	79	48	28079048	8	"28079048_8_8"	2.000	"V"	"2026-08-25 06:00:00"
28	79	48	28079048	7	"28079048_7_8"	0.000	"V"	"2026-08-25 06:00:00"
28	79	48	28079048	12	"28079048_12_8"	2.000	"V"	"2026-08-25 06:00:00"
28	79	48	28079048	10	"28079048_10_47"	7.000	"V"	"2026-08-25 06:00:00"
28	79	47	28079047	9	"28079047_9_47"	7.000	"V"	"2026-08-25 06:00:00"
28	79	47	28079047	8	"28079047_8_8"	7.000	"V"	"2026-08-25 06:00:00"
28	79	47	28079047	7	"28079047_7_8"	0.000	"V"	"2026-08-25 06:00:00"
28	79	47	28079047	12	"28079047_12_8"	7.000	"V"	"2026-08-25 06:00:00"
28	79	47	28079047	10	"28079047_10_47"	32.000	"V"	"2026-08-25 06:00:00"
28	79	40	28079040	8	"28079040_8_8"	8.000	"V"	"2026-08-25 06:00:00"
28	79	40	28079040	7	"28079040_7_8"	1.000	"V"	"2026-08-25 06:00:00"
28	79	40	28079040	12	"28079040_12_8"	9.000	"V"	"2026-08-25 06:00:00"
28	79	40	28079040	10	"28079040_10_47"	29.000	"V"	"2026-08-25 06:00:00"
28	79	4	28079004	9	"28079004_9_A"	4.000	"V"	"2026-08-25 06:00:00"
28	79	4	28079004	8	"28079004_8_8"	6.000	"V"	"2026-08-25 06:00:00"
28	79	4	28079004	7	"28079004_7_8"	0.000	"V"	"2026-08-25 06:00:00"
28	79	4	28079004	6	"28079004_6_48"	0.100	"V"	"2026-08-25 06:00:00"
28	79	4	28079004	12	"28079004_12_8"	6.000	"V"	"2026-08-25 06:00:00"
28	79	4	28079004	10	"28079004_10_A"	6.000	"V"	"2026-08-25 06:00:00"
28	79	39	28079039	8	"28079039_8_8"	1.000	"V"	"2026-08-25 06:00:00"
28	79	39	28079039	7	"28079039_7_8"	0.000	"V"	"2026-08-25 06:00:00"
28	79	39	28079039	14	"28079039_14_6"	56.000	"V"	"2026-08-25 06:00:00"
28	79	39	28079039	12	"28079039_12_8"	1.000	"V"	"2026-08-25 06:00:00"
28	79	38	28079038	9	"28079038_9_47"	8.000	"V"	"2026-08-25 06:00:00"
28	79	38	28079038	8	"28079038_8_8"	5.000	"V"	"2026-08-25 06:00:00"
28	79	38	28079038	7	"28079038_7_8"	0.000	"V"	"2026-08-25 06:00:00"
28	79	38	28079038	35	"28079038_35_59"	0.000	"V"	"2026-08-25 06:00:00"
28	79	38	28079038	30	"28079038_30_59"	0.300	"V"	"2026-08-25 06:00:00"
28	79	38	28079038	20	"28079038_20_59"	0.500	"V"	"2026-08-25 06:00:00"
28	79	38	28079038	12	"28079038_12_8"	5.000	"V"	"2026-08-25 06:00:00"
28	79	38	28079038	10	"28079038_10_47"	11.000	"V"	"2026-08-25 06:00:00"
28	79	36	28079036	8	"28079036_8_8"	5.000	"V"	"2026-08-25 06:00:00"
28	79	36	28079036	7	"28079036_7_8"	0.000	"V"	"2026-08-25 06:00:00"
28	79	36	28079036	12	"28079036_12_8"	5.000	"V"	"2026-08-25 06:00:00"
28	79	36	28079036	10	"28079036_10_47"	6.000	"V"	"2026-08-25 06:00:00"
28	79	36	28079036	1	"28079036_1_38"	2.000	"V"	"2026-08-25 06:00:00"
28	79	35	28079035	8	"28079035_8_8"	5.000	"V"	"2026-08-25 06:00:00"
28	79	35	28079035	7	"28079035_7_8"	1.000	"V"	"2026-08-25 06:00:00"
28	79	35	28079035	6	"28079035_6_48"	0.200	"V"	"2026-08-25 06:00:00"
28	79	35	28079035	14	"28079035_14_6"	61.000	"V"	"2026-08-25 06:00:00"
28	79	35	28079035	12	"28079035_12_8"	6.000	"V"	"2026-08-25 06:00:00"
28	79	35	28079035	1	"28079035_1_38"	3.000	"V"	"2026-08-25 06:00:00"
28	79	27	28079027	8	"28079027_8_8"	6.000	"V"	"2026-08-25 06:00:00"
28	79	27	28079027	7	"28079027_7_8"	1.000	"V"	"2026-08-25 06:00:00"
28	79	27	28079027	14	"28079027_14_6"	60.000	"V"	"2026-08-25 06:00:00"
28	79	27	28079027	12	"28079027_12_8"	7.000	"V"	"2026-08-25 06:00:00"
28	79	24	28079024	9	"28079024_9_47"	27.000	"V"	"2026-08-25 06:00:00"
28	79	24	28079024	8	"28079024_8_8"	2.000	"V"	"2026-08-25 06:00:00"
28	79	24	28079024	7	"28079024_7_8"	1.000	"V"	"2026-08-25 06:00:00"
28	79	24	28079024	14	"28079024_14_6"	58.000	"V"	"2026-08-25 06:00:00"
28	79	24	28079024	12	"28079024_12_8"	4.000	"V"	"2026-08-25 06:00:00"
28	79	24	28079024	10	"28079024_10_47"	31.000	"V"	"2026-08-25 06:00:00"
28	79	18	28079018	8	"28079018_8_8"	6.000	"V"	"2026-08-25 06:00:00"
28	79	18	28079018	7	"28079018_7_8"	0.000	"V"	"2026-08-25 06:00:00"
28	79	18	28079018	35	"28079018_35_59"	0.600	"V"	"2026-08-25 06:00:00"
28	79	18	28079018	30	"28079018_30_59"	0.100	"V"	"2026-08-25 06:00:00"
28	79	8	28079008	7	"28079008_7_8"	0.000	"V"	"2026-08-25 06:00:00"
28	79	18	28079018	20	"28079018_20_59"	1.500	"V"	"2026-08-25 06:00:00"
28	79	18	28079018	14	"28079018_14_6"	57.000	"V"	"2026-08-25 06:00:00"
28	79	18	28079018	12	"28079018_12_8"	6.000	"V"	"2026-08-25 06:00:00"
28	79	18	28079018	10	"28079018_10_47"	36.000	"V"	"2026-08-25 06:00:00"
28	79	17	28079017	8	"28079017_8_8"	7.000	"V"	"2026-08-25 06:00:00"
28	79	17	28079017	7	"28079017_7_8"	0.000	"V"	"2026-08-25 06:00:00"
28	79	17	28079017	14	"28079017_14_6"	55.000	"V"	"2026-08-25 06:00:00"
28	79	17	28079017	12	"28079017_12_8"	7.000	"V"	"2026-08-25 06:00:00"
28	79	16	28079016	8	"28079016_8_8"	6.000	"V"	"2026-08-25 06:00:00"
28	79	16	28079016	7	"28079016_7_8"	0.000	"V"	"2026-08-25 06:00:00"
28	79	16	28079016	14	"28079016_14_6"	60.000	"V"	"2026-08-25 06:00:00"
28	79	16	28079016	12	"28079016_12_8"	7.000	"V"	"2026-08-25 06:00:00"
28	79	11	28079011	8	"28079011_8_8"	4.000	"V"	"2026-08-25 06:00:00"
28	79	11	28079011	7	"28079011_7_8"	0.000	"V"	"2026-08-25 06:00:00"
28	79	11	28079011	12	"28079011_12_8"	4.000	"V"	"2026-08-25 06:00:00"
28	79	8	28079008	9	"28079008_9_47"	0.000	"V"	"2026-08-25 05:00:00"
28	79	8	28079008	8	"28079008_8_8"	4.000	"V"	"2026-08-25 05:00:00"
28	79	8	28079008	7	"28079008_7_8"	0.000	"V"	"2026-08-25 05:00:00"
28	79	8	28079008	6	"28079008_6_48"	0.100	"V"	"2026-08-25 05:00:00"
28	79	8	28079008	35	"28079008_35_59"	0.000	"V"	"2026-08-25 05:00:00"
28	79	8	28079008	30	"28079008_30_59"	0.100	"V"	"2026-08-25 05:00:00"
28	79	8	28079008	20	"28079008_20_59"	0.600	"V"	"2026-08-25 05:00:00"
28	79	8	28079008	14	"28079008_14_6"	62.000	"V"	"2026-08-25 05:00:00"
28	79	8	28079008	12	"28079008_12_8"	4.000	"V"	"2026-08-25 05:00:00"
28	79	8	28079008	10	"28079008_10_47"	3.000	"V"	"2026-08-25 05:00:00"
28	79	8	28079008	1	"28079008_1_38"	2.000	"V"	"2026-08-25 05:00:00"
28	79	60	28079060	9	"28079060_9_A"	3.000	"V"	"2026-08-25 05:00:00"
28	79	60	28079060	8	"28079060_8_8"	4.000	"V"	"2026-08-25 05:00:00"
28	79	60	28079060	7	"28079060_7_8"	0.000	"V"	"2026-08-25 05:00:00"
28	79	60	28079060	14	"28079060_14_6"	65.000	"V"	"2026-08-25 05:00:00"
28	79	60	28079060	12	"28079060_12_8"	4.000	"V"	"2026-08-25 05:00:00"
28	79	60	28079060	10	"28079060_10_47"	5.000	"V"	"2026-08-25 05:00:00"
28	79	59	28079059	8	"28079059_8_8"	5.000	"V"	"2026-08-25 05:00:00"
28	79	59	28079059	7	"28079059_7_8"	1.000	"V"	"2026-08-25 05:00:00"
28	79	59	28079059	14	"28079059_14_6"	68.000	"V"	"2026-08-25 05:00:00"
28	79	59	28079059	12	"28079059_12_8"	6.000	"V"	"2026-08-25 05:00:00"
28	79	58	28079058	8	"28079058_8_8"	3.000	"V"	"2026-08-25 05:00:00"
28	79	58	28079058	7	"28079058_7_8"	0.000	"V"	"2026-08-25 05:00:00"
28	79	58	28079058	14	"28079058_14_6"	65.000	"V"	"2026-08-25 05:00:00"
28	79	58	28079058	12	"28079058_12_8"	3.000	"V"	"2026-08-25 05:00:00"
28	79	57	28079057	9	"28079057_9_A"	43.000	"V"	"2026-08-25 05:00:00"
28	79	57	28079057	8	"28079057_8_8"	2.000	"V"	"2026-08-25 05:00:00"
28	79	57	28079057	7	"28079057_7_8"	0.000	"V"	"2026-08-25 05:00:00"
28	79	57	28079057	12	"28079057_12_8"	3.000	"V"	"2026-08-25 05:00:00"
28	79	57	28079057	10	"28079057_10_47"	58.000	"V"	"2026-08-25 05:00:00"
28	79	56	28079056	9	"28079056_9_47"	8.000	"V"	"2026-08-25 05:00:00"
28	79	56	28079056	8	"28079056_8_8"	8.000	"V"	"2026-08-25 05:00:00"
28	79	56	28079056	7	"28079056_7_8"	1.000	"V"	"2026-08-25 05:00:00"
28	79	56	28079056	6	"28079056_6_48"	0.100	"V"	"2026-08-25 05:00:00"
28	79	56	28079056	12	"28079056_12_8"	9.000	"V"	"2026-08-25 05:00:00"
28	79	56	28079056	10	"28079056_10_47"	20.000	"V"	"2026-08-25 05:00:00"
28	79	54	28079054	9	"28079054_9_A"	7.000	"V"	"2026-08-25 05:00:00"
28	79	54	28079054	8	"28079054_8_8"	3.000	"V"	"2026-08-25 05:00:00"
28	79	54	28079054	7	"28079054_7_8"	1.000	"V"	"2026-08-25 05:00:00"
28	79	54	28079054	14	"28079054_14_6"	60.000	"V"	"2026-08-25 05:00:00"
28	79	54	28079054	12	"28079054_12_8"	4.000	"V"	"2026-08-25 05:00:00"
28	79	54	28079054	10	"28079054_10_A"	12.000	"V"	"2026-08-25 05:00:00"
28	79	50	28079050	9	"28079050_9_47"	62.000	"V"	"2026-08-25 05:00:00"
28	79	50	28079050	8	"28079050_8_8"	4.000	"V"	"2026-08-25 05:00:00"
28	79	50	28079050	7	"28079050_7_8"	1.000	"V"	"2026-08-25 05:00:00"
28	79	50	28079050	12	"28079050_12_8"	6.000	"V"	"2026-08-25 05:00:00"
28	79	50	28079050	10	"28079050_10_47"	80.000	"V"	"2026-08-25 05:00:00"
28	79	49	28079049	8	"28079049_8_8"	5.000	"V"	"2026-08-25 05:00:00"
28	79	49	28079049	7	"28079049_7_8"	0.000	"V"	"2026-08-25 05:00:00"
28	79	49	28079049	14	"28079049_14_6"	61.000	"V"	"2026-08-25 05:00:00"
28	79	49	28079049	12	"28079049_12_8"	6.000	"V"	"2026-08-25 05:00:00"
28	79	48	28079048	9	"28079048_9_47"	5.000	"V"	"2026-08-25 05:00:00"
28	79	48	28079048	8	"28079048_8_8"	1.000	"V"	"2026-08-25 05:00:00"
28	79	48	28079048	7	"28079048_7_8"	0.000	"V"	"2026-08-25 05:00:00"
28	79	48	28079048	12	"28079048_12_8"	1.000	"V"	"2026-08-25 05:00:00"
28	79	48	28079048	10	"28079048_10_47"	8.000	"V"	"2026-08-25 05:00:00"
28	79	47	28079047	9	"28079047_9_47"	8.000	"V"	"2026-08-25 05:00:00"
28	79	47	28079047	8	"28079047_8_8"	5.000	"V"	"2026-08-25 05:00:00"
28	79	47	28079047	7	"28079047_7_8"	1.000	"V"	"2026-08-25 05:00:00"
28	79	47	28079047	12	"28079047_12_8"	6.000	"V"	"2026-08-25 05:00:00"
28	79	47	28079047	10	"28079047_10_47"	30.000	"V"	"2026-08-25 05:00:00"
28	79	40	28079040	8	"28079040_8_8"	6.000	"V"	"2026-08-25 05:00:00"
28	79	40	28079040	7	"28079040_7_8"	1.000	"V"	"2026-08-25 05:00:00"
28	79	40	28079040	12	"28079040_12_8"	7.000	"V"	"2026-08-25 05:00:00"
28	79	40	28079040	10	"28079040_10_47"	11.000	"V"	"2026-08-25 05:00:00"
28	79	4	28079004	9	"28079004_9_A"	4.000	"V"	"2026-08-25 05:00:00"
28	79	4	28079004	8	"28079004_8_8"	6.000	"V"	"2026-08-25 05:00:00"
28	79	4	28079004	7	"28079004_7_8"	0.000	"V"	"2026-08-25 05:00:00"
28	79	4	28079004	6	"28079004_6_48"	0.100	"V"	"2026-08-25 05:00:00"
28	79	4	28079004	12	"28079004_12_8"	6.000	"V"	"2026-08-25 05:00:00"
28	79	4	28079004	10	"28079004_10_A"	7.000	"V"	"2026-08-25 05:00:00"
28	79	39	28079039	8	"28079039_8_8"	0.000	"V"	"2026-08-25 05:00:00"
28	79	39	28079039	7	"28079039_7_8"	0.000	"V"	"2026-08-25 05:00:00"
28	79	39	28079039	14	"28079039_14_6"	62.000	"V"	"2026-08-25 05:00:00"
28	79	39	28079039	12	"28079039_12_8"	0.000	"V"	"2026-08-25 05:00:00"
28	79	38	28079038	9	"28079038_9_47"	5.000	"V"	"2026-08-25 05:00:00"
28	79	38	28079038	8	"28079038_8_8"	4.000	"V"	"2026-08-25 05:00:00"
28	79	38	28079038	7	"28079038_7_8"	0.000	"V"	"2026-08-25 05:00:00"
28	79	38	28079038	35	"28079038_35_59"	0.000	"V"	"2026-08-25 05:00:00"
28	79	38	28079038	30	"28079038_30_59"	0.400	"V"	"2026-08-25 05:00:00"
28	79	38	28079038	20	"28079038_20_59"	0.400	"V"	"2026-08-25 05:00:00"
28	79	38	28079038	12	"28079038_12_8"	4.000	"V"	"2026-08-25 05:00:00"
28	79	38	28079038	10	"28079038_10_47"	6.000	"V"	"2026-08-25 05:00:00"
28	79	36	28079036	8	"28079036_8_8"	5.000	"V"	"2026-08-25 05:00:00"
28	79	36	28079036	7	"28079036_7_8"	0.000	"V"	"2026-08-25 05:00:00"
28	79	36	28079036	12	"28079036_12_8"	5.000	"V"	"2026-08-25 05:00:00"
28	79	36	28079036	10	"28079036_10_47"	6.000	"V"	"2026-08-25 05:00:00"
28	79	36	28079036	1	"28079036_1_38"	2.000	"V"	"2026-08-25 05:00:00"
28	79	35	28079035	8	"28079035_8_8"	5.000	"V"	"2026-08-25 05:00:00"
28	79	35	28079035	7	"28079035_7_8"	1.000	"V"	"2026-08-25 05:00:00"
28	79	35	28079035	6	"28079035_6_48"	0.200	"V"	"2026-08-25 05:00:00"
28	79	35	28079035	14	"28079035_14_6"	63.000	"V"	"2026-08-25 05:00:00"
28	79	35	28079035	12	"28079035_12_8"	6.000	"V"	"2026-08-25 05:00:00"
28	79	35	28079035	1	"28079035_1_38"	3.000	"V"	"2026-08-25 05:00:00"
28	79	27	28079027	8	"28079027_8_8"	4.000	"V"	"2026-08-25 05:00:00"
28	79	27	28079027	7	"28079027_7_8"	1.000	"V"	"2026-08-25 05:00:00"
28	79	27	28079027	14	"28079027_14_6"	66.000	"V"	"2026-08-25 05:00:00"
28	79	27	28079027	12	"28079027_12_8"	5.000	"V"	"2026-08-25 05:00:00"
28	79	24	28079024	9	"28079024_9_47"	27.000	"V"	"2026-08-25 05:00:00"
28	79	24	28079024	8	"28079024_8_8"	1.000	"V"	"2026-08-25 05:00:00"
28	79	24	28079024	7	"28079024_7_8"	1.000	"V"	"2026-08-25 05:00:00"
28	79	24	28079024	14	"28079024_14_6"	63.000	"V"	"2026-08-25 05:00:00"
28	79	24	28079024	12	"28079024_12_8"	3.000	"V"	"2026-08-25 05:00:00"
28	79	24	28079024	10	"28079024_10_47"	30.000	"V"	"2026-08-25 05:00:00"
28	79	18	28079018	8	"28079018_8_8"	5.000	"V"	"2026-08-25 05:00:00"
28	79	18	28079018	7	"28079018_7_8"	0.000	"V"	"2026-08-25 05:00:00"
28	79	18	28079018	35	"28079018_35_59"	0.200	"V"	"2026-08-25 05:00:00"
28	79	18	28079018	30	"28079018_30_59"	0.000	"V"	"2026-08-25 05:00:00"
28	79	18	28079018	20	"28079018_20_59"	0.600	"V"	"2026-08-25 05:00:00"
28	79	18	28079018	14	"28079018_14_6"	60.000	"V"	"2026-08-25 05:00:00"
28	79	18	28079018	12	"28079018_12_8"	5.000	"V"	"2026-08-25 05:00:00"
28	79	18	28079018	10	"28079018_10_47"	35.000	"V"	"2026-08-25 05:00:00"
28	79	17	28079017	8	"28079017_8_8"	4.000	"V"	"2026-08-25 05:00:00"
28	79	17	28079017	7	"28079017_7_8"	0.000	"V"	"2026-08-25 05:00:00"
28	79	17	28079017	14	"28079017_14_6"	59.000	"V"	"2026-08-25 05:00:00"
28	79	17	28079017	12	"28079017_12_8"	4.000	"V"	"2026-08-25 05:00:00"
28	79	16	28079016	8	"28079016_8_8"	5.000	"V"	"2026-08-25 05:00:00"
28	79	16	28079016	7	"28079016_7_8"	0.000	"V"	"2026-08-25 05:00:00"
28	79	16	28079016	14	"28079016_14_6"	65.000	"V"	"2026-08-25 05:00:00"
28	79	16	28079016	12	"28079016_12_8"	6.000	"V"	"2026-08-25 05:00:00"
28	79	11	28079011	8	"28079011_8_8"	4.000	"V"	"2026-08-25 05:00:00"
28	79	11	28079011	7	"28079011_7_8"	0.000	"V"	"2026-08-25 05:00:00"
28	79	11	28079011	12	"28079011_12_8"	4.000	"V"	"2026-08-25 05:00:00"
28	79	8	28079008	9	"28079008_9_47"	0.000	"V"	"2026-08-25 04:00:00"
28	79	8	28079008	8	"28079008_8_8"	4.000	"V"	"2026-08-25 04:00:00"
28	79	8	28079008	7	"28079008_7_8"	0.000	"V"	"2026-08-25 04:00:00"
28	79	8	28079008	6	"28079008_6_48"	0.100	"V"	"2026-08-25 04:00:00"
28	79	8	28079008	35	"28079008_35_59"	0.100	"V"	"2026-08-25 04:00:00"
28	79	8	28079008	30	"28079008_30_59"	0.100	"V"	"2026-08-25 04:00:00"
28	79	8	28079008	20	"28079008_20_59"	0.600	"V"	"2026-08-25 04:00:00"
28	79	8	28079008	14	"28079008_14_6"	70.000	"V"	"2026-08-25 04:00:00"
28	79	8	28079008	12	"28079008_12_8"	4.000	"V"	"2026-08-25 04:00:00"
28	79	8	28079008	10	"28079008_10_47"	4.000	"V"	"2026-08-25 04:00:00"
28	79	8	28079008	1	"28079008_1_38"	2.000	"V"	"2026-08-25 04:00:00"
28	79	60	28079060	9	"28079060_9_A"	3.000	"V"	"2026-08-25 04:00:00"
28	79	60	28079060	8	"28079060_8_8"	3.000	"V"	"2026-08-25 04:00:00"
28	79	60	28079060	7	"28079060_7_8"	0.000	"V"	"2026-08-25 04:00:00"
28	79	60	28079060	14	"28079060_14_6"	72.000	"V"	"2026-08-25 04:00:00"
28	79	60	28079060	12	"28079060_12_8"	3.000	"V"	"2026-08-25 04:00:00"
28	79	60	28079060	10	"28079060_10_47"	5.000	"V"	"2026-08-25 04:00:00"
28	79	59	28079059	8	"28079059_8_8"	3.000	"V"	"2026-08-25 04:00:00"
28	79	59	28079059	7	"28079059_7_8"	1.000	"V"	"2026-08-25 04:00:00"
28	79	59	28079059	14	"28079059_14_6"	75.000	"V"	"2026-08-25 04:00:00"
28	79	59	28079059	12	"28079059_12_8"	4.000	"V"	"2026-08-25 04:00:00"
28	79	58	28079058	8	"28079058_8_8"	3.000	"V"	"2026-08-25 04:00:00"
28	79	58	28079058	7	"28079058_7_8"	0.000	"V"	"2026-08-25 04:00:00"
28	79	58	28079058	14	"28079058_14_6"	71.000	"V"	"2026-08-25 04:00:00"
28	79	58	28079058	12	"28079058_12_8"	3.000	"V"	"2026-08-25 04:00:00"
28	79	57	28079057	9	"28079057_9_A"	43.000	"V"	"2026-08-25 04:00:00"
28	79	57	28079057	8	"28079057_8_8"	1.000	"V"	"2026-08-25 04:00:00"
28	79	57	28079057	7	"28079057_7_8"	0.000	"V"	"2026-08-25 04:00:00"
28	79	57	28079057	12	"28079057_12_8"	1.000	"V"	"2026-08-25 04:00:00"
28	79	57	28079057	10	"28079057_10_47"	57.000	"V"	"2026-08-25 04:00:00"
28	79	56	28079056	9	"28079056_9_47"	10.000	"V"	"2026-08-25 04:00:00"
28	79	56	28079056	8	"28079056_8_8"	5.000	"V"	"2026-08-25 04:00:00"
28	79	56	28079056	7	"28079056_7_8"	0.000	"V"	"2026-08-25 04:00:00"
28	79	56	28079056	6	"28079056_6_48"	0.100	"V"	"2026-08-25 04:00:00"
28	79	56	28079056	12	"28079056_12_8"	6.000	"V"	"2026-08-25 04:00:00"
28	79	56	28079056	10	"28079056_10_47"	19.000	"V"	"2026-08-25 04:00:00"
28	79	54	28079054	9	"28079054_9_A"	6.000	"V"	"2026-08-25 04:00:00"
28	79	54	28079054	8	"28079054_8_8"	1.000	"V"	"2026-08-25 04:00:00"
28	79	54	28079054	7	"28079054_7_8"	1.000	"V"	"2026-08-25 04:00:00"
28	79	54	28079054	14	"28079054_14_6"	69.000	"V"	"2026-08-25 04:00:00"
28	79	54	28079054	12	"28079054_12_8"	3.000	"V"	"2026-08-25 04:00:00"
28	79	54	28079054	10	"28079054_10_A"	10.000	"V"	"2026-08-25 04:00:00"
28	79	50	28079050	9	"28079050_9_47"	55.000	"V"	"2026-08-25 04:00:00"
28	79	50	28079050	8	"28079050_8_8"	2.000	"V"	"2026-08-25 04:00:00"
28	79	50	28079050	7	"28079050_7_8"	0.000	"V"	"2026-08-25 04:00:00"
28	79	50	28079050	12	"28079050_12_8"	2.000	"V"	"2026-08-25 04:00:00"
28	79	50	28079050	10	"28079050_10_47"	71.000	"V"	"2026-08-25 04:00:00"
28	79	49	28079049	8	"28079049_8_8"	3.000	"V"	"2026-08-25 04:00:00"
28	79	49	28079049	7	"28079049_7_8"	0.000	"V"	"2026-08-25 04:00:00"
28	79	49	28079049	14	"28079049_14_6"	71.000	"V"	"2026-08-25 04:00:00"
28	79	49	28079049	12	"28079049_12_8"	3.000	"V"	"2026-08-25 04:00:00"
28	79	48	28079048	9	"28079048_9_47"	4.000	"V"	"2026-08-25 04:00:00"
28	79	48	28079048	8	"28079048_8_8"	1.000	"V"	"2026-08-25 04:00:00"
28	79	48	28079048	7	"28079048_7_8"	0.000	"V"	"2026-08-25 04:00:00"
28	79	48	28079048	12	"28079048_12_8"	1.000	"V"	"2026-08-25 04:00:00"
28	79	48	28079048	10	"28079048_10_47"	8.000	"V"	"2026-08-25 04:00:00"
28	79	47	28079047	9	"28079047_9_47"	6.000	"V"	"2026-08-25 04:00:00"
28	79	47	28079047	8	"28079047_8_8"	3.000	"V"	"2026-08-25 04:00:00"
28	79	47	28079047	7	"28079047_7_8"	0.000	"V"	"2026-08-25 04:00:00"
28	79	47	28079047	12	"28079047_12_8"	4.000	"V"	"2026-08-25 04:00:00"
28	79	47	28079047	10	"28079047_10_47"	22.000	"V"	"2026-08-25 04:00:00"
28	79	40	28079040	8	"28079040_8_8"	4.000	"V"	"2026-08-25 04:00:00"
28	79	40	28079040	7	"28079040_7_8"	0.000	"V"	"2026-08-25 04:00:00"
28	79	40	28079040	12	"28079040_12_8"	4.000	"V"	"2026-08-25 04:00:00"
28	79	40	28079040	10	"28079040_10_47"	5.000	"V"	"2026-08-25 04:00:00"
28	79	4	28079004	9	"28079004_9_A"	3.000	"V"	"2026-08-25 04:00:00"
28	79	4	28079004	8	"28079004_8_8"	5.000	"V"	"2026-08-25 04:00:00"
28	79	4	28079004	7	"28079004_7_8"	0.000	"V"	"2026-08-25 04:00:00"
28	79	4	28079004	6	"28079004_6_48"	0.100	"V"	"2026-08-25 04:00:00"
28	79	4	28079004	12	"28079004_12_8"	5.000	"V"	"2026-08-25 04:00:00"
28	79	4	28079004	10	"28079004_10_A"	6.000	"V"	"2026-08-25 04:00:00"
28	79	39	28079039	8	"28079039_8_8"	0.000	"V"	"2026-08-25 04:00:00"
28	79	39	28079039	7	"28079039_7_8"	0.000	"V"	"2026-08-25 04:00:00"
28	79	39	28079039	14	"28079039_14_6"	70.000	"V"	"2026-08-25 04:00:00"
28	79	39	28079039	12	"28079039_12_8"	0.000	"V"	"2026-08-25 04:00:00"
28	79	38	28079038	9	"28079038_9_47"	5.000	"V"	"2026-08-25 04:00:00"
28	79	38	28079038	8	"28079038_8_8"	2.000	"V"	"2026-08-25 04:00:00"
28	79	38	28079038	7	"28079038_7_8"	0.000	"V"	"2026-08-25 04:00:00"
28	79	38	28079038	35	"28079038_35_59"	0.100	"V"	"2026-08-25 04:00:00"
28	79	38	28079038	30	"28079038_30_59"	0.400	"V"	"2026-08-25 04:00:00"
28	79	38	28079038	20	"28079038_20_59"	0.600	"V"	"2026-08-25 04:00:00"
28	79	38	28079038	12	"28079038_12_8"	2.000	"V"	"2026-08-25 04:00:00"
28	79	38	28079038	10	"28079038_10_47"	8.000	"V"	"2026-08-25 04:00:00"
28	79	36	28079036	8	"28079036_8_8"	3.000	"V"	"2026-08-25 04:00:00"
28	79	36	28079036	7	"28079036_7_8"	0.000	"V"	"2026-08-25 04:00:00"
28	79	36	28079036	12	"28079036_12_8"	3.000	"V"	"2026-08-25 04:00:00"
28	79	36	28079036	10	"28079036_10_47"	5.000	"V"	"2026-08-25 04:00:00"
28	79	36	28079036	1	"28079036_1_38"	2.000	"V"	"2026-08-25 04:00:00"
28	79	35	28079035	8	"28079035_8_8"	4.000	"V"	"2026-08-25 04:00:00"
28	79	35	28079035	7	"28079035_7_8"	1.000	"V"	"2026-08-25 04:00:00"
28	79	35	28079035	6	"28079035_6_48"	0.200	"V"	"2026-08-25 04:00:00"
28	79	35	28079035	14	"28079035_14_6"	71.000	"V"	"2026-08-25 04:00:00"
28	79	35	28079035	12	"28079035_12_8"	5.000	"V"	"2026-08-25 04:00:00"
28	79	35	28079035	1	"28079035_1_38"	4.000	"V"	"2026-08-25 04:00:00"
28	79	27	28079027	8	"28079027_8_8"	2.000	"V"	"2026-08-25 04:00:00"
28	79	27	28079027	7	"28079027_7_8"	1.000	"V"	"2026-08-25 04:00:00"
28	79	27	28079027	14	"28079027_14_6"	74.000	"V"	"2026-08-25 04:00:00"
28	79	27	28079027	12	"28079027_12_8"	3.000	"V"	"2026-08-25 04:00:00"
28	79	24	28079024	9	"28079024_9_47"	24.000	"V"	"2026-08-25 04:00:00"
28	79	24	28079024	8	"28079024_8_8"	0.000	"V"	"2026-08-25 04:00:00"
28	79	24	28079024	7	"28079024_7_8"	1.000	"V"	"2026-08-25 04:00:00"
28	79	24	28079024	14	"28079024_14_6"	71.000	"V"	"2026-08-25 04:00:00"
28	79	24	28079024	12	"28079024_12_8"	2.000	"V"	"2026-08-25 04:00:00"
28	79	24	28079024	10	"28079024_10_47"	27.000	"V"	"2026-08-25 04:00:00"
28	79	18	28079018	8	"28079018_8_8"	4.000	"V"	"2026-08-25 04:00:00"
28	79	18	28079018	7	"28079018_7_8"	0.000	"V"	"2026-08-25 04:00:00"
28	79	18	28079018	35	"28079018_35_59"	0.100	"V"	"2026-08-25 04:00:00"
28	79	18	28079018	30	"28079018_30_59"	0.000	"V"	"2026-08-25 04:00:00"
28	79	18	28079018	20	"28079018_20_59"	0.300	"V"	"2026-08-25 04:00:00"
28	79	18	28079018	14	"28079018_14_6"	67.000	"V"	"2026-08-25 04:00:00"
28	79	18	28079018	12	"28079018_12_8"	4.000	"V"	"2026-08-25 04:00:00"
28	79	18	28079018	10	"28079018_10_47"	33.000	"V"	"2026-08-25 04:00:00"
28	79	17	28079017	8	"28079017_8_8"	2.000	"V"	"2026-08-25 04:00:00"
28	79	17	28079017	7	"28079017_7_8"	0.000	"V"	"2026-08-25 04:00:00"
28	79	17	28079017	14	"28079017_14_6"	69.000	"V"	"2026-08-25 04:00:00"
28	79	17	28079017	12	"28079017_12_8"	2.000	"V"	"2026-08-25 04:00:00"
28	79	16	28079016	8	"28079016_8_8"	3.000	"V"	"2026-08-25 04:00:00"
28	79	16	28079016	7	"28079016_7_8"	0.000	"V"	"2026-08-25 04:00:00"
28	79	16	28079016	14	"28079016_14_6"	74.000	"V"	"2026-08-25 04:00:00"
28	79	16	28079016	12	"28079016_12_8"	3.000	"V"	"2026-08-25 04:00:00"
28	79	11	28079011	8	"28079011_8_8"	3.000	"V"	"2026-08-25 04:00:00"
28	79	11	28079011	7	"28079011_7_8"	0.000	"V"	"2026-08-25 04:00:00"
28	79	11	28079011	12	"28079011_12_8"	3.000	"V"	"2026-08-25 04:00:00"
28	79	8	28079008	9	"28079008_9_47"	2.000	"V"	"2026-08-25 03:00:00"
28	79	8	28079008	8	"28079008_8_8"	4.000	"V"	"2026-08-25 03:00:00"
28	79	8	28079008	7	"28079008_7_8"	0.000	"V"	"2026-08-25 03:00:00"
28	79	8	28079008	6	"28079008_6_48"	0.100	"V"	"2026-08-25 03:00:00"
28	79	8	28079008	35	"28079008_35_59"	0.100	"V"	"2026-08-25 03:00:00"
28	79	8	28079008	30	"28079008_30_59"	0.100	"V"	"2026-08-25 03:00:00"
28	79	8	28079008	20	"28079008_20_59"	0.500	"V"	"2026-08-25 03:00:00"
28	79	8	28079008	14	"28079008_14_6"	75.000	"V"	"2026-08-25 03:00:00"
28	79	8	28079008	12	"28079008_12_8"	4.000	"V"	"2026-08-25 03:00:00"
28	79	8	28079008	10	"28079008_10_47"	8.000	"V"	"2026-08-25 03:00:00"
28	79	8	28079008	1	"28079008_1_38"	2.000	"V"	"2026-08-25 03:00:00"
28	79	60	28079060	9	"28079060_9_A"	2.000	"V"	"2026-08-25 03:00:00"
28	79	60	28079060	8	"28079060_8_8"	2.000	"V"	"2026-08-25 03:00:00"
28	79	60	28079060	7	"28079060_7_8"	0.000	"V"	"2026-08-25 03:00:00"
28	79	60	28079060	14	"28079060_14_6"	78.000	"V"	"2026-08-25 03:00:00"
28	79	60	28079060	12	"28079060_12_8"	2.000	"V"	"2026-08-25 03:00:00"
28	79	60	28079060	10	"28079060_10_47"	4.000	"V"	"2026-08-25 03:00:00"
28	79	59	28079059	8	"28079059_8_8"	2.000	"V"	"2026-08-25 03:00:00"
28	79	59	28079059	7	"28079059_7_8"	1.000	"V"	"2026-08-25 03:00:00"
28	79	59	28079059	14	"28079059_14_6"	78.000	"V"	"2026-08-25 03:00:00"
28	79	59	28079059	12	"28079059_12_8"	4.000	"V"	"2026-08-25 03:00:00"
28	79	58	28079058	8	"28079058_8_8"	3.000	"V"	"2026-08-25 03:00:00"
28	79	58	28079058	7	"28079058_7_8"	0.000	"V"	"2026-08-25 03:00:00"
28	79	58	28079058	14	"28079058_14_6"	77.000	"V"	"2026-08-25 03:00:00"
28	79	58	28079058	12	"28079058_12_8"	4.000	"V"	"2026-08-25 03:00:00"
28	79	57	28079057	9	"28079057_9_A"	48.000	"V"	"2026-08-25 03:00:00"
28	79	57	28079057	8	"28079057_8_8"	0.000	"V"	"2026-08-25 03:00:00"
28	79	57	28079057	7	"28079057_7_8"	0.000	"V"	"2026-08-25 03:00:00"
28	79	57	28079057	12	"28079057_12_8"	1.000	"V"	"2026-08-25 03:00:00"
28	79	57	28079057	10	"28079057_10_47"	63.000	"V"	"2026-08-25 03:00:00"
28	79	56	28079056	9	"28079056_9_47"	0.000	"N"	"2026-08-25 03:00:00"
28	79	56	28079056	8	"28079056_8_8"	4.000	"V"	"2026-08-25 03:00:00"
28	79	56	28079056	7	"28079056_7_8"	0.000	"V"	"2026-08-25 03:00:00"
28	79	56	28079056	6	"28079056_6_48"	0.100	"V"	"2026-08-25 03:00:00"
28	79	56	28079056	12	"28079056_12_8"	5.000	"V"	"2026-08-25 03:00:00"
28	79	56	28079056	10	"28079056_10_47"	0.000	"N"	"2026-08-25 03:00:00"
28	79	54	28079054	9	"28079054_9_A"	6.000	"V"	"2026-08-25 03:00:00"
28	79	54	28079054	8	"28079054_8_8"	2.000	"V"	"2026-08-25 03:00:00"
28	79	54	28079054	7	"28079054_7_8"	1.000	"V"	"2026-08-25 03:00:00"
28	79	54	28079054	14	"28079054_14_6"	73.000	"V"	"2026-08-25 03:00:00"
28	79	54	28079054	12	"28079054_12_8"	3.000	"V"	"2026-08-25 03:00:00"
28	79	54	28079054	10	"28079054_10_A"	10.000	"V"	"2026-08-25 03:00:00"
28	79	50	28079050	9	"28079050_9_47"	53.000	"V"	"2026-08-25 03:00:00"
28	79	50	28079050	8	"28079050_8_8"	1.000	"V"	"2026-08-25 03:00:00"
28	79	50	28079050	7	"28079050_7_8"	0.000	"V"	"2026-08-25 03:00:00"
28	79	50	28079050	12	"28079050_12_8"	1.000	"V"	"2026-08-25 03:00:00"
28	79	50	28079050	10	"28079050_10_47"	72.000	"V"	"2026-08-25 03:00:00"
28	79	49	28079049	8	"28079049_8_8"	2.000	"V"	"2026-08-25 03:00:00"
28	79	49	28079049	7	"28079049_7_8"	0.000	"V"	"2026-08-25 03:00:00"
28	79	49	28079049	14	"28079049_14_6"	76.000	"V"	"2026-08-25 03:00:00"
28	79	49	28079049	12	"28079049_12_8"	3.000	"V"	"2026-08-25 03:00:00"
28	79	48	28079048	9	"28079048_9_47"	3.000	"V"	"2026-08-25 03:00:00"
28	79	48	28079048	8	"28079048_8_8"	0.000	"V"	"2026-08-25 03:00:00"
28	79	48	28079048	7	"28079048_7_8"	0.000	"V"	"2026-08-25 03:00:00"
28	79	48	28079048	12	"28079048_12_8"	0.000	"V"	"2026-08-25 03:00:00"
28	79	47	28079047	9	"28079047_9_47"	5.000	"V"	"2026-08-25 03:00:00"
28	79	47	28079047	8	"28079047_8_8"	2.000	"V"	"2026-08-25 03:00:00"
28	79	47	28079047	7	"28079047_7_8"	0.000	"V"	"2026-08-25 03:00:00"
28	79	47	28079047	10	"28079047_10_47"	20.000	"V"	"2026-08-25 03:00:00"
28	79	40	28079040	8	"28079040_8_8"	3.000	"V"	"2026-08-25 03:00:00"
28	79	40	28079040	7	"28079040_7_8"	0.000	"V"	"2026-08-25 03:00:00"
28	79	40	28079040	10	"28079040_10_47"	17.000	"V"	"2026-08-25 03:00:00"
28	79	4	28079004	9	"28079004_9_A"	3.000	"V"	"2026-08-25 03:00:00"
28	79	4	28079004	8	"28079004_8_8"	5.000	"V"	"2026-08-25 03:00:00"
28	79	4	28079004	7	"28079004_7_8"	0.000	"V"	"2026-08-25 03:00:00"
28	79	4	28079004	6	"28079004_6_48"	0.100	"V"	"2026-08-25 03:00:00"
28	79	4	28079004	12	"28079004_12_8"	5.000	"V"	"2026-08-25 03:00:00"
28	79	4	28079004	10	"28079004_10_A"	6.000	"V"	"2026-08-25 03:00:00"
28	79	39	28079039	8	"28079039_8_8"	0.000	"V"	"2026-08-25 03:00:00"
28	79	39	28079039	7	"28079039_7_8"	0.000	"V"	"2026-08-25 03:00:00"
28	79	39	28079039	14	"28079039_14_6"	77.000	"V"	"2026-08-25 03:00:00"
28	79	39	28079039	12	"28079039_12_8"	0.000	"V"	"2026-08-25 03:00:00"
28	79	38	28079038	9	"28079038_9_47"	4.000	"V"	"2026-08-25 03:00:00"
28	79	38	28079038	8	"28079038_8_8"	1.000	"V"	"2026-08-25 03:00:00"
28	79	38	28079038	7	"28079038_7_8"	0.000	"V"	"2026-08-25 03:00:00"
28	79	38	28079038	35	"28079038_35_59"	0.000	"V"	"2026-08-25 03:00:00"
28	79	38	28079038	30	"28079038_30_59"	0.300	"V"	"2026-08-25 03:00:00"
28	79	38	28079038	20	"28079038_20_59"	0.600	"V"	"2026-08-25 03:00:00"
28	79	38	28079038	12	"28079038_12_8"	1.000	"V"	"2026-08-25 03:00:00"
28	79	38	28079038	10	"28079038_10_47"	7.000	"V"	"2026-08-25 03:00:00"
28	79	36	28079036	8	"28079036_8_8"	2.000	"V"	"2026-08-25 03:00:00"
28	79	36	28079036	7	"28079036_7_8"	0.000	"V"	"2026-08-25 03:00:00"
28	79	36	28079036	12	"28079036_12_8"	2.000	"V"	"2026-08-25 03:00:00"
28	79	36	28079036	10	"28079036_10_47"	5.000	"V"	"2026-08-25 03:00:00"
28	79	36	28079036	1	"28079036_1_38"	2.000	"V"	"2026-08-25 03:00:00"
28	79	35	28079035	8	"28079035_8_8"	3.000	"V"	"2026-08-25 03:00:00"
28	79	35	28079035	7	"28079035_7_8"	1.000	"V"	"2026-08-25 03:00:00"
28	79	35	28079035	6	"28079035_6_48"	0.200	"V"	"2026-08-25 03:00:00"
28	79	35	28079035	14	"28079035_14_6"	76.000	"V"	"2026-08-25 03:00:00"
28	79	35	28079035	12	"28079035_12_8"	4.000	"V"	"2026-08-25 03:00:00"
28	79	35	28079035	1	"28079035_1_38"	4.000	"V"	"2026-08-25 03:00:00"
28	79	27	28079027	8	"28079027_8_8"	2.000	"V"	"2026-08-25 03:00:00"
28	79	27	28079027	7	"28079027_7_8"	0.000	"V"	"2026-08-25 03:00:00"
28	79	27	28079027	14	"28079027_14_6"	78.000	"V"	"2026-08-25 03:00:00"
28	79	27	28079027	12	"28079027_12_8"	3.000	"V"	"2026-08-25 03:00:00"
28	79	24	28079024	9	"28079024_9_47"	24.000	"V"	"2026-08-25 03:00:00"
28	79	24	28079024	8	"28079024_8_8"	0.000	"V"	"2026-08-25 03:00:00"
28	79	24	28079024	7	"28079024_7_8"	1.000	"V"	"2026-08-25 03:00:00"
28	79	24	28079024	14	"28079024_14_6"	77.000	"V"	"2026-08-25 03:00:00"
28	79	24	28079024	12	"28079024_12_8"	2.000	"V"	"2026-08-25 03:00:00"
28	79	24	28079024	10	"28079024_10_47"	26.000	"V"	"2026-08-25 03:00:00"
28	79	18	28079018	8	"28079018_8_8"	3.000	"V"	"2026-08-25 03:00:00"
28	79	18	28079018	7	"28079018_7_8"	0.000	"V"	"2026-08-25 03:00:00"
28	79	18	28079018	30	"28079018_30_59"	0.100	"V"	"2026-08-25 03:00:00"
28	79	18	28079018	35	"28079018_35_59"	0.000	"V"	"2026-08-25 03:00:00"
28	79	18	28079018	20	"28079018_20_59"	0.400	"V"	"2026-08-25 03:00:00"
28	79	18	28079018	14	"28079018_14_6"	74.000	"V"	"2026-08-25 03:00:00"
28	79	18	28079018	12	"28079018_12_8"	3.000	"V"	"2026-08-25 03:00:00"
28	79	18	28079018	10	"28079018_10_47"	28.000	"V"	"2026-08-25 03:00:00"
28	79	17	28079017	8	"28079017_8_8"	2.000	"V"	"2026-08-25 03:00:00"
28	79	17	28079017	7	"28079017_7_8"	0.000	"V"	"2026-08-25 03:00:00"
28	79	17	28079017	14	"28079017_14_6"	75.000	"V"	"2026-08-25 03:00:00"
28	79	17	28079017	12	"28079017_12_8"	2.000	"V"	"2026-08-25 03:00:00"
28	79	16	28079016	8	"28079016_8_8"	2.000	"V"	"2026-08-25 03:00:00"
28	79	16	28079016	7	"28079016_7_8"	0.000	"V"	"2026-08-25 03:00:00"
28	79	16	28079016	14	"28079016_14_6"	78.000	"V"	"2026-08-25 03:00:00"
28	79	16	28079016	12	"28079016_12_8"	2.000	"V"	"2026-08-25 03:00:00"
28	79	11	28079011	8	"28079011_8_8"	2.000	"V"	"2026-08-25 03:00:00"
28	79	11	28079011	7	"28079011_7_8"	0.000	"V"	"2026-08-25 03:00:00"
28	79	11	28079011	12	"28079011_12_8"	2.000	"V"	"2026-08-25 03:00:00"
28	79	48	28079048	10	"28079048_10_47"	7.000	"V"	"2026-08-25 03:00:00"
28	79	47	28079047	12	"28079047_12_8"	3.000	"V"	"2026-08-25 03:00:00"
28	79	40	28079040	12	"28079040_12_8"	4.000	"V"	"2026-08-25 03:00:00"
28	79	8	28079008	9	"28079008_9_47"	0.000	"V"	"2026-08-25 02:00:00"
28	79	8	28079008	8	"28079008_8_8"	5.000	"V"	"2026-08-25 02:00:00"
28	79	8	28079008	7	"28079008_7_8"	0.000	"V"	"2026-08-25 02:00:00"
28	79	8	28079008	6	"28079008_6_48"	0.200	"V"	"2026-08-25 02:00:00"
28	79	8	28079008	35	"28079008_35_59"	0.500	"V"	"2026-08-25 02:00:00"
28	79	8	28079008	30	"28079008_30_59"	0.100	"V"	"2026-08-25 02:00:00"
28	79	8	28079008	20	"28079008_20_59"	0.600	"V"	"2026-08-25 02:00:00"
28	79	8	28079008	14	"28079008_14_6"	76.000	"V"	"2026-08-25 02:00:00"
28	79	8	28079008	12	"28079008_12_8"	5.000	"V"	"2026-08-25 02:00:00"
28	79	8	28079008	10	"28079008_10_47"	4.000	"V"	"2026-08-25 02:00:00"
28	79	8	28079008	1	"28079008_1_38"	2.000	"V"	"2026-08-25 02:00:00"
28	79	60	28079060	9	"28079060_9_A"	2.000	"V"	"2026-08-25 02:00:00"
28	79	60	28079060	8	"28079060_8_8"	2.000	"V"	"2026-08-25 02:00:00"
28	79	60	28079060	7	"28079060_7_8"	0.000	"V"	"2026-08-25 02:00:00"
28	79	60	28079060	14	"28079060_14_6"	82.000	"V"	"2026-08-25 02:00:00"
28	79	60	28079060	12	"28079060_12_8"	2.000	"V"	"2026-08-25 02:00:00"
28	79	60	28079060	10	"28079060_10_47"	5.000	"V"	"2026-08-25 02:00:00"
28	79	59	28079059	8	"28079059_8_8"	3.000	"V"	"2026-08-25 02:00:00"
28	79	59	28079059	7	"28079059_7_8"	1.000	"V"	"2026-08-25 02:00:00"
28	79	59	28079059	14	"28079059_14_6"	80.000	"V"	"2026-08-25 02:00:00"
28	79	59	28079059	12	"28079059_12_8"	5.000	"V"	"2026-08-25 02:00:00"
28	79	58	28079058	8	"28079058_8_8"	1.000	"V"	"2026-08-25 02:00:00"
28	79	58	28079058	7	"28079058_7_8"	0.000	"V"	"2026-08-25 02:00:00"
28	79	58	28079058	14	"28079058_14_6"	86.000	"V"	"2026-08-25 02:00:00"
28	79	58	28079058	12	"28079058_12_8"	1.000	"V"	"2026-08-25 02:00:00"
28	79	57	28079057	9	"28079057_9_A"	28.000	"V"	"2026-08-25 02:00:00"
28	79	57	28079057	8	"28079057_8_8"	0.000	"V"	"2026-08-25 02:00:00"
28	79	57	28079057	7	"28079057_7_8"	1.000	"V"	"2026-08-25 02:00:00"
28	79	57	28079057	12	"28079057_12_8"	1.000	"V"	"2026-08-25 02:00:00"
28	79	57	28079057	10	"28079057_10_47"	36.000	"V"	"2026-08-25 02:00:00"
28	79	56	28079056	9	"28079056_9_47"	12.000	"V"	"2026-08-25 02:00:00"
28	79	56	28079056	8	"28079056_8_8"	5.000	"V"	"2026-08-25 02:00:00"
28	79	56	28079056	7	"28079056_7_8"	1.000	"V"	"2026-08-25 02:00:00"
28	79	56	28079056	6	"28079056_6_48"	0.100	"V"	"2026-08-25 02:00:00"
28	79	56	28079056	12	"28079056_12_8"	6.000	"V"	"2026-08-25 02:00:00"
28	79	56	28079056	10	"28079056_10_47"	26.000	"V"	"2026-08-25 02:00:00"
28	79	54	28079054	9	"28079054_9_A"	5.000	"V"	"2026-08-25 02:00:00"
28	79	54	28079054	8	"28079054_8_8"	2.000	"V"	"2026-08-25 02:00:00"
28	79	54	28079054	7	"28079054_7_8"	1.000	"V"	"2026-08-25 02:00:00"
28	79	54	28079054	14	"28079054_14_6"	73.000	"V"	"2026-08-25 02:00:00"
28	79	54	28079054	12	"28079054_12_8"	3.000	"V"	"2026-08-25 02:00:00"
28	79	54	28079054	10	"28079054_10_A"	12.000	"V"	"2026-08-25 02:00:00"
28	79	50	28079050	9	"28079050_9_47"	0.000	"N"	"2026-08-25 02:00:00"
28	79	50	28079050	8	"28079050_8_8"	1.000	"V"	"2026-08-25 02:00:00"
28	79	50	28079050	7	"28079050_7_8"	0.000	"V"	"2026-08-25 02:00:00"
28	79	50	28079050	12	"28079050_12_8"	1.000	"V"	"2026-08-25 02:00:00"
28	79	50	28079050	10	"28079050_10_47"	0.000	"N"	"2026-08-25 02:00:00"
28	79	49	28079049	8	"28079049_8_8"	3.000	"V"	"2026-08-25 02:00:00"
28	79	49	28079049	7	"28079049_7_8"	0.000	"V"	"2026-08-25 02:00:00"
28	79	49	28079049	14	"28079049_14_6"	78.000	"V"	"2026-08-25 02:00:00"
28	79	49	28079049	12	"28079049_12_8"	3.000	"V"	"2026-08-25 02:00:00"
28	79	48	28079048	9	"28079048_9_47"	4.000	"V"	"2026-08-25 02:00:00"
28	79	48	28079048	8	"28079048_8_8"	0.000	"V"	"2026-08-25 02:00:00"
28	79	48	28079048	7	"28079048_7_8"	0.000	"V"	"2026-08-25 02:00:00"
28	79	48	28079048	12	"28079048_12_8"	0.000	"V"	"2026-08-25 02:00:00"
28	79	48	28079048	10	"28079048_10_47"	9.000	"V"	"2026-08-25 02:00:00"
28	79	47	28079047	9	"28079047_9_47"	3.000	"V"	"2026-08-25 02:00:00"
28	79	47	28079047	8	"28079047_8_8"	3.000	"V"	"2026-08-25 02:00:00"
28	79	47	28079047	7	"28079047_7_8"	0.000	"V"	"2026-08-25 02:00:00"
28	79	47	28079047	12	"28079047_12_8"	3.000	"V"	"2026-08-25 02:00:00"
28	79	47	28079047	10	"28079047_10_47"	21.000	"V"	"2026-08-25 02:00:00"
28	79	40	28079040	8	"28079040_8_8"	4.000	"V"	"2026-08-25 02:00:00"
28	79	40	28079040	7	"28079040_7_8"	1.000	"V"	"2026-08-25 02:00:00"
28	79	40	28079040	12	"28079040_12_8"	5.000	"V"	"2026-08-25 02:00:00"
28	79	40	28079040	10	"28079040_10_47"	21.000	"V"	"2026-08-25 02:00:00"
28	79	4	28079004	9	"28079004_9_A"	3.000	"V"	"2026-08-25 02:00:00"
28	79	4	28079004	8	"28079004_8_8"	5.000	"V"	"2026-08-25 02:00:00"
28	79	4	28079004	7	"28079004_7_8"	1.000	"V"	"2026-08-25 02:00:00"
28	79	4	28079004	6	"28079004_6_48"	0.100	"V"	"2026-08-25 02:00:00"
28	79	4	28079004	12	"28079004_12_8"	6.000	"V"	"2026-08-25 02:00:00"
28	79	4	28079004	10	"28079004_10_A"	6.000	"V"	"2026-08-25 02:00:00"
28	79	39	28079039	8	"28079039_8_8"	0.000	"V"	"2026-08-25 02:00:00"
28	79	39	28079039	7	"28079039_7_8"	0.000	"V"	"2026-08-25 02:00:00"
28	79	39	28079039	14	"28079039_14_6"	79.000	"V"	"2026-08-25 02:00:00"
28	79	39	28079039	12	"28079039_12_8"	0.000	"V"	"2026-08-25 02:00:00"
28	79	38	28079038	9	"28079038_9_47"	7.000	"V"	"2026-08-25 02:00:00"
28	79	38	28079038	8	"28079038_8_8"	2.000	"V"	"2026-08-25 02:00:00"
28	79	38	28079038	7	"28079038_7_8"	0.000	"V"	"2026-08-25 02:00:00"
28	79	38	28079038	35	"28079038_35_59"	0.000	"V"	"2026-08-25 02:00:00"
28	79	38	28079038	30	"28079038_30_59"	0.300	"V"	"2026-08-25 02:00:00"
28	79	38	28079038	20	"28079038_20_59"	0.600	"V"	"2026-08-25 02:00:00"
28	79	38	28079038	12	"28079038_12_8"	2.000	"V"	"2026-08-25 02:00:00"
28	79	38	28079038	10	"28079038_10_47"	11.000	"V"	"2026-08-25 02:00:00"
28	79	36	28079036	8	"28079036_8_8"	3.000	"V"	"2026-08-25 02:00:00"
28	79	36	28079036	7	"28079036_7_8"	0.000	"V"	"2026-08-25 02:00:00"
28	79	36	28079036	12	"28079036_12_8"	3.000	"V"	"2026-08-25 02:00:00"
28	79	36	28079036	10	"28079036_10_47"	7.000	"V"	"2026-08-25 02:00:00"
28	79	36	28079036	1	"28079036_1_38"	2.000	"V"	"2026-08-25 02:00:00"
28	79	35	28079035	8	"28079035_8_8"	5.000	"V"	"2026-08-25 02:00:00"
28	79	35	28079035	7	"28079035_7_8"	1.000	"V"	"2026-08-25 02:00:00"
28	79	35	28079035	6	"28079035_6_48"	0.200	"V"	"2026-08-25 02:00:00"
28	79	35	28079035	14	"28079035_14_6"	76.000	"V"	"2026-08-25 02:00:00"
28	79	35	28079035	12	"28079035_12_8"	7.000	"V"	"2026-08-25 02:00:00"
28	79	35	28079035	1	"28079035_1_38"	4.000	"V"	"2026-08-25 02:00:00"
28	79	27	28079027	8	"28079027_8_8"	3.000	"V"	"2026-08-25 02:00:00"
28	79	27	28079027	7	"28079027_7_8"	0.000	"V"	"2026-08-25 02:00:00"
28	79	27	28079027	14	"28079027_14_6"	80.000	"V"	"2026-08-25 02:00:00"
28	79	27	28079027	12	"28079027_12_8"	4.000	"V"	"2026-08-25 02:00:00"
28	79	24	28079024	9	"28079024_9_47"	23.000	"V"	"2026-08-25 02:00:00"
28	79	24	28079024	8	"28079024_8_8"	0.000	"V"	"2026-08-25 02:00:00"
28	79	24	28079024	7	"28079024_7_8"	1.000	"V"	"2026-08-25 02:00:00"
28	79	24	28079024	14	"28079024_14_6"	82.000	"V"	"2026-08-25 02:00:00"
28	79	24	28079024	12	"28079024_12_8"	1.000	"V"	"2026-08-25 02:00:00"
28	79	24	28079024	10	"28079024_10_47"	28.000	"V"	"2026-08-25 02:00:00"
28	79	18	28079018	8	"28079018_8_8"	4.000	"V"	"2026-08-25 02:00:00"
28	79	18	28079018	7	"28079018_7_8"	0.000	"V"	"2026-08-25 02:00:00"
28	79	18	28079018	30	"28079018_30_59"	0.000	"V"	"2026-08-25 02:00:00"
28	79	18	28079018	35	"28079018_35_59"	0.000	"V"	"2026-08-25 02:00:00"
28	79	18	28079018	20	"28079018_20_59"	0.200	"V"	"2026-08-25 02:00:00"
28	79	18	28079018	14	"28079018_14_6"	75.000	"V"	"2026-08-25 02:00:00"
28	79	18	28079018	12	"28079018_12_8"	4.000	"V"	"2026-08-25 02:00:00"
28	79	18	28079018	10	"28079018_10_47"	33.000	"V"	"2026-08-25 02:00:00"
28	79	17	28079017	8	"28079017_8_8"	2.000	"V"	"2026-08-25 02:00:00"
28	79	17	28079017	7	"28079017_7_8"	0.000	"V"	"2026-08-25 02:00:00"
28	79	17	28079017	14	"28079017_14_6"	76.000	"V"	"2026-08-25 02:00:00"
28	79	17	28079017	12	"28079017_12_8"	2.000	"V"	"2026-08-25 02:00:00"
28	79	16	28079016	8	"28079016_8_8"	2.000	"V"	"2026-08-25 02:00:00"
28	79	16	28079016	7	"28079016_7_8"	0.000	"V"	"2026-08-25 02:00:00"
28	79	16	28079016	14	"28079016_14_6"	80.000	"V"	"2026-08-25 02:00:00"
28	79	16	28079016	12	"28079016_12_8"	3.000	"V"	"2026-08-25 02:00:00"
28	79	11	28079011	8	"28079011_8_8"	3.000	"V"	"2026-08-25 02:00:00"
28	79	11	28079011	7	"28079011_7_8"	0.000	"V"	"2026-08-25 02:00:00"
28	79	11	28079011	12	"28079011_12_8"	3.000	"V"	"2026-08-25 02:00:00"
28	79	8	28079008	9	"28079008_9_47"	1.000	"V"	"2026-08-25 01:00:00"
28	79	8	28079008	8	"28079008_8_8"	7.000	"V"	"2026-08-25 01:00:00"
28	79	8	28079008	7	"28079008_7_8"	0.000	"V"	"2026-08-25 01:00:00"
28	79	8	28079008	6	"28079008_6_48"	0.200	"V"	"2026-08-25 01:00:00"
28	79	8	28079008	35	"28079008_35_59"	0.100	"V"	"2026-08-25 01:00:00"
28	79	8	28079008	30	"28079008_30_59"	0.200	"V"	"2026-08-25 01:00:00"
28	79	8	28079008	20	"28079008_20_59"	0.700	"V"	"2026-08-25 01:00:00"
28	79	8	28079008	14	"28079008_14_6"	75.000	"V"	"2026-08-25 01:00:00"
28	79	8	28079008	12	"28079008_12_8"	7.000	"V"	"2026-08-25 01:00:00"
28	79	8	28079008	10	"28079008_10_47"	10.000	"V"	"2026-08-25 01:00:00"
28	79	8	28079008	1	"28079008_1_38"	2.000	"V"	"2026-08-25 01:00:00"
28	79	60	28079060	9	"28079060_9_A"	4.000	"V"	"2026-08-25 01:00:00"
28	79	60	28079060	8	"28079060_8_8"	4.000	"V"	"2026-08-25 01:00:00"
28	79	60	28079060	7	"28079060_7_8"	0.000	"V"	"2026-08-25 01:00:00"
28	79	60	28079060	14	"28079060_14_6"	80.000	"V"	"2026-08-25 01:00:00"
28	79	60	28079060	12	"28079060_12_8"	4.000	"V"	"2026-08-25 01:00:00"
28	79	60	28079060	10	"28079060_10_47"	9.000	"V"	"2026-08-25 01:00:00"
28	79	59	28079059	8	"28079059_8_8"	5.000	"V"	"2026-08-25 01:00:00"
28	79	59	28079059	7	"28079059_7_8"	1.000	"V"	"2026-08-25 01:00:00"
28	79	59	28079059	14	"28079059_14_6"	79.000	"V"	"2026-08-25 01:00:00"
28	79	59	28079059	12	"28079059_12_8"	6.000	"V"	"2026-08-25 01:00:00"
28	79	58	28079058	8	"28079058_8_8"	3.000	"V"	"2026-08-25 01:00:00"
28	79	58	28079058	7	"28079058_7_8"	1.000	"V"	"2026-08-25 01:00:00"
28	79	58	28079058	14	"28079058_14_6"	84.000	"V"	"2026-08-25 01:00:00"
28	79	58	28079058	12	"28079058_12_8"	4.000	"V"	"2026-08-25 01:00:00"
28	79	57	28079057	9	"28079057_9_A"	33.000	"V"	"2026-08-25 01:00:00"
28	79	57	28079057	8	"28079057_8_8"	2.000	"V"	"2026-08-25 01:00:00"
28	79	57	28079057	7	"28079057_7_8"	1.000	"V"	"2026-08-25 01:00:00"
28	79	57	28079057	12	"28079057_12_8"	3.000	"V"	"2026-08-25 01:00:00"
28	79	57	28079057	10	"28079057_10_47"	46.000	"V"	"2026-08-25 01:00:00"
28	79	56	28079056	9	"28079056_9_47"	13.000	"V"	"2026-08-25 01:00:00"
28	79	56	28079056	8	"28079056_8_8"	5.000	"V"	"2026-08-25 01:00:00"
28	79	56	28079056	7	"28079056_7_8"	1.000	"V"	"2026-08-25 01:00:00"
28	79	56	28079056	6	"28079056_6_48"	0.100	"V"	"2026-08-25 01:00:00"
28	79	56	28079056	12	"28079056_12_8"	7.000	"V"	"2026-08-25 01:00:00"
28	79	56	28079056	10	"28079056_10_47"	24.000	"V"	"2026-08-25 01:00:00"
28	79	54	28079054	9	"28079054_9_A"	7.000	"V"	"2026-08-25 01:00:00"
28	79	54	28079054	8	"28079054_8_8"	4.000	"V"	"2026-08-25 01:00:00"
28	79	54	28079054	7	"28079054_7_8"	1.000	"V"	"2026-08-25 01:00:00"
28	79	54	28079054	14	"28079054_14_6"	75.000	"V"	"2026-08-25 01:00:00"
28	79	54	28079054	12	"28079054_12_8"	5.000	"V"	"2026-08-25 01:00:00"
28	79	54	28079054	10	"28079054_10_A"	21.000	"V"	"2026-08-25 01:00:00"
28	79	50	28079050	9	"28079050_9_47"	0.000	"N"	"2026-08-25 01:00:00"
28	79	50	28079050	8	"28079050_8_8"	3.000	"V"	"2026-08-25 01:00:00"
28	79	50	28079050	7	"28079050_7_8"	0.000	"V"	"2026-08-25 01:00:00"
28	79	50	28079050	12	"28079050_12_8"	4.000	"V"	"2026-08-25 01:00:00"
28	79	50	28079050	10	"28079050_10_47"	0.000	"N"	"2026-08-25 01:00:00"
28	79	49	28079049	8	"28079049_8_8"	4.000	"V"	"2026-08-25 01:00:00"
28	79	49	28079049	7	"28079049_7_8"	0.000	"V"	"2026-08-25 01:00:00"
28	79	49	28079049	14	"28079049_14_6"	79.000	"V"	"2026-08-25 01:00:00"
28	79	49	28079049	12	"28079049_12_8"	4.000	"V"	"2026-08-25 01:00:00"
28	79	48	28079048	9	"28079048_9_47"	3.000	"V"	"2026-08-25 01:00:00"
28	79	48	28079048	8	"28079048_8_8"	1.000	"V"	"2026-08-25 01:00:00"
28	79	48	28079048	7	"28079048_7_8"	0.000	"V"	"2026-08-25 01:00:00"
28	79	48	28079048	12	"28079048_12_8"	1.000	"V"	"2026-08-25 01:00:00"
28	79	48	28079048	10	"28079048_10_47"	10.000	"V"	"2026-08-25 01:00:00"
28	79	47	28079047	9	"28079047_9_47"	4.000	"V"	"2026-08-25 01:00:00"
28	79	47	28079047	8	"28079047_8_8"	4.000	"V"	"2026-08-25 01:00:00"
28	79	47	28079047	7	"28079047_7_8"	0.000	"V"	"2026-08-25 01:00:00"
28	79	47	28079047	12	"28079047_12_8"	4.000	"V"	"2026-08-25 01:00:00"
28	79	47	28079047	10	"28079047_10_47"	21.000	"V"	"2026-08-25 01:00:00"
28	79	40	28079040	8	"28079040_8_8"	6.000	"V"	"2026-08-25 01:00:00"
28	79	40	28079040	7	"28079040_7_8"	1.000	"V"	"2026-08-25 01:00:00"
28	79	40	28079040	12	"28079040_12_8"	7.000	"V"	"2026-08-25 01:00:00"
28	79	40	28079040	10	"28079040_10_47"	32.000	"V"	"2026-08-25 01:00:00"
28	79	4	28079004	9	"28079004_9_A"	5.000	"V"	"2026-08-25 01:00:00"
28	79	4	28079004	8	"28079004_8_8"	6.000	"V"	"2026-08-25 01:00:00"
28	79	4	28079004	7	"28079004_7_8"	0.000	"V"	"2026-08-25 01:00:00"
28	79	4	28079004	6	"28079004_6_48"	0.100	"V"	"2026-08-25 01:00:00"
28	79	4	28079004	12	"28079004_12_8"	6.000	"V"	"2026-08-25 01:00:00"
28	79	4	28079004	10	"28079004_10_A"	12.000	"V"	"2026-08-25 01:00:00"
28	79	39	28079039	8	"28079039_8_8"	0.000	"V"	"2026-08-25 01:00:00"
28	79	39	28079039	7	"28079039_7_8"	0.000	"V"	"2026-08-25 01:00:00"
28	79	39	28079039	14	"28079039_14_6"	78.000	"V"	"2026-08-25 01:00:00"
28	79	39	28079039	12	"28079039_12_8"	0.000	"V"	"2026-08-25 01:00:00"
28	79	38	28079038	9	"28079038_9_47"	8.000	"V"	"2026-08-25 01:00:00"
28	79	38	28079038	8	"28079038_8_8"	4.000	"V"	"2026-08-25 01:00:00"
28	79	38	28079038	7	"28079038_7_8"	0.000	"V"	"2026-08-25 01:00:00"
28	79	38	28079038	35	"28079038_35_59"	0.100	"V"	"2026-08-25 01:00:00"
28	79	38	28079038	30	"28079038_30_59"	0.400	"V"	"2026-08-25 01:00:00"
28	79	38	28079038	20	"28079038_20_59"	0.500	"V"	"2026-08-25 01:00:00"
28	79	38	28079038	12	"28079038_12_8"	4.000	"V"	"2026-08-25 01:00:00"
28	79	38	28079038	10	"28079038_10_47"	14.000	"V"	"2026-08-25 01:00:00"
28	79	36	28079036	8	"28079036_8_8"	4.000	"V"	"2026-08-25 01:00:00"
28	79	36	28079036	7	"28079036_7_8"	0.000	"V"	"2026-08-25 01:00:00"
28	79	36	28079036	12	"28079036_12_8"	4.000	"V"	"2026-08-25 01:00:00"
28	79	36	28079036	10	"28079036_10_47"	11.000	"V"	"2026-08-25 01:00:00"
28	79	36	28079036	1	"28079036_1_38"	2.000	"V"	"2026-08-25 01:00:00"
28	79	35	28079035	8	"28079035_8_8"	7.000	"V"	"2026-08-25 01:00:00"
28	79	35	28079035	7	"28079035_7_8"	1.000	"V"	"2026-08-25 01:00:00"
28	79	35	28079035	6	"28079035_6_48"	0.200	"V"	"2026-08-25 01:00:00"
28	79	35	28079035	14	"28079035_14_6"	77.000	"V"	"2026-08-25 01:00:00"
28	79	35	28079035	12	"28079035_12_8"	8.000	"V"	"2026-08-25 01:00:00"
28	79	35	28079035	1	"28079035_1_38"	3.000	"V"	"2026-08-25 01:00:00"
28	79	27	28079027	8	"28079027_8_8"	4.000	"V"	"2026-08-25 01:00:00"
28	79	27	28079027	7	"28079027_7_8"	1.000	"V"	"2026-08-25 01:00:00"
28	79	27	28079027	14	"28079027_14_6"	80.000	"V"	"2026-08-25 01:00:00"
28	79	27	28079027	12	"28079027_12_8"	5.000	"V"	"2026-08-25 01:00:00"
28	79	24	28079024	9	"28079024_9_47"	22.000	"V"	"2026-08-25 01:00:00"
28	79	24	28079024	8	"28079024_8_8"	1.000	"V"	"2026-08-25 01:00:00"
28	79	24	28079024	7	"28079024_7_8"	1.000	"V"	"2026-08-25 01:00:00"
28	79	24	28079024	14	"28079024_14_6"	82.000	"V"	"2026-08-25 01:00:00"
28	79	24	28079024	12	"28079024_12_8"	2.000	"V"	"2026-08-25 01:00:00"
28	79	24	28079024	10	"28079024_10_47"	28.000	"V"	"2026-08-25 01:00:00"
28	79	18	28079018	8	"28079018_8_8"	5.000	"V"	"2026-08-25 01:00:00"
28	79	18	28079018	7	"28079018_7_8"	0.000	"V"	"2026-08-25 01:00:00"
28	79	18	28079018	30	"28079018_30_59"	0.000	"V"	"2026-08-25 01:00:00"
28	79	18	28079018	35	"28079018_35_59"	0.100	"V"	"2026-08-25 01:00:00"
28	79	18	28079018	20	"28079018_20_59"	0.400	"V"	"2026-08-25 01:00:00"
28	79	18	28079018	14	"28079018_14_6"	75.000	"V"	"2026-08-25 01:00:00"
28	79	18	28079018	12	"28079018_12_8"	5.000	"V"	"2026-08-25 01:00:00"
28	79	18	28079018	10	"28079018_10_47"	36.000	"V"	"2026-08-25 01:00:00"
28	79	17	28079017	8	"28079017_8_8"	4.000	"V"	"2026-08-25 01:00:00"
28	79	17	28079017	7	"28079017_7_8"	0.000	"V"	"2026-08-25 01:00:00"
28	79	17	28079017	14	"28079017_14_6"	76.000	"V"	"2026-08-25 01:00:00"
28	79	17	28079017	12	"28079017_12_8"	4.000	"V"	"2026-08-25 01:00:00"
28	79	16	28079016	8	"28079016_8_8"	4.000	"V"	"2026-08-25 01:00:00"
28	79	16	28079016	7	"28079016_7_8"	0.000	"V"	"2026-08-25 01:00:00"
28	79	16	28079016	14	"28079016_14_6"	80.000	"V"	"2026-08-25 01:00:00"
28	79	16	28079016	12	"28079016_12_8"	4.000	"V"	"2026-08-25 01:00:00"
28	79	11	28079011	8	"28079011_8_8"	4.000	"V"	"2026-08-25 01:00:00"
28	79	11	28079011	7	"28079011_7_8"	0.000	"V"	"2026-08-25 01:00:00"
28	79	11	28079011	12	"28079011_12_8"	4.000	"V"	"2026-08-25 01:00:00"
28	79	8	28079008	9	"28079008_9_47"	0.000	"N"	"2026-08-25 00:00:00"
28	79	8	28079008	8	"28079008_8_8"	0.000	"N"	"2026-08-25 00:00:00"
28	79	8	28079008	7	"28079008_7_8"	0.000	"N"	"2026-08-25 00:00:00"
28	79	8	28079008	6	"28079008_6_48"	0.000	"N"	"2026-08-25 00:00:00"
28	79	8	28079008	35	"28079008_35_59"	0.000	"N"	"2026-08-25 00:00:00"
28	79	8	28079008	30	"28079008_30_59"	0.000	"N"	"2026-08-25 00:00:00"
28	79	8	28079008	20	"28079008_20_59"	0.000	"N"	"2026-08-25 00:00:00"
28	79	8	28079008	14	"28079008_14_6"	0.000	"N"	"2026-08-25 00:00:00"
28	79	8	28079008	12	"28079008_12_8"	0.000	"N"	"2026-08-25 00:00:00"
28	79	8	28079008	10	"28079008_10_47"	0.000	"N"	"2026-08-25 00:00:00"
28	79	8	28079008	1	"28079008_1_38"	0.000	"N"	"2026-08-25 00:00:00"
28	79	60	28079060	9	"28079060_9_A"	0.000	"N"	"2026-08-25 00:00:00"
28	79	60	28079060	8	"28079060_8_8"	0.000	"N"	"2026-08-25 00:00:00"
28	79	60	28079060	7	"28079060_7_8"	0.000	"N"	"2026-08-25 00:00:00"
28	79	60	28079060	14	"28079060_14_6"	0.000	"N"	"2026-08-25 00:00:00"
28	79	60	28079060	12	"28079060_12_8"	0.000	"N"	"2026-08-25 00:00:00"
28	79	60	28079060	10	"28079060_10_47"	0.000	"N"	"2026-08-25 00:00:00"
28	79	59	28079059	8	"28079059_8_8"	0.000	"N"	"2026-08-25 00:00:00"
28	79	59	28079059	7	"28079059_7_8"	0.000	"N"	"2026-08-25 00:00:00"
28	79	59	28079059	14	"28079059_14_6"	0.000	"N"	"2026-08-25 00:00:00"
28	79	59	28079059	12	"28079059_12_8"	0.000	"N"	"2026-08-25 00:00:00"
28	79	58	28079058	8	"28079058_8_8"	0.000	"N"	"2026-08-25 00:00:00"
28	79	58	28079058	7	"28079058_7_8"	0.000	"N"	"2026-08-25 00:00:00"
28	79	58	28079058	14	"28079058_14_6"	0.000	"N"	"2026-08-25 00:00:00"
28	79	58	28079058	12	"28079058_12_8"	0.000	"N"	"2026-08-25 00:00:00"
28	79	57	28079057	9	"28079057_9_A"	0.000	"N"	"2026-08-25 00:00:00"
28	79	57	28079057	8	"28079057_8_8"	0.000	"N"	"2026-08-25 00:00:00"
28	79	57	28079057	7	"28079057_7_8"	0.000	"N"	"2026-08-25 00:00:00"
28	79	57	28079057	12	"28079057_12_8"	0.000	"N"	"2026-08-25 00:00:00"
28	79	57	28079057	10	"28079057_10_47"	0.000	"N"	"2026-08-25 00:00:00"
28	79	56	28079056	9	"28079056_9_47"	0.000	"N"	"2026-08-25 00:00:00"
28	79	56	28079056	8	"28079056_8_8"	0.000	"N"	"2026-08-25 00:00:00"
28	79	56	28079056	7	"28079056_7_8"	0.000	"N"	"2026-08-25 00:00:00"
28	79	56	28079056	6	"28079056_6_48"	0.000	"N"	"2026-08-25 00:00:00"
28	79	56	28079056	12	"28079056_12_8"	0.000	"N"	"2026-08-25 00:00:00"
28	79	56	28079056	10	"28079056_10_47"	0.000	"N"	"2026-08-25 00:00:00"
28	79	54	28079054	9	"28079054_9_A"	0.000	"N"	"2026-08-25 00:00:00"
28	79	54	28079054	8	"28079054_8_8"	0.000	"N"	"2026-08-25 00:00:00"
28	79	54	28079054	7	"28079054_7_8"	0.000	"N"	"2026-08-25 00:00:00"
28	79	54	28079054	14	"28079054_14_6"	0.000	"N"	"2026-08-25 00:00:00"
28	79	54	28079054	12	"28079054_12_8"	0.000	"N"	"2026-08-25 00:00:00"
28	79	54	28079054	10	"28079054_10_A"	0.000	"N"	"2026-08-25 00:00:00"
28	79	50	28079050	9	"28079050_9_47"	0.000	"N"	"2026-08-25 00:00:00"
28	79	50	28079050	8	"28079050_8_8"	0.000	"N"	"2026-08-25 00:00:00"
28	79	50	28079050	7	"28079050_7_8"	0.000	"N"	"2026-08-25 00:00:00"
28	79	50	28079050	12	"28079050_12_8"	0.000	"N"	"2026-08-25 00:00:00"
28	79	50	28079050	10	"28079050_10_47"	0.000	"N"	"2026-08-25 00:00:00"
28	79	49	28079049	8	"28079049_8_8"	0.000	"N"	"2026-08-25 00:00:00"
28	79	49	28079049	7	"28079049_7_8"	0.000	"N"	"2026-08-25 00:00:00"
28	79	49	28079049	14	"28079049_14_6"	0.000	"N"	"2026-08-25 00:00:00"
28	79	49	28079049	12	"28079049_12_8"	0.000	"N"	"2026-08-25 00:00:00"
28	79	48	28079048	9	"28079048_9_47"	0.000	"N"	"2026-08-25 00:00:00"
28	79	48	28079048	8	"28079048_8_8"	0.000	"N"	"2026-08-25 00:00:00"
28	79	48	28079048	7	"28079048_7_8"	0.000	"N"	"2026-08-25 00:00:00"
28	79	48	28079048	12	"28079048_12_8"	0.000	"N"	"2026-08-25 00:00:00"
28	79	48	28079048	10	"28079048_10_47"	0.000	"N"	"2026-08-25 00:00:00"
28	79	47	28079047	9	"28079047_9_47"	0.000	"N"	"2026-08-25 00:00:00"
28	79	47	28079047	8	"28079047_8_8"	0.000	"N"	"2026-08-25 00:00:00"
28	79	47	28079047	7	"28079047_7_8"	0.000	"N"	"2026-08-25 00:00:00"
28	79	47	28079047	12	"28079047_12_8"	0.000	"N"	"2026-08-25 00:00:00"
28	79	47	28079047	10	"28079047_10_47"	0.000	"N"	"2026-08-25 00:00:00"
28	79	40	28079040	8	"28079040_8_8"	0.000	"N"	"2026-08-25 00:00:00"
28	79	40	28079040	7	"28079040_7_8"	0.000	"N"	"2026-08-25 00:00:00"
28	79	40	28079040	12	"28079040_12_8"	0.000	"N"	"2026-08-25 00:00:00"
28	79	40	28079040	10	"28079040_10_47"	0.000	"N"	"2026-08-25 00:00:00"
28	79	4	28079004	9	"28079004_9_A"	0.000	"N"	"2026-08-25 00:00:00"
28	79	4	28079004	8	"28079004_8_8"	0.000	"N"	"2026-08-25 00:00:00"
28	79	4	28079004	7	"28079004_7_8"	0.000	"N"	"2026-08-25 00:00:00"
28	79	4	28079004	6	"28079004_6_48"	0.000	"N"	"2026-08-25 00:00:00"
28	79	4	28079004	12	"28079004_12_8"	0.000	"N"	"2026-08-25 00:00:00"
28	79	4	28079004	10	"28079004_10_A"	0.000	"N"	"2026-08-25 00:00:00"
28	79	39	28079039	8	"28079039_8_8"	0.000	"N"	"2026-08-25 00:00:00"
28	79	39	28079039	7	"28079039_7_8"	0.000	"N"	"2026-08-25 00:00:00"
28	79	39	28079039	14	"28079039_14_6"	0.000	"N"	"2026-08-25 00:00:00"
28	79	39	28079039	12	"28079039_12_8"	0.000	"N"	"2026-08-25 00:00:00"
28	79	38	28079038	9	"28079038_9_47"	0.000	"N"	"2026-08-25 00:00:00"
28	79	38	28079038	8	"28079038_8_8"	0.000	"N"	"2026-08-25 00:00:00"
28	79	38	28079038	7	"28079038_7_8"	0.000	"N"	"2026-08-25 00:00:00"
28	79	38	28079038	35	"28079038_35_59"	0.000	"N"	"2026-08-25 00:00:00"
28	79	38	28079038	30	"28079038_30_59"	0.000	"N"	"2026-08-25 00:00:00"
28	79	38	28079038	20	"28079038_20_59"	0.000	"N"	"2026-08-25 00:00:00"
28	79	38	28079038	12	"28079038_12_8"	0.000	"N"	"2026-08-25 00:00:00"
28	79	38	28079038	10	"28079038_10_47"	0.000	"N"	"2026-08-25 00:00:00"
28	79	36	28079036	8	"28079036_8_8"	0.000	"N"	"2026-08-25 00:00:00"
28	79	36	28079036	7	"28079036_7_8"	0.000	"N"	"2026-08-25 00:00:00"
28	79	36	28079036	12	"28079036_12_8"	0.000	"N"	"2026-08-25 00:00:00"
28	79	36	28079036	10	"28079036_10_47"	0.000	"N"	"2026-08-25 00:00:00"
28	79	36	28079036	1	"28079036_1_38"	0.000	"N"	"2026-08-25 00:00:00"
28	79	35	28079035	8	"28079035_8_8"	0.000	"N"	"2026-08-25 00:00:00"
28	79	35	28079035	7	"28079035_7_8"	0.000	"N"	"2026-08-25 00:00:00"
28	79	35	28079035	6	"28079035_6_48"	0.000	"N"	"2026-08-25 00:00:00"
28	79	35	28079035	14	"28079035_14_6"	0.000	"N"	"2026-08-25 00:00:00"
28	79	35	28079035	12	"28079035_12_8"	0.000	"N"	"2026-08-25 00:00:00"
28	79	35	28079035	1	"28079035_1_38"	0.000	"N"	"2026-08-25 00:00:00"
28	79	27	28079027	8	"28079027_8_8"	0.000	"N"	"2026-08-25 00:00:00"
28	79	27	28079027	7	"28079027_7_8"	0.000	"N"	"2026-08-25 00:00:00"
28	79	27	28079027	14	"28079027_14_6"	0.000	"N"	"2026-08-25 00:00:00"
28	79	27	28079027	12	"28079027_12_8"	0.000	"N"	"2026-08-25 00:00:00"
28	79	24	28079024	9	"28079024_9_47"	0.000	"N"	"2026-08-25 00:00:00"
28	79	24	28079024	8	"28079024_8_8"	0.000	"N"	"2026-08-25 00:00:00"
28	79	24	28079024	7	"28079024_7_8"	0.000	"N"	"2026-08-25 00:00:00"
28	79	24	28079024	14	"28079024_14_6"	0.000	"N"	"2026-08-25 00:00:00"
28	79	24	28079024	12	"28079024_12_8"	0.000	"N"	"2026-08-25 00:00:00"
28	79	18	28079018	8	"28079018_8_8"	0.000	"N"	"2026-08-25 00:00:00"
28	79	24	28079024	10	"28079024_10_47"	0.000	"N"	"2026-08-25 00:00:00"
28	79	18	28079018	7	"28079018_7_8"	0.000	"N"	"2026-08-25 00:00:00"
28	79	18	28079018	35	"28079018_35_59"	0.000	"N"	"2026-08-25 00:00:00"
28	79	18	28079018	30	"28079018_30_59"	0.000	"N"	"2026-08-25 00:00:00"
28	79	18	28079018	20	"28079018_20_59"	0.000	"N"	"2026-08-25 00:00:00"
28	79	18	28079018	14	"28079018_14_6"	0.000	"N"	"2026-08-25 00:00:00"
28	79	18	28079018	12	"28079018_12_8"	0.000	"N"	"2026-08-25 00:00:00"
28	79	18	28079018	10	"28079018_10_47"	0.000	"N"	"2026-08-25 00:00:00"
28	79	17	28079017	8	"28079017_8_8"	0.000	"N"	"2026-08-25 00:00:00"
28	79	17	28079017	7	"28079017_7_8"	0.000	"N"	"2026-08-25 00:00:00"
28	79	17	28079017	14	"28079017_14_6"	0.000	"N"	"2026-08-25 00:00:00"
28	79	17	28079017	12	"28079017_12_8"	0.000	"N"	"2026-08-25 00:00:00"
28	79	16	28079016	8	"28079016_8_8"	0.000	"N"	"2026-08-25 00:00:00"
28	79	16	28079016	7	"28079016_7_8"	0.000	"N"	"2026-08-25 00:00:00"
28	79	16	28079016	14	"28079016_14_6"	0.000	"N"	"2026-08-25 00:00:00"
28	79	16	28079016	12	"28079016_12_8"	0.000	"N"	"2026-08-25 00:00:00"
28	79	11	28079011	8	"28079011_8_8"	0.000	"N"	"2026-08-25 00:00:00"
28	79	11	28079011	7	"28079011_7_8"	0.000	"N"	"2026-08-25 00:00:00"
28	79	11	28079011	12	"28079011_12_8"	0.000	"N"	"2026-08-25 00:00:00"